source,target,type,description,source_urls,confidence,evidence_kind,needs_review,review_notes
080uuzcs,x,affiliation,Profile links point to X.,https://x.com/080uuzcs,0.86,fact,True,Auto-collected from a public X profile. Review generated bio and pinned-post hints. Profile HTML did not expose a pinned-post URL; configure pinned_post_url in data/x_profile_sources.json to attach a generated pinned-post hint. Authenticated X following collection was requested but skipped: Authenticated following page redirected to X login.
11goacemenc,x,affiliation,Profile links point to X.,https://x.com/11goacemenc,0.86,fact,True,Auto-collected from a public X profile. Review generated bio and pinned-post hints. Profile HTML did not expose a pinned-post URL; configure pinned_post_url in data/x_profile_sources.json to attach a generated pinned-post hint. Authenticated X following collection was requested but skipped: Authenticated following page redirected to X login.
17go-pua,x,affiliation,Profile links point to X.,https://x.com/17go_pua,0.86,fact,True,Auto-collected from a public X profile. Review generated bio and pinned-post hints. Profile HTML did not expose a pinned-post URL; configure pinned_post_url in data/x_profile_sources.json to attach a generated pinned-post hint. Authenticated X following collection was requested but skipped: Authenticated following page redirected to X login.
1tensaipua1,x,affiliation,Profile links point to X.,https://x.com/1tensaipua1,0.86,fact,True,Auto-collected from a public X profile. Review generated bio and pinned-post hints. Profile HTML did not expose a pinned-post URL; configure pinned_post_url in data/x_profile_sources.json to attach a generated pinned-post hint. Authenticated X following collection was requested but skipped: Authenticated following page redirected to X login.
1x5r7zr6nufyswr,x,affiliation,Profile links point to X.,https://x.com/1X5r7ZR6nuFySWr,0.86,fact,True,Auto-collected from a public X profile. Review generated bio and pinned-post hints. Profile HTML did not expose a pinned-post URL; configure pinned_post_url in data/x_profile_sources.json to attach a generated pinned-post hint. Authenticated X following collection was requested but skipped: Authenticated following page redirected to X login.
2-me-5,x,affiliation,Profile links point to X.,https://x.com/2_me_5,0.86,fact,True,Auto-collected from a public X profile. Review generated bio and pinned-post hints. Profile HTML did not expose a pinned-post URL; configure pinned_post_url in data/x_profile_sources.json to attach a generated pinned-post hint. Authenticated X following collection was requested but skipped: Authenticated following page redirected to X login.
21doragon-pua,x,affiliation,Profile links point to X.,https://x.com/21doragon_pua,0.86,fact,True,Auto-collected from a public X profile. Review generated bio and pinned-post hints. Profile HTML did not expose a pinned-post URL; configure pinned_post_url in data/x_profile_sources.json to attach a generated pinned-post hint. Authenticated X following collection was requested but skipped: Authenticated following page redirected to X login.
25basabe,x,affiliation,Profile links point to X.,https://x.com/25basabe,0.86,fact,True,Auto-collected from a public X profile. Review generated bio and pinned-post hints. Profile HTML did not expose a pinned-post URL; configure pinned_post_url in data/x_profile_sources.json to attach a generated pinned-post hint. Authenticated X following collection was requested but skipped: Authenticated following page redirected to X login.
2gf3rchgar32924,x,affiliation,Profile links point to X.,https://x.com/2GF3RChgAr32924,0.86,fact,True,Auto-collected from a public X profile. Review generated bio and pinned-post hints. Profile HTML did not expose a pinned-post URL; configure pinned_post_url in data/x_profile_sources.json to attach a generated pinned-post hint. Authenticated X following collection was requested but skipped: Authenticated following page redirected to X login.
4meakg,x,affiliation,Profile links point to X.,https://x.com/4meakg,0.86,fact,True,Auto-collected from a public X profile. Review generated bio and pinned-post hints. Profile HTML did not expose a pinned-post URL; configure pinned_post_url in data/x_profile_sources.json to attach a generated pinned-post hint. Authenticated X following collection was requested but skipped: Authenticated following page redirected to X login.
4meakg,kimu-himitsu2,affiliation,Public X profile explicitly links @kimu__himitsu2 as the related sub account after repeated freezes.,https://x.com/4meakg,0.72,fact,False,Auto-collected from a public X profile. Review generated bio and pinned-post hints. Profile HTML did not expose a pinned-post URL; configure pinned_post_url in data/x_profile_sources.json to attach a generated pinned-post hint. Authenticated X following collection was requested but skipped: Authenticated following page redirected to X login.
4meakg,tokyo-stonan-kai,affiliation,Public X profile explicitly says this account belongs to 東京ストナン会 for street-only pickup activity.,https://x.com/4meakg,0.82,fact,False,Auto-collected from a public X profile. Review generated bio and pinned-post hints. Profile HTML did not expose a pinned-post URL; configure pinned_post_url in data/x_profile_sources.json to attach a generated pinned-post hint. Authenticated X following collection was requested but skipped: Authenticated following page redirected to X login.
5sato-pua,x,affiliation,Profile links point to X.,https://x.com/5sato_pua,0.86,fact,True,Auto-collected from a public X profile. Review generated bio and pinned-post hints. Profile HTML did not expose a pinned-post URL; configure pinned_post_url in data/x_profile_sources.json to attach a generated pinned-post hint. Authenticated X following collection was requested but skipped: Authenticated following page redirected to X login.
5sato-pua,note,affiliation,Profile links point to note.,https://x.com/5sato_pua | https://note.com/nemunemu_neet,0.86,fact,True,Auto-collected from a public X profile. Review generated bio and pinned-post hints. Profile HTML did not expose a pinned-post URL; configure pinned_post_url in data/x_profile_sources.json to attach a generated pinned-post hint. Authenticated X following collection was requested but skipped: Authenticated following page redirected to X login.
5sato-pua,sato-legend,affiliation,Public X profile explicitly links @sato_legend as a related account.,https://x.com/5sato_pua | https://note.com/nemunemu_neet,0.72,fact,False,Auto-collected from a public X profile. Review generated bio and pinned-post hints. Profile HTML did not expose a pinned-post URL; configure pinned_post_url in data/x_profile_sources.json to attach a generated pinned-post hint. Authenticated X following collection was requested but skipped: Authenticated following page redirected to X login.
aizen-pua,x,affiliation,Profile links point to X.,https://x.com/aizen_pua,0.86,fact,True,Auto-collected from a public X profile. Review generated bio and pinned-post hints. Profile HTML did not expose a pinned-post URL; configure pinned_post_url in data/x_profile_sources.json to attach a generated pinned-post hint. Authenticated X following collection was requested but skipped: Authenticated following page redirected to X login.
aizen-pua,aizen-puasub,affiliation,Public X profile explicitly links @aizen_puasub as the side account.,https://x.com/aizen_pua,0.72,fact,False,Auto-collected from a public X profile. Review generated bio and pinned-post hints. Profile HTML did not expose a pinned-post URL; configure pinned_post_url in data/x_profile_sources.json to attach a generated pinned-post hint. Authenticated X following collection was requested but skipped: Authenticated following page redirected to X login.
aizen-pua,nami-pua,affiliation,Public X profile explicitly identifies @nami__pua as this account's partner account.,https://x.com/aizen_pua,0.68,mixed,False,Auto-collected from a public X profile. Review generated bio and pinned-post hints. Profile HTML did not expose a pinned-post URL; configure pinned_post_url in data/x_profile_sources.json to attach a generated pinned-post hint. Authenticated X following collection was requested but skipped: Authenticated following page redirected to X login.
aizen-pua,bossnn-pua,influence,Public X profile explicitly identifies @bossnn_pua as this account's disciple.,https://x.com/aizen_pua,0.74,fact,False,Auto-collected from a public X profile. Review generated bio and pinned-post hints. Profile HTML did not expose a pinned-post URL; configure pinned_post_url in data/x_profile_sources.json to attach a generated pinned-post hint. Authenticated X following collection was requested but skipped: Authenticated following page redirected to X login.
aizen-puasub,x,affiliation,Profile links point to X.,https://x.com/aizen_puasub,0.86,fact,True,Auto-collected from a public X profile. Review generated bio and pinned-post hints. Profile HTML did not expose a pinned-post URL; configure pinned_post_url in data/x_profile_sources.json to attach a generated pinned-post hint. Authenticated X following collection was requested but skipped: Authenticated following page redirected to X login.
aizen-puasub,aizen-pua,affiliation,Public X profile explicitly links @aizen_pua as the main account.,https://x.com/aizen_puasub,0.72,fact,False,Auto-collected from a public X profile. Review generated bio and pinned-post hints. Profile HTML did not expose a pinned-post URL; configure pinned_post_url in data/x_profile_sources.json to attach a generated pinned-post hint. Authenticated X following collection was requested but skipped: Authenticated following page redirected to X login.
ak1-pua,x,affiliation,Profile links point to X.,https://x.com/ak1_pua,0.86,fact,True,Auto-collected from a public X profile. Review generated bio and pinned-post hints. Profile HTML did not expose a pinned-post URL; configure pinned_post_url in data/x_profile_sources.json to attach a generated pinned-post hint. Authenticated X following collection was requested but skipped: Authenticated following page redirected to X login.
akagi-subpua,x,affiliation,Profile links point to X.,https://x.com/akagi_subpua,0.86,fact,True,Auto-collected from a public X profile. Review generated bio and pinned-post hints. Profile HTML did not expose a pinned-post URL; configure pinned_post_url in data/x_profile_sources.json to attach a generated pinned-post hint. Authenticated X following collection was requested but skipped: Authenticated following page redirected to X login.
ale-puapua,x,affiliation,Profile links point to X.,https://x.com/ale_puapua,0.86,fact,True,Auto-collected from a public X profile. Review generated bio and pinned-post hints. Profile HTML did not expose a pinned-post URL; configure pinned_post_url in data/x_profile_sources.json to attach a generated pinned-post hint. Authenticated X following collection was requested but skipped: Authenticated following page redirected to X login.
allen-pua,x,affiliation,Profile links point to X.,https://x.com/allen_pua_,0.86,fact,True,Auto-collected from a public X profile. Review generated bio and pinned-post hints. Profile HTML did not expose a pinned-post URL; configure pinned_post_url in data/x_profile_sources.json to attach a generated pinned-post hint. Authenticated X following collection was requested but skipped: Authenticated following page redirected to X login.
alpha-nanpa,x,affiliation,Profile links point to X.,https://x.com/alpha_nanpa,0.86,fact,True,Auto-collected from a public X profile. Review generated bio and pinned-post hints. Profile HTML did not expose a pinned-post URL; configure pinned_post_url in data/x_profile_sources.json to attach a generated pinned-post hint. Authenticated X following collection was requested but skipped: Authenticated following page redirected to X login.
alpha-nanpa,youtube,affiliation,Profile links point to YouTube.,https://x.com/alpha_nanpa | https://www.youtube.com/c/alpha_nanpa,0.86,fact,True,Auto-collected from a public X profile. Review generated bio and pinned-post hints. Profile HTML did not expose a pinned-post URL; configure pinned_post_url in data/x_profile_sources.json to attach a generated pinned-post hint. Authenticated X following collection was requested but skipped: Authenticated following page redirected to X login.
amekundayo,x,affiliation,Profile links point to X.,https://x.com/amekundayo_,0.86,fact,True,Auto-collected from a public X profile. Review generated bio and pinned-post hints. Profile HTML did not expose a pinned-post URL; configure pinned_post_url in data/x_profile_sources.json to attach a generated pinned-post hint. Authenticated X following collection was requested but skipped: Authenticated following page redirected to X login.
ami-t1010,x,affiliation,Profile links point to X.,https://x.com/ami__t1010,0.86,fact,True,Auto-collected from a public X profile. Review generated bio and pinned-post hints. Profile HTML did not expose a pinned-post URL; configure pinned_post_url in data/x_profile_sources.json to attach a generated pinned-post hint. Authenticated X following collection was requested but skipped: Authenticated following page redirected to X login.
anshin-pua,x,affiliation,Profile links point to X.,https://x.com/anshin__pua,0.86,fact,True,Auto-collected from a public X profile. Review generated bio and pinned-post hints. Profile HTML did not expose a pinned-post URL; configure pinned_post_url in data/x_profile_sources.json to attach a generated pinned-post hint. Authenticated X following collection was requested but skipped: Authenticated following page redirected to X login.
anshin-pua,kansai,activity,Public X profile explicitly lists Kansai as this account's activity region.,https://x.com/anshin__pua,0.68,fact,False,Auto-collected from a public X profile. Review generated bio and pinned-post hints. Profile HTML did not expose a pinned-post URL; configure pinned_post_url in data/x_profile_sources.json to attach a generated pinned-post hint. Authenticated X following collection was requested but skipped: Authenticated following page redirected to X login.
anus-asterisk,x,affiliation,Profile links point to X.,https://x.com/anus_asterisk,0.86,fact,True,Auto-collected from a public X profile. Review generated bio and pinned-post hints. Profile HTML did not expose a pinned-post URL; configure pinned_post_url in data/x_profile_sources.json to attach a generated pinned-post hint. Authenticated X following collection was requested but skipped: Authenticated following page redirected to X login.
anus-pua,x,affiliation,Profile links point to X.,https://x.com/anus_pua,0.86,fact,True,Auto-collected from a public X profile. Review generated bio and pinned-post hints. Profile HTML did not expose a pinned-post URL; configure pinned_post_url in data/x_profile_sources.json to attach a generated pinned-post hint. Authenticated X following collection was requested but skipped: Authenticated following page redirected to X login.
ao-nampa,x,affiliation,Profile links point to X.,https://x.com/ao_nampa,0.86,fact,True,Auto-collected from a public X profile. Review generated bio and pinned-post hints. Profile HTML did not expose a pinned-post URL; configure pinned_post_url in data/x_profile_sources.json to attach a generated pinned-post hint. Authenticated X following collection was requested but skipped: Authenticated following page redirected to X login.
ao-pua,x,affiliation,Profile links point to X.,https://x.com/ao_pua,0.86,fact,True,Auto-collected from a public X profile. Review generated bio and pinned-post hints. Profile HTML did not expose a pinned-post URL; configure pinned_post_url in data/x_profile_sources.json to attach a generated pinned-post hint. Authenticated X following collection was requested but skipped: Authenticated following page redirected to X login.
araaraara-122,x,affiliation,Profile links point to X.,https://x.com/araaraara_122,0.86,fact,True,Auto-collected from a public X profile. Review generated bio and pinned-post hints. Profile HTML did not expose a pinned-post URL; configure pinned_post_url in data/x_profile_sources.json to attach a generated pinned-post hint. Authenticated X following collection was requested but skipped: Authenticated following page redirected to X login.
araba-1010,x,affiliation,Profile links point to X.,https://x.com/araba_1010,0.86,fact,True,Auto-collected from a public X profile. Review generated bio and pinned-post hints. Profile HTML did not expose a pinned-post URL; configure pinned_post_url in data/x_profile_sources.json to attach a generated pinned-post hint. Authenticated X following collection was requested but skipped: Authenticated following page redirected to X login.
arrester-pua,x,affiliation,Profile links point to X.,https://x.com/arrester_pua,0.86,fact,True,Auto-collected from a public X profile. Review generated bio and pinned-post hints. Profile HTML did not expose a pinned-post URL; configure pinned_post_url in data/x_profile_sources.json to attach a generated pinned-post hint. Authenticated X following collection was requested but skipped: Authenticated following page redirected to X login.
asahi-sao-pua,x,affiliation,Profile links point to X.,https://x.com/asahi_sao_pua,0.86,fact,True,Auto-collected from a public X profile. Review generated bio and pinned-post hints. Profile HTML did not expose a pinned-post URL; configure pinned_post_url in data/x_profile_sources.json to attach a generated pinned-post hint. Authenticated X following collection was requested but skipped: Authenticated following page redirected to X login.
asahilove77,x,affiliation,Profile links point to X.,https://x.com/asahilove77,0.86,fact,True,Auto-collected from a public X profile. Review generated bio and pinned-post hints. Profile HTML did not expose a pinned-post URL; configure pinned_post_url in data/x_profile_sources.json to attach a generated pinned-post hint. Authenticated X following collection was requested but skipped: Authenticated following page redirected to X login.
asahilove77,yutty-pua,influence,Public X profile explicitly identifies this account as a Yutty long-term course student.,https://x.com/asahilove77,0.74,fact,False,Auto-collected from a public X profile. Review generated bio and pinned-post hints. Profile HTML did not expose a pinned-post URL; configure pinned_post_url in data/x_profile_sources.json to attach a generated pinned-post hint. Authenticated X following collection was requested but skipped: Authenticated following page redirected to X login.
asai-pua,x,affiliation,Profile links point to X.,https://x.com/asai_pua,0.86,fact,True,Auto-collected from a public X profile. Review generated bio and pinned-post hints. Profile HTML did not expose a pinned-post URL; configure pinned_post_url in data/x_profile_sources.json to attach a generated pinned-post hint. Authenticated X following collection was requested but skipped: Authenticated following page redirected to X login.
ashikaga-street,x,affiliation,Profile links point to X.,https://x.com/ashikaga_street,0.86,fact,True,Auto-collected from a public X profile. Review generated bio and pinned-post hints. Profile HTML did not expose a pinned-post URL; configure pinned_post_url in data/x_profile_sources.json to attach a generated pinned-post hint. Authenticated X following collection was requested but skipped: Authenticated following page redirected to X login.
asumi-pua,x,affiliation,Profile links point to X.,https://x.com/asumi_pua,0.86,fact,True,Auto-collected from a public X profile. Review generated bio and pinned-post hints. Profile HTML did not expose a pinned-post URL; configure pinned_post_url in data/x_profile_sources.json to attach a generated pinned-post hint. Authenticated X following collection was requested but skipped: Authenticated following page redirected to X login.
asumi-pua,tokyo-stonan-kai,affiliation,Public X profile uses the #東京ストナン会 hashtag with an @東京ストナン会 display label.,https://x.com/asumi_pua,0.78,fact,False,Auto-collected from a public X profile. Review generated bio and pinned-post hints. Profile HTML did not expose a pinned-post URL; configure pinned_post_url in data/x_profile_sources.json to attach a generated pinned-post hint. Authenticated X following collection was requested but skipped: Authenticated following page redirected to X login.
atannon-nampa,x,affiliation,Profile links point to X.,https://x.com/atannon_nampa,0.86,fact,True,Auto-collected from a public X profile. Review generated bio and pinned-post hints. Profile HTML did not expose a pinned-post URL; configure pinned_post_url in data/x_profile_sources.json to attach a generated pinned-post hint. Authenticated X following collection was requested but skipped: Authenticated following page redirected to X login.
atannon-nampa,note,affiliation,Profile links point to note.,https://x.com/atannon_nampa | https://note.com/peben/n/n020d213fe82e,0.86,fact,True,Auto-collected from a public X profile. Review generated bio and pinned-post hints. Profile HTML did not expose a pinned-post URL; configure pinned_post_url in data/x_profile_sources.json to attach a generated pinned-post hint. Authenticated X following collection was requested but skipped: Authenticated following page redirected to X login.
atannon-sabu,x,affiliation,Profile links point to X.,https://x.com/atannon_sabu,0.86,fact,True,Auto-collected from a public X profile. Review generated bio and pinned-post hints. Profile HTML did not expose a pinned-post URL; configure pinned_post_url in data/x_profile_sources.json to attach a generated pinned-post hint. Authenticated X following collection was requested but skipped: Authenticated following page redirected to X login.
atari100pua,x,affiliation,Profile links point to X.,https://x.com/atari100pua,0.86,fact,True,Auto-collected from a public X profile. Review generated bio and pinned-post hints. Profile HTML did not expose a pinned-post URL; configure pinned_post_url in data/x_profile_sources.json to attach a generated pinned-post hint. Authenticated X following collection was requested but skipped: Authenticated following page redirected to X login.
atari100pua,note,affiliation,Profile links point to note.,https://x.com/atari100pua | https://note.com/ataru969,0.86,fact,True,Auto-collected from a public X profile. Review generated bio and pinned-post hints. Profile HTML did not expose a pinned-post URL; configure pinned_post_url in data/x_profile_sources.json to attach a generated pinned-post hint. Authenticated X following collection was requested but skipped: Authenticated following page redirected to X login.
ataru969,x,affiliation,Profile links point to X.,https://x.com/ataru969,0.86,fact,True,Auto-collected from a public X profile. Review generated bio and pinned-post hints. Profile HTML did not expose a pinned-post URL; configure pinned_post_url in data/x_profile_sources.json to attach a generated pinned-post hint. Authenticated X following collection was requested but skipped: Authenticated following page redirected to X login.
ayase-mbh,x,affiliation,Profile links point to X.,https://x.com/ayase_mbh,0.86,fact,True,Auto-collected from a public X profile. Review generated bio and pinned-post hints. Profile HTML did not expose a pinned-post URL; configure pinned_post_url in data/x_profile_sources.json to attach a generated pinned-post hint. Authenticated X following collection was requested but skipped: Authenticated following page redirected to X login.
ayato-691,x,affiliation,Profile links point to X.,https://x.com/ayato691,0.86,fact,True,Auto-collected from a public X profile. Review generated bio and pinned-post hints. Profile HTML did not expose a pinned-post URL; configure pinned_post_url in data/x_profile_sources.json to attach a generated pinned-post hint. Authenticated X following collection was requested but skipped: Authenticated following page redirected to X login.
babao-wtpf,x,affiliation,Profile links point to X.,https://x.com/wTPf7YVZLLrFiln,0.86,fact,True,Auto-collected from a public X profile. Review generated bio and pinned-post hints. Profile HTML did not expose a pinned-post URL; configure pinned_post_url in data/x_profile_sources.json to attach a generated pinned-post hint. Authenticated X following collection was requested but skipped: Authenticated following page redirected to X login.
bach-sokuhou,x,affiliation,Profile links point to X.,https://x.com/bach_sokuhou,0.86,fact,True,Auto-collected from a public X profile. Review generated bio and pinned-post hints. Profile HTML did not expose a pinned-post URL; configure pinned_post_url in data/x_profile_sources.json to attach a generated pinned-post hint. Authenticated X following collection was requested but skipped: Authenticated following page redirected to X login.
bach-sokuhou,nonchama-pro,profile_mention,"Approved review candidate from summary, profile_text mentioning のんちゃま.",https://x.com/bach_sokuhou,0.4,interpretation,False,"Approved from review candidate bach-sokuhou__nonchama-pro__profile_mention. Original evidence: バッハ福田麻呂@サブ垢 (@bach_sokuhou)
基本顔見知りのみ。即報や即子、そしてスト関係ないこと呟いていきます。 味噌/のんちゃま一門/2024年8月 5即チャレンジ達成/2024味噌Mスト賞/スト100達成/ Approval note: Public X profile explicitly names this group or lesson."
bakunakioji,x,affiliation,Profile links point to X.,https://x.com/bakunakioji,0.86,fact,True,Auto-collected from a public X profile. Review generated bio and pinned-post hints. Profile HTML did not expose a pinned-post URL; configure pinned_post_url in data/x_profile_sources.json to attach a generated pinned-post hint. Authenticated X following collection was requested but skipped: Authenticated following page redirected to X login.
bakunakioji,line,affiliation,Profile links point to LINE.,https://x.com/bakunakioji | https://lin.ee/SmfOEtb,0.86,fact,True,Auto-collected from a public X profile. Review generated bio and pinned-post hints. Profile HTML did not expose a pinned-post URL; configure pinned_post_url in data/x_profile_sources.json to attach a generated pinned-post hint. Authenticated X following collection was requested but skipped: Authenticated following page redirected to X login.
bale-pua,x,affiliation,Profile links point to X.,https://x.com/bale_pua,0.86,fact,True,Auto-collected from a public X profile. Review generated bio and pinned-post hints. Profile HTML did not expose a pinned-post URL; configure pinned_post_url in data/x_profile_sources.json to attach a generated pinned-post hint. Authenticated X following collection was requested but skipped: Authenticated following page redirected to X login.
banabanasan,x,affiliation,Profile links point to X.,https://x.com/banabanasan,0.86,fact,True,Auto-collected from a public X profile. Review generated bio and pinned-post hints. Profile HTML did not expose a pinned-post URL; configure pinned_post_url in data/x_profile_sources.json to attach a generated pinned-post hint. Authenticated X following collection was requested but skipped: Authenticated following page redirected to X login.
bangedaisuki,x,affiliation,Profile links point to X.,https://x.com/bangedaisuki,0.86,fact,True,Auto-collected from a public X profile. Review generated bio and pinned-post hints. Profile HTML did not expose a pinned-post URL; configure pinned_post_url in data/x_profile_sources.json to attach a generated pinned-post hint. Authenticated X following collection was requested but skipped: Authenticated following page redirected to X login.
bantan-pua,x,affiliation,Profile links point to X.,https://x.com/bantan_pua,0.86,fact,True,Auto-collected from a public X profile. Review generated bio and pinned-post hints. Profile HTML did not expose a pinned-post URL; configure pinned_post_url in data/x_profile_sources.json to attach a generated pinned-post hint. Authenticated X following collection was requested but skipped: Authenticated following page redirected to X login.
bcaafish,x,affiliation,Profile links point to X.,https://x.com/bcaafish,0.86,fact,True,Auto-collected from a public X profile. Review generated bio and pinned-post hints. Profile HTML did not expose a pinned-post URL; configure pinned_post_url in data/x_profile_sources.json to attach a generated pinned-post hint. Authenticated X following collection was requested but skipped: Authenticated following page redirected to X login.
be-street-pua,x,affiliation,Profile links point to X.,https://x.com/Be_Street_pua,0.86,fact,True,Auto-collected from a public X profile. Review generated bio and pinned-post hints. Profile HTML did not expose a pinned-post URL; configure pinned_post_url in data/x_profile_sources.json to attach a generated pinned-post hint. Authenticated X following collection was requested but skipped: Authenticated following page redirected to X login.
beat-pro,x,affiliation,Profile links point to X.,https://x.com/982thebeat,0.86,fact,True,Auto-collected from a public X profile. Review generated bio and pinned-post hints. Profile HTML did not expose a pinned-post URL; configure pinned_post_url in data/x_profile_sources.json to attach a generated pinned-post hint. Authenticated X following collection was requested but skipped: Authenticated following page redirected to X login.
beat-pro,ikebukuro,activity,"Approved review candidate from summary, profile_text mentioning 池袋.",https://x.com/982thebeat,0.4,interpretation,False,Approved from review candidate beat-pro__ikebukuro__activity. Approval note: Explicitly stated in the public X profile bio.
beat-pro,shibuya,activity,"Approved review candidate from summary, profile_text mentioning 渋谷.",https://x.com/982thebeat,0.4,interpretation,False,Approved from review candidate beat-pro__shibuya__activity. Approval note: Explicitly stated in the public X profile bio.
beat-pro,shinjuku,activity,"Approved review candidate from summary, profile_text mentioning 新宿.",https://x.com/982thebeat,0.4,interpretation,False,Approved from review candidate beat-pro__shinjuku__activity. Approval note: Explicitly stated in the public X profile bio.
beat-pro,nampa-girl,profile_mention,Public X profile explicitly points to @nampa_girl for videos.,https://x.com/982thebeat,0.72,fact,False,Auto-collected from a public X profile. Review generated bio and pinned-post hints. Profile HTML did not expose a pinned-post URL; configure pinned_post_url in data/x_profile_sources.json to attach a generated pinned-post hint. Authenticated X following collection was requested but skipped: Authenticated following page redirected to X login.
beauty-fucku,x,affiliation,Profile links point to X.,https://x.com/beauty_fucku,0.86,fact,True,Auto-collected from a public X profile. Review generated bio and pinned-post hints. Profile HTML did not expose a pinned-post URL; configure pinned_post_url in data/x_profile_sources.json to attach a generated pinned-post hint. Authenticated X following collection was requested but skipped: Authenticated following page redirected to X login.
betty-boopua,x,affiliation,Profile links point to X.,https://x.com/Betty_boopua,0.86,fact,True,Auto-collected from a public X profile. Review generated bio and pinned-post hints. Profile HTML did not expose a pinned-post URL; configure pinned_post_url in data/x_profile_sources.json to attach a generated pinned-post hint. Authenticated X following collection was requested but skipped: Authenticated following page redirected to X login.
bigbigspkun,x,affiliation,Profile links point to X.,https://x.com/bigbigspkun,0.86,fact,True,Auto-collected from a public X profile. Review generated bio and pinned-post hints. Profile HTML did not expose a pinned-post URL; configure pinned_post_url in data/x_profile_sources.json to attach a generated pinned-post hint. Authenticated X following collection was requested but skipped: Authenticated following page redirected to X login.
bird-pua,x,affiliation,Profile links point to X.,https://x.com/bird_pua,0.86,fact,True,Auto-collected from a public X profile. Review generated bio and pinned-post hints. Profile HTML did not expose a pinned-post URL; configure pinned_post_url in data/x_profile_sources.json to attach a generated pinned-post hint. Authenticated X following collection was requested but skipped: Authenticated following page redirected to X login.
bird-pua,note,affiliation,Profile links point to note.,https://x.com/bird_pua | https://note.com/fsljk_daisuki/all,0.86,fact,True,Auto-collected from a public X profile. Review generated bio and pinned-post hints. Profile HTML did not expose a pinned-post URL; configure pinned_post_url in data/x_profile_sources.json to attach a generated pinned-post hint. Authenticated X following collection was requested but skipped: Authenticated following page redirected to X login.
bluexxxpua,x,affiliation,Profile links point to X.,https://x.com/bluexxxpua,0.86,fact,True,Auto-collected from a public X profile. Review generated bio and pinned-post hints. Profile HTML did not expose a pinned-post URL; configure pinned_post_url in data/x_profile_sources.json to attach a generated pinned-post hint. Authenticated X following collection was requested but skipped: Authenticated following page redirected to X login.
boc-125,x,affiliation,Profile links point to X.,https://x.com/boc_125,0.86,fact,True,Auto-collected from a public X profile. Review generated bio and pinned-post hints. Profile HTML did not expose a pinned-post URL; configure pinned_post_url in data/x_profile_sources.json to attach a generated pinned-post hint. Authenticated X following collection was requested but skipped: Authenticated following page redirected to X login.
bokupaipan,x,affiliation,Profile links point to X.,https://x.com/bokupaipan,0.86,fact,True,Auto-collected from a public X profile. Review generated bio and pinned-post hints. Profile HTML did not expose a pinned-post URL; configure pinned_post_url in data/x_profile_sources.json to attach a generated pinned-post hint. Authenticated X following collection was requested but skipped: Authenticated following page redirected to X login.
bokupaipan,note,affiliation,Profile links point to note.,https://x.com/bokupaipan | https://note.com/romiromi630/n/n6386d781676,0.86,fact,True,Auto-collected from a public X profile. Review generated bio and pinned-post hints. Profile HTML did not expose a pinned-post URL; configure pinned_post_url in data/x_profile_sources.json to attach a generated pinned-post hint. Authenticated X following collection was requested but skipped: Authenticated following page redirected to X login.
bonds-wwww,x,affiliation,Profile links point to X.,https://x.com/Bonds_wwww,0.86,fact,True,Auto-collected from a public X profile. Review generated bio and pinned-post hints. Profile HTML did not expose a pinned-post URL; configure pinned_post_url in data/x_profile_sources.json to attach a generated pinned-post hint. Authenticated X following collection was requested but skipped: Authenticated following page redirected to X login.
bonnoupua2,x,affiliation,Profile links point to X.,https://x.com/bonnoupua2,0.86,fact,True,Auto-collected from a public X profile. Review generated bio and pinned-post hints. Profile HTML did not expose a pinned-post URL; configure pinned_post_url in data/x_profile_sources.json to attach a generated pinned-post hint. Authenticated X following collection was requested but skipped: Authenticated following page redirected to X login.
bossnn-pua,x,affiliation,Profile links point to X.,https://x.com/bossnn_pua,0.86,fact,True,Auto-collected from a public X profile. Review generated bio and pinned-post hints. Profile HTML did not expose a pinned-post URL; configure pinned_post_url in data/x_profile_sources.json to attach a generated pinned-post hint. Authenticated X following collection was requested but skipped: Authenticated following page redirected to X login.
bossnn-pua,aizen-pua,influence,Public X profile explicitly identifies @aizen_pua as this account's teacher.,https://x.com/bossnn_pua,0.74,fact,False,Auto-collected from a public X profile. Review generated bio and pinned-post hints. Profile HTML did not expose a pinned-post URL; configure pinned_post_url in data/x_profile_sources.json to attach a generated pinned-post hint. Authenticated X following collection was requested but skipped: Authenticated following page redirected to X login.
carbii-pua,x,affiliation,Profile links point to X.,https://x.com/carbii_pua,0.86,fact,True,Auto-collected from a public X profile. Review generated bio and pinned-post hints. Profile HTML did not expose a pinned-post URL; configure pinned_post_url in data/x_profile_sources.json to attach a generated pinned-post hint. Authenticated X following collection was requested but skipped: Authenticated following page redirected to X login.
chai-mote,x,affiliation,Profile links point to X.,https://x.com/chai_mote,0.86,fact,True,Auto-collected from a public X profile. Review generated bio and pinned-post hints. Profile HTML did not expose a pinned-post URL; configure pinned_post_url in data/x_profile_sources.json to attach a generated pinned-post hint. Authenticated X following collection was requested but skipped: Authenticated following page redirected to X login.
chai-mote,youtube,affiliation,Profile links point to YouTube.,https://x.com/chai_mote | https://www.youtube.com/@chai_mote,0.86,fact,True,Auto-collected from a public X profile. Review generated bio and pinned-post hints. Profile HTML did not expose a pinned-post URL; configure pinned_post_url in data/x_profile_sources.json to attach a generated pinned-post hint. Authenticated X following collection was requested but skipped: Authenticated following page redirected to X login.
chami-pua,x,affiliation,Profile links point to X.,https://x.com/chami_pua,0.86,fact,True,Auto-collected from a public X profile. Review generated bio and pinned-post hints. Profile HTML did not expose a pinned-post URL; configure pinned_post_url in data/x_profile_sources.json to attach a generated pinned-post hint. Authenticated X following collection was requested but skipped: Authenticated following page redirected to X login.
chamuranaoto,x,affiliation,Profile links point to X.,https://x.com/chamuranaoto,0.86,fact,True,Auto-collected from a public X profile. Review generated bio and pinned-post hints. Profile HTML did not expose a pinned-post URL; configure pinned_post_url in data/x_profile_sources.json to attach a generated pinned-post hint. Authenticated X following collection was requested but skipped: Authenticated following page redirected to X login.
chamuranaoto,pua-co,influence,Public X profile explicitly labels @pua_co as the mentor account.,https://x.com/chamuranaoto,0.74,fact,False,Auto-collected from a public X profile. Review generated bio and pinned-post hints. Profile HTML did not expose a pinned-post URL; configure pinned_post_url in data/x_profile_sources.json to attach a generated pinned-post hint. Authenticated X following collection was requested but skipped: Authenticated following page redirected to X login.
chamuranaoto,tokyo-stonan-kai,affiliation,Public X profile uses the #東京ストナン会 hashtag alongside this account's 東京ストナン会 display label.,https://x.com/chamuranaoto,0.78,fact,False,Auto-collected from a public X profile. Review generated bio and pinned-post hints. Profile HTML did not expose a pinned-post URL; configure pinned_post_url in data/x_profile_sources.json to attach a generated pinned-post hint. Authenticated X following collection was requested but skipped: Authenticated following page redirected to X login.
change-jp,x,affiliation,Profile links point to X.,https://x.com/change_jp,0.86,fact,True,Auto-collected from a public X profile. Review generated bio and pinned-post hints. Profile HTML did not expose a pinned-post URL; configure pinned_post_url in data/x_profile_sources.json to attach a generated pinned-post hint. Authenticated X following collection was requested but skipped: Authenticated following page redirected to X login.
chiba-gqn,x,affiliation,Profile links point to X.,https://x.com/chiba_gqn,0.86,fact,True,Auto-collected from a public X profile. Review generated bio and pinned-post hints. Profile HTML did not expose a pinned-post URL; configure pinned_post_url in data/x_profile_sources.json to attach a generated pinned-post hint. Authenticated X following collection was requested but skipped: Authenticated following page redirected to X login.
chiba-gqn,nanpawars,profile_mention,Public X profile explicitly cites @nanpawars as the source for the account's street technique framing.,https://x.com/chiba_gqn,0.68,fact,False,Auto-collected from a public X profile. Review generated bio and pinned-post hints. Profile HTML did not expose a pinned-post URL; configure pinned_post_url in data/x_profile_sources.json to attach a generated pinned-post hint. Authenticated X following collection was requested but skipped: Authenticated following page redirected to X login.
chikio-nmp,x,affiliation,Profile links point to X.,https://x.com/chikio_NMP,0.86,fact,True,Auto-collected from a public X profile. Review generated bio and pinned-post hints. Profile HTML did not expose a pinned-post URL; configure pinned_post_url in data/x_profile_sources.json to attach a generated pinned-post hint. Authenticated X following collection was requested but skipped: Authenticated following page redirected to X login.
chikyukun-pua,x,affiliation,Profile links point to X.,https://x.com/chikyukun_pua,0.86,fact,True,Auto-collected from a public X profile. Review generated bio and pinned-post hints. Profile HTML did not expose a pinned-post URL; configure pinned_post_url in data/x_profile_sources.json to attach a generated pinned-post hint. Authenticated X following collection was requested but skipped: Authenticated following page redirected to X login.
chinkawa-pua,x,affiliation,Profile links point to X.,https://x.com/chinkawa_pua,0.86,fact,True,Auto-collected from a public X profile. Review generated bio and pinned-post hints. Profile HTML did not expose a pinned-post URL; configure pinned_post_url in data/x_profile_sources.json to attach a generated pinned-post hint. Authenticated X following collection was requested but skipped: Authenticated following page redirected to X login.
chintaifudou3,x,affiliation,Profile links point to X.,https://x.com/chintaifudou3,0.86,fact,True,Auto-collected from a public X profile. Review generated bio and pinned-post hints. Profile HTML did not expose a pinned-post URL; configure pinned_post_url in data/x_profile_sources.json to attach a generated pinned-post hint. Authenticated X following collection was requested but skipped: Authenticated following page redirected to X login.
chiroru-pua,x,affiliation,Profile links point to X.,https://x.com/chiroru_pua_,0.86,fact,True,Auto-collected from a public X profile. Review generated bio and pinned-post hints. Profile HTML did not expose a pinned-post URL; configure pinned_post_url in data/x_profile_sources.json to attach a generated pinned-post hint. Authenticated X following collection was requested but skipped: Authenticated following page redirected to X login.
chiroru-pua-main,x,affiliation,Profile links point to X.,https://x.com/chiroru_pua,0.86,fact,True,Auto-collected from a public X profile. Review generated bio and pinned-post hints. Profile HTML did not expose a pinned-post URL; configure pinned_post_url in data/x_profile_sources.json to attach a generated pinned-post hint. Authenticated X following collection was requested but skipped: Authenticated following page redirected to X login.
chome-chome1919,x,affiliation,Profile links point to X.,https://x.com/chome_chome1919,0.86,fact,True,Auto-collected from a public X profile. Review generated bio and pinned-post hints. Profile HTML did not expose a pinned-post URL; configure pinned_post_url in data/x_profile_sources.json to attach a generated pinned-post hint. Authenticated X following collection was requested but skipped: Authenticated following page redirected to X login.
chomechome-pua,x,affiliation,Profile links point to X.,https://x.com/chomechome_pua,0.86,fact,True,Auto-collected from a public X profile. Review generated bio and pinned-post hints. Profile HTML did not expose a pinned-post URL; configure pinned_post_url in data/x_profile_sources.json to attach a generated pinned-post hint. Authenticated X following collection was requested but skipped: Authenticated following page redirected to X login.
chomechome-pua,note,affiliation,Profile links point to note.,https://x.com/chomechome_pua | https://note.com/chome_chome1919,0.86,fact,True,Auto-collected from a public X profile. Review generated bio and pinned-post hints. Profile HTML did not expose a pinned-post URL; configure pinned_post_url in data/x_profile_sources.json to attach a generated pinned-post hint. Authenticated X following collection was requested but skipped: Authenticated following page redirected to X login.
choppy-nanpa,x,affiliation,Profile links point to X.,https://x.com/choppy_nanpa,0.86,fact,True,Auto-collected from a public X profile. Review generated bio and pinned-post hints. Profile HTML did not expose a pinned-post URL; configure pinned_post_url in data/x_profile_sources.json to attach a generated pinned-post hint. Authenticated X following collection was requested but skipped: Authenticated following page redirected to X login.
choppy-nanpa,kgori-0412,profile_mention,Public X profile explicitly says this account belongs to Kousuke @kgori_0412's community.,https://x.com/choppy_nanpa,0.72,fact,False,Auto-collected from a public X profile. Review generated bio and pinned-post hints. Profile HTML did not expose a pinned-post URL; configure pinned_post_url in data/x_profile_sources.json to attach a generated pinned-post hint. Authenticated X following collection was requested but skipped: Authenticated following page redirected to X login.
chori-pua,x,affiliation,Profile links point to X.,https://x.com/chori_pua,0.86,fact,True,Auto-collected from a public X profile. Review generated bio and pinned-post hints. Profile HTML did not expose a pinned-post URL; configure pinned_post_url in data/x_profile_sources.json to attach a generated pinned-post hint. Authenticated X following collection was requested but skipped: Authenticated following page redirected to X login.
chori-pua,note,affiliation,Profile links point to note.,https://x.com/chori_pua | https://note.com/chori_pua,0.86,fact,True,Auto-collected from a public X profile. Review generated bio and pinned-post hints. Profile HTML did not expose a pinned-post URL; configure pinned_post_url in data/x_profile_sources.json to attach a generated pinned-post hint. Authenticated X following collection was requested but skipped: Authenticated following page redirected to X login.
choumi-pua,x,affiliation,Profile links point to X.,https://x.com/choumi_pua,0.86,fact,True,Auto-collected from a public X profile. Review generated bio and pinned-post hints. Profile HTML did not expose a pinned-post URL; configure pinned_post_url in data/x_profile_sources.json to attach a generated pinned-post hint. Authenticated X following collection was requested but skipped: Authenticated following page redirected to X login.
chouun-pua,x,affiliation,Profile links point to X.,https://x.com/chouun_pua,0.86,fact,True,Auto-collected from a public X profile. Review generated bio and pinned-post hints. Profile HTML did not expose a pinned-post URL; configure pinned_post_url in data/x_profile_sources.json to attach a generated pinned-post hint. Authenticated X following collection was requested but skipped: Authenticated following page redirected to X login.
chouun-pua,tips,affiliation,Profile links point to Tips.,https://x.com/chouun_pua | https://tips.jp/u/chouun_pua/a/ikebukuro_howto_pickup,0.86,fact,True,Auto-collected from a public X profile. Review generated bio and pinned-post hints. Profile HTML did not expose a pinned-post URL; configure pinned_post_url in data/x_profile_sources.json to attach a generated pinned-post hint. Authenticated X following collection was requested but skipped: Authenticated following page redirected to X login.
clark-pua,x,affiliation,Profile links point to X.,https://x.com/clark_pua,0.86,fact,True,Auto-collected from a public X profile. Review generated bio and pinned-post hints. Profile HTML did not expose a pinned-post URL; configure pinned_post_url in data/x_profile_sources.json to attach a generated pinned-post hint. Authenticated X following collection was requested but skipped: Authenticated following page redirected to X login.
clark-pua,juru-pua,affiliation,Public X profile explicitly identifies this account as part of the ジュルマ一門 cluster.,https://x.com/clark_pua,0.68,mixed,False,Auto-collected from a public X profile. Review generated bio and pinned-post hints. Profile HTML did not expose a pinned-post URL; configure pinned_post_url in data/x_profile_sources.json to attach a generated pinned-post hint. Authenticated X following collection was requested but skipped: Authenticated following page redirected to X login.
cx-lm5,x,affiliation,Profile links point to X.,https://x.com/cx_lm5,0.86,fact,True,Auto-collected from a public X profile. Review generated bio and pinned-post hints. Profile HTML did not expose a pinned-post URL; configure pinned_post_url in data/x_profile_sources.json to attach a generated pinned-post hint. Authenticated X following collection was requested but skipped: Authenticated following page redirected to X login.
daigakusei-pua,x,affiliation,Profile links point to X.,https://x.com/daigakusei_pua,0.86,fact,True,Auto-collected from a public X profile. Review generated bio and pinned-post hints. Profile HTML did not expose a pinned-post URL; configure pinned_post_url in data/x_profile_sources.json to attach a generated pinned-post hint. Authenticated X following collection was requested but skipped: Authenticated following page redirected to X login.
daruma-nnp,x,affiliation,Profile links point to X.,https://x.com/daruma_nnp,0.86,fact,True,Auto-collected from a public X profile. Review generated bio and pinned-post hints. Profile HTML did not expose a pinned-post URL; configure pinned_post_url in data/x_profile_sources.json to attach a generated pinned-post hint. Authenticated X following collection was requested but skipped: Authenticated following page redirected to X login.
dawson-nst,x,affiliation,Profile links point to X.,https://x.com/Dawson_nst,0.86,fact,True,Auto-collected from a public X profile. Review generated bio and pinned-post hints. Profile HTML did not expose a pinned-post URL; configure pinned_post_url in data/x_profile_sources.json to attach a generated pinned-post hint. Authenticated X following collection was requested but skipped: Authenticated following page redirected to X login.
dd-mote,x,affiliation,Profile links point to X.,https://x.com/dd_mote,0.86,fact,True,Auto-collected from a public X profile. Review generated bio and pinned-post hints. Profile HTML did not expose a pinned-post URL; configure pinned_post_url in data/x_profile_sources.json to attach a generated pinned-post hint. Authenticated X following collection was requested but skipped: Authenticated following page redirected to X login.
deisui-pua,x,affiliation,Profile links point to X.,https://x.com/deisui_pua,0.86,fact,True,Auto-collected from a public X profile. Review generated bio and pinned-post hints. Profile HTML did not expose a pinned-post URL; configure pinned_post_url in data/x_profile_sources.json to attach a generated pinned-post hint. Authenticated X following collection was requested but skipped: Authenticated following page redirected to X login.
dobukasu123,x,affiliation,Profile links point to X.,https://x.com/dobukasu123,0.86,fact,True,Auto-collected from a public X profile. Review generated bio and pinned-post hints. Profile HTML did not expose a pinned-post URL; configure pinned_post_url in data/x_profile_sources.json to attach a generated pinned-post hint. Authenticated X following collection was requested but skipped: Authenticated following page redirected to X login.
doc-mote,x,affiliation,Profile links point to X.,https://x.com/doc_mote,0.86,fact,True,Auto-collected from a public X profile. Review generated bio and pinned-post hints. Profile HTML did not expose a pinned-post URL; configure pinned_post_url in data/x_profile_sources.json to attach a generated pinned-post hint. Authenticated X following collection was requested but skipped: Authenticated following page redirected to X login.
dogenzaka-pua,x,affiliation,Profile links point to X.,https://x.com/dogenzaka_pua,0.86,fact,True,Auto-collected from a public X profile. Review generated bio and pinned-post hints. Profile HTML did not expose a pinned-post URL; configure pinned_post_url in data/x_profile_sources.json to attach a generated pinned-post hint. Authenticated X following collection was requested but skipped: Authenticated following page redirected to X login.
dogma-pua666,x,affiliation,Profile links point to X.,https://x.com/dogmapua666,0.86,fact,True,Auto-collected from a public X profile. Review generated bio and pinned-post hints. Profile HTML did not expose a pinned-post URL; configure pinned_post_url in data/x_profile_sources.json to attach a generated pinned-post hint. Authenticated X following collection was requested but skipped: Authenticated following page redirected to X login.
doraemon-pua,x,affiliation,Profile links point to X.,https://x.com/doraemon_pua,0.86,fact,True,Auto-collected from a public X profile. Review generated bio and pinned-post hints. Profile HTML did not expose a pinned-post URL; configure pinned_post_url in data/x_profile_sources.json to attach a generated pinned-post hint. Authenticated X following collection was requested but skipped: Authenticated following page redirected to X login.
doraemon-pua,yutty-pua,influence,Public X profile explicitly identifies this account as a Yutty long-term course graduate.,https://x.com/doraemon_pua,0.74,fact,False,Auto-collected from a public X profile. Review generated bio and pinned-post hints. Profile HTML did not expose a pinned-post URL; configure pinned_post_url in data/x_profile_sources.json to attach a generated pinned-post hint. Authenticated X following collection was requested but skipped: Authenticated following page redirected to X login.
doraemon-pua,nonchama-pro,influence,Public X profile explicitly identifies this account as having taken Nonchama's one-off lesson.,https://x.com/doraemon_pua,0.74,fact,False,Auto-collected from a public X profile. Review generated bio and pinned-post hints. Profile HTML did not expose a pinned-post URL; configure pinned_post_url in data/x_profile_sources.json to attach a generated pinned-post hint. Authenticated X following collection was requested but skipped: Authenticated following page redirected to X login.
doronpa-pua,x,affiliation,Profile links point to X.,https://x.com/doronpa_pua,0.86,fact,True,Auto-collected from a public X profile. Review generated bio and pinned-post hints. Profile HTML did not expose a pinned-post URL; configure pinned_post_url in data/x_profile_sources.json to attach a generated pinned-post hint. Authenticated X following collection was requested but skipped: Authenticated following page redirected to X login.
dt-moteo,x,affiliation,Profile links point to X.,https://x.com/dt_moteo,0.86,fact,True,Auto-collected from a public X profile. Review generated bio and pinned-post hints. Profile HTML did not expose a pinned-post URL; configure pinned_post_url in data/x_profile_sources.json to attach a generated pinned-post hint. Authenticated X following collection was requested but skipped: Authenticated following page redirected to X login.
dt-moteo,line,affiliation,Profile links point to LINE.,https://x.com/dt_moteo | https://lin.ee/VfqEBWS,0.86,fact,True,Auto-collected from a public X profile. Review generated bio and pinned-post hints. Profile HTML did not expose a pinned-post URL; configure pinned_post_url in data/x_profile_sources.json to attach a generated pinned-post hint. Authenticated X following collection was requested but skipped: Authenticated following page redirected to X login.
dtnanpa-kazu1,x,affiliation,Profile links point to X.,https://x.com/dtnanpa_kazu1,0.86,fact,True,Auto-collected from a public X profile. Review generated bio and pinned-post hints. Profile HTML did not expose a pinned-post URL; configure pinned_post_url in data/x_profile_sources.json to attach a generated pinned-post hint. Authenticated X following collection was requested but skipped: Authenticated following page redirected to X login.
eb6lx,x,affiliation,Profile links point to X.,https://x.com/eb6lx,0.86,fact,True,Auto-collected from a public X profile. Review generated bio and pinned-post hints. Profile HTML did not expose a pinned-post URL; configure pinned_post_url in data/x_profile_sources.json to attach a generated pinned-post hint. Authenticated X following collection was requested but skipped: Authenticated following page redirected to X login.
ebisu,kanto,affiliation,Ebisu is grouped under the Kanto region cluster for geographic browsing.,manual://seed,0.9,fact,False,
edanosub1,x,affiliation,Profile links point to X.,https://x.com/edanosub1,0.86,fact,True,Auto-collected from a public X profile. Review generated bio and pinned-post hints. Profile HTML did not expose a pinned-post URL; configure pinned_post_url in data/x_profile_sources.json to attach a generated pinned-post hint. Authenticated X following collection was requested but skipped: Authenticated following page redirected to X login.
efu-pua,x,affiliation,Profile links point to X.,https://x.com/efu_pua,0.86,fact,True,Auto-collected from a public X profile. Review generated bio and pinned-post hints. Profile HTML did not expose a pinned-post URL; configure pinned_post_url in data/x_profile_sources.json to attach a generated pinned-post hint. Authenticated X following collection was requested but skipped: Authenticated following page redirected to X login.
efu-pua,tips,affiliation,Profile links point to Tips.,https://x.com/efu_pua | https://tips.jp/s/Lyeexr,0.86,fact,True,Auto-collected from a public X profile. Review generated bio and pinned-post hints. Profile HTML did not expose a pinned-post URL; configure pinned_post_url in data/x_profile_sources.json to attach a generated pinned-post hint. Authenticated X following collection was requested but skipped: Authenticated following page redirected to X login.
elsta,x,affiliation,Profile links point to X.,https://x.com/goda_pua,0.86,fact,False,
emu-pua,x,affiliation,Profile links point to X.,https://x.com/emu_pua,0.86,fact,True,Auto-collected from a public X profile. Review generated bio and pinned-post hints. Profile HTML did not expose a pinned-post URL; configure pinned_post_url in data/x_profile_sources.json to attach a generated pinned-post hint. Authenticated X following collection was requested but skipped: Authenticated following page redirected to X login.
emuchi-pua,x,affiliation,Profile links point to X.,https://x.com/emuchi_pua,0.86,fact,True,Auto-collected from a public X profile. Review generated bio and pinned-post hints. Profile HTML did not expose a pinned-post URL; configure pinned_post_url in data/x_profile_sources.json to attach a generated pinned-post hint. Authenticated X following collection was requested but skipped: Authenticated following page redirected to X login.
emuchi-pua,puro-nampa,affiliation,Public X profile labels @puro_nanpa as the main account connected to this thought-account.,https://x.com/emuchi_pua,0.72,fact,False,Auto-collected from a public X profile. Review generated bio and pinned-post hints. Profile HTML did not expose a pinned-post URL; configure pinned_post_url in data/x_profile_sources.json to attach a generated pinned-post hint. Authenticated X following collection was requested but skipped: Authenticated following page redirected to X login.
endou-dark,x,affiliation,Profile links point to X.,https://x.com/endou_dark,0.86,fact,True,Auto-collected from a public X profile. Review generated bio and pinned-post hints. Profile HTML did not expose a pinned-post URL; configure pinned_post_url in data/x_profile_sources.json to attach a generated pinned-post hint. Authenticated X following collection was requested but skipped: Authenticated following page redirected to X login.
enukun-pua,x,affiliation,Profile links point to X.,https://x.com/enukun_pua,0.86,fact,True,Auto-collected from a public X profile. Review generated bio and pinned-post hints. Profile HTML did not expose a pinned-post URL; configure pinned_post_url in data/x_profile_sources.json to attach a generated pinned-post hint. Authenticated X following collection was requested but skipped: Authenticated following page redirected to X login.
envypua1,x,affiliation,Profile links point to X.,https://x.com/envypua1,0.86,fact,True,Auto-collected from a public X profile. Review generated bio and pinned-post hints. Profile HTML did not expose a pinned-post URL; configure pinned_post_url in data/x_profile_sources.json to attach a generated pinned-post hint. Authenticated X following collection was requested but skipped: Authenticated following page redirected to X login.
eroeromancotin,x,affiliation,Profile links point to X.,https://x.com/eroeromancotin,0.86,fact,True,Auto-collected from a public X profile. Review generated bio and pinned-post hints. Profile HTML did not expose a pinned-post URL; configure pinned_post_url in data/x_profile_sources.json to attach a generated pinned-post hint. Authenticated X following collection was requested but skipped: Authenticated following page redirected to X login.
eroeromancotin,tips,affiliation,Profile links point to Tips.,https://x.com/eroeromancotin | https://tips.jp/u/atsustreet/a/W64n3jI2,0.86,fact,True,Auto-collected from a public X profile. Review generated bio and pinned-post hints. Profile HTML did not expose a pinned-post URL; configure pinned_post_url in data/x_profile_sources.json to attach a generated pinned-post hint. Authenticated X following collection was requested but skipped: Authenticated following page redirected to X login.
etokyojam,x,affiliation,Profile links point to X.,https://x.com/etokyojam,0.86,fact,True,Auto-collected from a public X profile. Review generated bio and pinned-post hints. Profile HTML did not expose a pinned-post URL; configure pinned_post_url in data/x_profile_sources.json to attach a generated pinned-post hint. Authenticated X following collection was requested but skipped: Authenticated following page redirected to X login.
fake-nagase,x,affiliation,Profile links point to X.,https://x.com/fake_nagase,0.86,fact,True,Auto-collected from a public X profile. Review generated bio and pinned-post hints. Profile HTML did not expose a pinned-post URL; configure pinned_post_url in data/x_profile_sources.json to attach a generated pinned-post hint. Authenticated X following collection was requested but skipped: Authenticated following page redirected to X login.
fake-pua,x,affiliation,Profile links point to X.,https://x.com/fake_pua,0.86,fact,True,Auto-collected from a public X profile. Review generated bio and pinned-post hints. Profile HTML did not expose a pinned-post URL; configure pinned_post_url in data/x_profile_sources.json to attach a generated pinned-post hint. Authenticated X following collection was requested but skipped: Authenticated following page redirected to X login.
fami-nanpa,x,affiliation,Profile links point to X.,https://x.com/faminanpa,0.86,fact,True,Auto-collected from a public X profile. Review generated bio and pinned-post hints. Profile HTML did not expose a pinned-post URL; configure pinned_post_url in data/x_profile_sources.json to attach a generated pinned-post hint. Authenticated X following collection was requested but skipped: Authenticated following page redirected to X login.
fami-ver2,x,affiliation,Profile links point to X.,https://x.com/fami_ver2,0.86,fact,True,Auto-collected from a public X profile. Review generated bio and pinned-post hints. Profile HTML did not expose a pinned-post URL; configure pinned_post_url in data/x_profile_sources.json to attach a generated pinned-post hint. Authenticated X following collection was requested but skipped: Authenticated following page redirected to X login.
fami-ver2,street-fami,affiliation,Public X profile explicitly links @street_Fami as a related account.,https://x.com/fami_ver2,0.72,fact,False,Auto-collected from a public X profile. Review generated bio and pinned-post hints. Profile HTML did not expose a pinned-post URL; configure pinned_post_url in data/x_profile_sources.json to attach a generated pinned-post hint. Authenticated X following collection was requested but skipped: Authenticated following page redirected to X login.
feitan-sub,x,affiliation,Profile links point to X.,https://x.com/Feitan_sub,0.86,fact,True,Auto-collected from a public X profile. Review generated bio and pinned-post hints. Profile HTML did not expose a pinned-post URL; configure pinned_post_url in data/x_profile_sources.json to attach a generated pinned-post hint. Authenticated X following collection was requested but skipped: Authenticated following page redirected to X login.
feitan-sub,tips,affiliation,Profile links point to Tips.,https://x.com/Feitan_sub | https://tips.jp/u/Tinder_god/a/0lYtZhbE,0.86,fact,True,Auto-collected from a public X profile. Review generated bio and pinned-post hints. Profile HTML did not expose a pinned-post URL; configure pinned_post_url in data/x_profile_sources.json to attach a generated pinned-post hint. Authenticated X following collection was requested but skipped: Authenticated following page redirected to X login.
feitan-sub,tinder-god,affiliation,Public X profile recommends @Tinder_god_2 as the paired main account.,https://x.com/Feitan_sub | https://tips.jp/u/Tinder_god/a/0lYtZhbE,0.72,fact,False,Auto-collected from a public X profile. Review generated bio and pinned-post hints. Profile HTML did not expose a pinned-post URL; configure pinned_post_url in data/x_profile_sources.json to attach a generated pinned-post hint. Authenticated X following collection was requested but skipped: Authenticated following page redirected to X login.
feitan-sub,matching-apps,activity,Public X profile explicitly says this side account posts about matching-app results.,https://x.com/Feitan_sub | https://tips.jp/u/Tinder_god/a/0lYtZhbE,0.68,fact,False,Auto-collected from a public X profile. Review generated bio and pinned-post hints. Profile HTML did not expose a pinned-post URL; configure pinned_post_url in data/x_profile_sources.json to attach a generated pinned-post hint. Authenticated X following collection was requested but skipped: Authenticated following page redirected to X login.
ffk0772,x,affiliation,Profile links point to X.,https://x.com/FFk0772,0.86,fact,True,Auto-collected from a public X profile. Review generated bio and pinned-post hints. Profile HTML did not expose a pinned-post URL; configure pinned_post_url in data/x_profile_sources.json to attach a generated pinned-post hint. Authenticated X following collection was requested but skipped: Authenticated following page redirected to X login.
ffk0772,youtube,affiliation,Profile links point to YouTube.,https://x.com/FFk0772 | https://www.youtube.com/@ichijo_rin,0.86,fact,True,Auto-collected from a public X profile. Review generated bio and pinned-post hints. Profile HTML did not expose a pinned-post URL; configure pinned_post_url in data/x_profile_sources.json to attach a generated pinned-post hint. Authenticated X following collection was requested but skipped: Authenticated following page redirected to X login.
foy-jibunmigaki,x,affiliation,Profile links point to X.,https://x.com/foy_jibunmigaki,0.86,fact,True,Auto-collected from a public X profile. Review generated bio and pinned-post hints. Profile HTML did not expose a pinned-post URL; configure pinned_post_url in data/x_profile_sources.json to attach a generated pinned-post hint. Authenticated X following collection was requested but skipped: Authenticated following page redirected to X login.
foy-jibunmigaki,note,affiliation,Profile links point to note.,https://x.com/foy_jibunmigaki | https://note.com/foy_jibunmigaki,0.86,fact,True,Auto-collected from a public X profile. Review generated bio and pinned-post hints. Profile HTML did not expose a pinned-post URL; configure pinned_post_url in data/x_profile_sources.json to attach a generated pinned-post hint. Authenticated X following collection was requested but skipped: Authenticated following page redirected to X login.
foy-jikokensan,x,affiliation,Profile links point to X.,https://x.com/foy_jikokensan,0.86,fact,True,Auto-collected from a public X profile. Review generated bio and pinned-post hints. Profile HTML did not expose a pinned-post URL; configure pinned_post_url in data/x_profile_sources.json to attach a generated pinned-post hint. Authenticated X following collection was requested but skipped: Authenticated following page redirected to X login.
foy-jikokensan,note,affiliation,Profile links point to note.,https://x.com/foy_jikokensan | https://note.com/foy_jibunmigaki,0.86,fact,True,Auto-collected from a public X profile. Review generated bio and pinned-post hints. Profile HTML did not expose a pinned-post URL; configure pinned_post_url in data/x_profile_sources.json to attach a generated pinned-post hint. Authenticated X following collection was requested but skipped: Authenticated following page redirected to X login.
foy-jikokensan,foy-jibunmigaki,affiliation,Public X profile explicitly links @foy_jibunmigaki as the main street-nanpa activity account.,https://x.com/foy_jikokensan,0.72,fact,False,Auto-collected from a public X profile. Review generated bio and pinned-post hints. Profile HTML did not expose a pinned-post URL; configure pinned_post_url in data/x_profile_sources.json to attach a generated pinned-post hint. Authenticated X following collection was requested but skipped: Authenticated following page redirected to X login.
fsljk-daisuki,x,affiliation,Profile links point to X.,https://x.com/fsljk_daisuki,0.86,fact,True,Auto-collected from a public X profile. Review generated bio and pinned-post hints. Profile HTML did not expose a pinned-post URL; configure pinned_post_url in data/x_profile_sources.json to attach a generated pinned-post hint. Authenticated X following collection was requested but skipped: Authenticated following page redirected to X login.
fuji-bange,x,affiliation,Profile links point to X.,https://x.com/fuji_bange,0.86,fact,True,Auto-collected from a public X profile. Review generated bio and pinned-post hints. Profile HTML did not expose a pinned-post URL; configure pinned_post_url in data/x_profile_sources.json to attach a generated pinned-post hint. Authenticated X following collection was requested but skipped: Authenticated following page redirected to X login.
fuku-second,x,affiliation,Profile links point to X.,https://x.com/fuku_second,0.86,fact,True,Auto-collected from a public X profile. Review generated bio and pinned-post hints. Profile HTML did not expose a pinned-post URL; configure pinned_post_url in data/x_profile_sources.json to attach a generated pinned-post hint. Authenticated X following collection was requested but skipped: Authenticated following page redirected to X login.
fuku-third,x,affiliation,Profile links point to X.,https://x.com/fuku_third,0.86,fact,True,Auto-collected from a public X profile. Review generated bio and pinned-post hints. Profile HTML did not expose a pinned-post URL; configure pinned_post_url in data/x_profile_sources.json to attach a generated pinned-post hint. Authenticated X following collection was requested but skipped: Authenticated following page redirected to X login.
fuku-third,fuku-second,affiliation,Public X profile explicitly links @fuku_second as the main account behind this side account.,https://x.com/fuku_third,0.72,fact,False,Auto-collected from a public X profile. Review generated bio and pinned-post hints. Profile HTML did not expose a pinned-post URL; configure pinned_post_url in data/x_profile_sources.json to attach a generated pinned-post hint. Authenticated X following collection was requested but skipped: Authenticated following page redirected to X login.
fukunaga-pua,x,affiliation,Profile links point to X.,https://x.com/fukunaga_pua,0.86,fact,True,Auto-collected from a public X profile. Review generated bio and pinned-post hints. Profile HTML did not expose a pinned-post URL; configure pinned_post_url in data/x_profile_sources.json to attach a generated pinned-post hint. Authenticated X following collection was requested but skipped: Authenticated following page redirected to X login.
fukunaga-pua,tips,affiliation,Profile links point to Tips.,https://x.com/fukunaga_pua | https://tips.jp/u/fukunaga/a/tapple_love,0.86,fact,True,Auto-collected from a public X profile. Review generated bio and pinned-post hints. Profile HTML did not expose a pinned-post URL; configure pinned_post_url in data/x_profile_sources.json to attach a generated pinned-post hint. Authenticated X following collection was requested but skipped: Authenticated following page redirected to X login.
futaro-pua,x,affiliation,Profile links point to X.,https://x.com/futaro_pua,0.86,fact,True,Auto-collected from a public X profile. Review generated bio and pinned-post hints. Profile HTML did not expose a pinned-post URL; configure pinned_post_url in data/x_profile_sources.json to attach a generated pinned-post hint. Authenticated X following collection was requested but skipped: Authenticated following page redirected to X login.
futaro-pua,youtube,affiliation,Profile links point to YouTube.,https://x.com/futaro_pua | https://www.youtube.com/@user-futaro_pua,0.86,fact,True,Auto-collected from a public X profile. Review generated bio and pinned-post hints. Profile HTML did not expose a pinned-post URL; configure pinned_post_url in data/x_profile_sources.json to attach a generated pinned-post hint. Authenticated X following collection was requested but skipped: Authenticated following page redirected to X login.
futaro-pua,wing-nampa,influence,Public X profile explicitly says this account completed wing's long-term pickup instruction course.,https://x.com/futaro_pua,0.74,fact,False,Auto-collected from a public X profile. Review generated bio and pinned-post hints. Profile HTML did not expose a pinned-post URL; configure pinned_post_url in data/x_profile_sources.json to attach a generated pinned-post hint. Authenticated X following collection was requested but skipped: Authenticated following page redirected to X login.
future1919,x,affiliation,Profile links point to X.,https://x.com/future1919,0.86,fact,True,Auto-collected from a public X profile. Review generated bio and pinned-post hints. Profile HTML did not expose a pinned-post URL; configure pinned_post_url in data/x_profile_sources.json to attach a generated pinned-post hint. Authenticated X following collection was requested but skipped: Authenticated following page redirected to X login.
gaijiasupeman,x,affiliation,Profile links point to X.,https://x.com/gaijiasupeman,0.86,fact,True,Auto-collected from a public X profile. Review generated bio and pinned-post hints. Profile HTML did not expose a pinned-post URL; configure pinned_post_url in data/x_profile_sources.json to attach a generated pinned-post hint. Authenticated X following collection was requested but skipped: Authenticated following page redirected to X login.
gamupua,x,affiliation,Profile links point to X.,https://x.com/gamupua,0.86,fact,True,Auto-collected from a public X profile. Review generated bio and pinned-post hints. Profile HTML did not expose a pinned-post URL; configure pinned_post_url in data/x_profile_sources.json to attach a generated pinned-post hint. Authenticated X following collection was requested but skipped: Authenticated following page redirected to X login.
gamupua,osaka,activity,Public X profile explicitly says this account is an Osaka pickup artist.,https://x.com/gamupua,0.68,fact,False,Auto-collected from a public X profile. Review generated bio and pinned-post hints. Profile HTML did not expose a pinned-post URL; configure pinned_post_url in data/x_profile_sources.json to attach a generated pinned-post hint. Authenticated X following collection was requested but skipped: Authenticated following page redirected to X login.
garp-pua,x,affiliation,Profile links point to X.,https://x.com/garp_pua,0.86,fact,True,Auto-collected from a public X profile. Review generated bio and pinned-post hints. Profile HTML did not expose a pinned-post URL; configure pinned_post_url in data/x_profile_sources.json to attach a generated pinned-post hint. Authenticated X following collection was requested but skipped: Authenticated following page redirected to X login.
gash01nx,x,affiliation,Profile links point to X.,https://x.com/Gash01NX,0.86,fact,True,Auto-collected from a public X profile. Review generated bio and pinned-post hints. Profile HTML did not expose a pinned-post URL; configure pinned_post_url in data/x_profile_sources.json to attach a generated pinned-post hint. Authenticated X following collection was requested but skipped: Authenticated following page redirected to X login.
gash01nx,note,affiliation,Profile links point to note.,https://x.com/Gash01NX | https://note.com/taka815/n/nbe0096a514f6,0.86,fact,True,Auto-collected from a public X profile. Review generated bio and pinned-post hints. Profile HTML did not expose a pinned-post URL; configure pinned_post_url in data/x_profile_sources.json to attach a generated pinned-post hint. Authenticated X following collection was requested but skipped: Authenticated following page redirected to X login.
gatiikepua,x,affiliation,Profile links point to X.,https://x.com/gatiikepua,0.86,fact,True,Auto-collected from a public X profile. Review generated bio and pinned-post hints. Profile HTML did not expose a pinned-post URL; configure pinned_post_url in data/x_profile_sources.json to attach a generated pinned-post hint. Authenticated X following collection was requested but skipped: Authenticated following page redirected to X login.
gatiikepua,simba-pua,affiliation,Public X profile explicitly recommends @Simba_pua as the related main account.,https://x.com/gatiikepua,0.72,fact,False,Auto-collected from a public X profile. Review generated bio and pinned-post hints. Profile HTML did not expose a pinned-post URL; configure pinned_post_url in data/x_profile_sources.json to attach a generated pinned-post hint. Authenticated X following collection was requested but skipped: Authenticated following page redirected to X login.
genki-japan,x,affiliation,Profile links point to X.,https://x.com/genkiforfun,0.86,fact,True,Auto-collected from a public X profile. Review generated bio and pinned-post hints. Profile HTML did not expose a pinned-post URL; configure pinned_post_url in data/x_profile_sources.json to attach a generated pinned-post hint. Authenticated X following collection was requested but skipped: Authenticated following page redirected to X login.
genki-japan,line,affiliation,Profile links point to LINE.,https://x.com/genkiforfun | https://lin.ee/5CvMOtg,0.86,fact,True,Auto-collected from a public X profile. Review generated bio and pinned-post hints. Profile HTML did not expose a pinned-post URL; configure pinned_post_url in data/x_profile_sources.json to attach a generated pinned-post hint. Authenticated X following collection was requested but skipped: Authenticated following page redirected to X login.
genki-japan,london,activity,"Approved review candidate from summary, profile_text mentioning ロンドン.",https://x.com/genkiforfun | https://lin.ee/5CvMOtg,0.4,interpretation,False,Approved from review candidate genki-japan__london__activity. Approval note: Explicitly stated in the public X profile bio.
genki-japan,youtube,affiliation,Public X profile bio says this account has been publishing on YouTube for seven years.,https://x.com/genkiforfun,0.66,fact,False,Auto-collected from a public X profile. Review generated bio and pinned-post hints. Profile HTML did not expose a pinned-post URL; configure pinned_post_url in data/x_profile_sources.json to attach a generated pinned-post hint. Authenticated X following collection was requested but skipped: Authenticated following page redirected to X login.
gintoki-street,x,affiliation,Profile links point to X.,https://x.com/gintoki_street,0.86,fact,True,Auto-collected from a public X profile. Review generated bio and pinned-post hints. Profile HTML did not expose a pinned-post URL; configure pinned_post_url in data/x_profile_sources.json to attach a generated pinned-post hint. Authenticated X following collection was requested but skipped: Authenticated following page redirected to X login.
gintoki-street,minigola-street,affiliation,Public X profile explicitly links @minigola_street as the related side account.,https://x.com/gintoki_street,0.72,fact,False,Auto-collected from a public X profile. Review generated bio and pinned-post hints. Profile HTML did not expose a pinned-post URL; configure pinned_post_url in data/x_profile_sources.json to attach a generated pinned-post hint. Authenticated X following collection was requested but skipped: Authenticated following page redirected to X login.
girl-pua,x,affiliation,Profile links point to X.,https://x.com/girl_pua,0.86,fact,True,Auto-collected from a public X profile. Review generated bio and pinned-post hints. Profile HTML did not expose a pinned-post URL; configure pinned_post_url in data/x_profile_sources.json to attach a generated pinned-post hint. Authenticated X following collection was requested but skipped: Authenticated following page redirected to X login.
gmks-world,x,affiliation,Profile links point to X.,https://x.com/gmks_World,0.86,fact,True,Auto-collected from a public X profile. Review generated bio and pinned-post hints. Profile HTML did not expose a pinned-post URL; configure pinned_post_url in data/x_profile_sources.json to attach a generated pinned-post hint. Authenticated X following collection was requested but skipped: Authenticated following page redirected to X login.
goda-pua,x,affiliation,Profile links point to X.,https://x.com/goda_pua,0.86,fact,True,Auto-collected from a public X profile. Review generated bio and pinned-post hints. Profile HTML did not expose a pinned-post URL; configure pinned_post_url in data/x_profile_sources.json to attach a generated pinned-post hint. Authenticated X following collection was requested but skipped: Authenticated following page redirected to X login.
goda-pua,elsta,affiliation,Public X profile explicitly lists えるスタ among this account's current communities.,https://x.com/goda_pua,0.74,fact,False,Auto-collected from a public X profile. Review generated bio and pinned-post hints. Profile HTML did not expose a pinned-post URL; configure pinned_post_url in data/x_profile_sources.json to attach a generated pinned-post hint. Authenticated X following collection was requested but skipped: Authenticated following page redirected to X login.
gogo-nishino,x,affiliation,Profile links point to X.,https://x.com/gogo_nishino,0.86,fact,True,Auto-collected from a public X profile. Review generated bio and pinned-post hints. Profile HTML did not expose a pinned-post URL; configure pinned_post_url in data/x_profile_sources.json to attach a generated pinned-post hint. Authenticated X following collection was requested but skipped: Authenticated following page redirected to X login.
gogo-nishino,tips,affiliation,Profile links point to Tips.,https://x.com/gogo_nishino | https://tips.jp/u/gogo_nishino/p/3xDNqnSP,0.86,fact,True,Auto-collected from a public X profile. Review generated bio and pinned-post hints. Profile HTML did not expose a pinned-post URL; configure pinned_post_url in data/x_profile_sources.json to attach a generated pinned-post hint. Authenticated X following collection was requested but skipped: Authenticated following page redirected to X login.
gokun-pua,x,affiliation,Profile links point to X.,https://x.com/GOKUN_pua,0.86,fact,True,Auto-collected from a public X profile. Review generated bio and pinned-post hints. Profile HTML did not expose a pinned-post URL; configure pinned_post_url in data/x_profile_sources.json to attach a generated pinned-post hint. Authenticated X following collection was requested but skipped: Authenticated following page redirected to X login.
gokun-pua,kurita-pua,affiliation,Public X profile explicitly identifies 栗田 as the real-life friend behind this KRT profile.,https://x.com/GOKUN_pua,0.68,mixed,False,Auto-collected from a public X profile. Review generated bio and pinned-post hints. Profile HTML did not expose a pinned-post URL; configure pinned_post_url in data/x_profile_sources.json to attach a generated pinned-post hint. Authenticated X following collection was requested but skipped: Authenticated following page redirected to X login.
gokurakuin69,x,affiliation,Profile links point to X.,https://x.com/gokurakuin69,0.86,fact,True,Auto-collected from a public X profile. Review generated bio and pinned-post hints. Profile HTML did not expose a pinned-post URL; configure pinned_post_url in data/x_profile_sources.json to attach a generated pinned-post hint. Authenticated X following collection was requested but skipped: Authenticated following page redirected to X login.
gorogoro-street,x,affiliation,Profile links point to X.,https://x.com/gorogoro_street,0.86,fact,True,Auto-collected from a public X profile. Review generated bio and pinned-post hints. Profile HTML did not expose a pinned-post URL; configure pinned_post_url in data/x_profile_sources.json to attach a generated pinned-post hint. Authenticated X following collection was requested but skipped: Authenticated following page redirected to X login.
gorubakki-pua,x,affiliation,Profile links point to X.,https://x.com/gorubakki_pua,0.86,fact,True,Auto-collected from a public X profile. Review generated bio and pinned-post hints. Profile HTML did not expose a pinned-post URL; configure pinned_post_url in data/x_profile_sources.json to attach a generated pinned-post hint. Authenticated X following collection was requested but skipped: Authenticated following page redirected to X login.
gotokyo-shibuya-guide,x,affiliation,Profile links point to X.,https://www.gotokyo.org/en/destinations/western-tokyo/shibuya/index.html | https://twitter.com/share?url=https://www.gotokyo.org/en/&text=The%20Official%20Tokyo%20Guide&hashtags=gotokyo,0.86,fact,True,Auto-collected from a public page. Review before relying on inferred meaning.
gotokyo-shibuya-guide,shibuya,profile_mention,"Approved review candidate from summary, profile_text mentioning Shibuya.",https://www.gotokyo.org/en/destinations/western-tokyo/shibuya/index.html | https://twitter.com/share?url=https://www.gotokyo.org/en/&text=The%20Official%20Tokyo%20Guide&hashtags=gotokyo,0.4,interpretation,False,Approved from review candidate gotokyo-shibuya-guide__shibuya__reference. Original evidence: Shibuya - the epicenter of modern Japanese culture. Approval note: Reviewed from the official GO TOKYO Shibuya guide page.
gotokyo-shinjuku-guide,x,affiliation,Profile links point to X.,https://www.gotokyo.org/en/destinations/western-tokyo/shinjuku/index.html | https://twitter.com/share?url=https://www.gotokyo.org/en/&text=The%20Official%20Tokyo%20Guide&hashtags=gotokyo,0.86,fact,True,Auto-collected from a public page. Review before relying on inferred meaning.
gotokyo-shinjuku-guide,shinjuku,profile_mention,"Approved review candidate from summary, profile_text mentioning Shinjuku.",https://www.gotokyo.org/en/destinations/western-tokyo/shinjuku/index.html | https://twitter.com/share?url=https://www.gotokyo.org/en/&text=The%20Official%20Tokyo%20Guide&hashtags=gotokyo,0.4,interpretation,False,Approved from review candidate gotokyo-shinjuku-guide__shinjuku__reference. Original evidence: A guide to Shinjuku - things to do and places to go. Approval note: Reviewed from the official GO TOKYO Shinjuku guide page.
greed-pua,x,affiliation,Profile links point to X.,https://x.com/greed_pua,0.86,fact,True,Auto-collected from a public X profile. Review generated bio and pinned-post hints. Profile HTML did not expose a pinned-post URL; configure pinned_post_url in data/x_profile_sources.json to attach a generated pinned-post hint. Authenticated X following collection was requested but skipped: Authenticated following page redirected to X login.
greed-pua,greed-pua-sub,affiliation,Public X profile explicitly links @greed_pua_sub as a related account.,https://x.com/greed_pua,0.72,fact,False,Auto-collected from a public X profile. Review generated bio and pinned-post hints. Profile HTML did not expose a pinned-post URL; configure pinned_post_url in data/x_profile_sources.json to attach a generated pinned-post hint. Authenticated X following collection was requested but skipped: Authenticated following page redirected to X login.
greed-pua-sub,x,affiliation,Profile links point to X.,https://x.com/greed_pua_sub,0.86,fact,True,Auto-collected from a public X profile. Review generated bio and pinned-post hints. Profile HTML did not expose a pinned-post URL; configure pinned_post_url in data/x_profile_sources.json to attach a generated pinned-post hint. Authenticated X following collection was requested but skipped: Authenticated following page redirected to X login.
greed-pua-sub,greed-pua,affiliation,Public X profile explicitly links @greed_pua as a related account.,https://x.com/greed_pua_sub,0.72,fact,False,Auto-collected from a public X profile. Review generated bio and pinned-post hints. Profile HTML did not expose a pinned-post URL; configure pinned_post_url in data/x_profile_sources.json to attach a generated pinned-post hint. Authenticated X following collection was requested but skipped: Authenticated following page redirected to X login.
gupy-pua,x,affiliation,Profile links point to X.,https://x.com/gupy_pua,0.86,fact,True,Auto-collected from a public X profile. Review generated bio and pinned-post hints. Profile HTML did not expose a pinned-post URL; configure pinned_post_url in data/x_profile_sources.json to attach a generated pinned-post hint. Authenticated X following collection was requested but skipped: Authenticated following page redirected to X login.
gureran-m,x,affiliation,Profile links point to X.,https://x.com/gureran_m,0.86,fact,True,Auto-collected from a public X profile. Review generated bio and pinned-post hints. Profile HTML did not expose a pinned-post URL; configure pinned_post_url in data/x_profile_sources.json to attach a generated pinned-post hint. Authenticated X following collection was requested but skipped: Authenticated following page redirected to X login.
gureran-m3,x,affiliation,Profile links point to X.,https://x.com/gureran_m3,0.86,fact,True,Auto-collected from a public X profile. Review generated bio and pinned-post hints. Profile HTML did not expose a pinned-post URL; configure pinned_post_url in data/x_profile_sources.json to attach a generated pinned-post hint. Authenticated X following collection was requested but skipped: Authenticated following page redirected to X login.
gyozanoou,x,affiliation,Profile links point to X.,https://x.com/gyozanoou,0.86,fact,True,Auto-collected from a public X profile. Review generated bio and pinned-post hints. Profile HTML did not expose a pinned-post URL; configure pinned_post_url in data/x_profile_sources.json to attach a generated pinned-post hint. Authenticated X following collection was requested but skipped: Authenticated following page redirected to X login.
hachi-tinder02,x,affiliation,Profile links point to X.,https://x.com/hachi_tinder02,0.86,fact,True,Auto-collected from a public X profile. Review generated bio and pinned-post hints. Profile HTML did not expose a pinned-post URL; configure pinned_post_url in data/x_profile_sources.json to attach a generated pinned-post hint. Authenticated X following collection was requested but skipped: Authenticated following page redirected to X login.
hamada-suto,x,affiliation,Profile links point to X.,https://x.com/hamada_suto,0.86,fact,True,Auto-collected from a public X profile. Review generated bio and pinned-post hints. Profile HTML did not expose a pinned-post URL; configure pinned_post_url in data/x_profile_sources.json to attach a generated pinned-post hint. Authenticated X following collection was requested but skipped: Authenticated following page redirected to X login.
hameyuuuu,x,affiliation,Profile links point to X.,https://x.com/hameyuuuu,0.86,fact,True,Auto-collected from a public X profile. Review generated bio and pinned-post hints. Profile HTML did not expose a pinned-post URL; configure pinned_post_url in data/x_profile_sources.json to attach a generated pinned-post hint. Authenticated X following collection was requested but skipped: Authenticated following page redirected to X login.
hameyuuuu,yato-mote,affiliation,Public X profile explicitly lists Yato Consulting as a collaboration partner for this matching-app photography account.,https://x.com/hameyuuuu,0.68,mixed,False,Auto-collected from a public X profile. Review generated bio and pinned-post hints. Profile HTML did not expose a pinned-post URL; configure pinned_post_url in data/x_profile_sources.json to attach a generated pinned-post hint. Authenticated X following collection was requested but skipped: Authenticated following page redirected to X login.
hanasikikoka,x,affiliation,Profile links point to X.,https://x.com/hanasikikoka__,0.86,fact,True,Auto-collected from a public X profile. Review generated bio and pinned-post hints. Profile HTML did not expose a pinned-post URL; configure pinned_post_url in data/x_profile_sources.json to attach a generated pinned-post hint. Authenticated X following collection was requested but skipped: Authenticated following page redirected to X login.
hancho-pua,x,affiliation,Profile links point to X.,https://x.com/hancho_pua,0.86,fact,True,Auto-collected from a public X profile. Review generated bio and pinned-post hints. Profile HTML did not expose a pinned-post URL; configure pinned_post_url in data/x_profile_sources.json to attach a generated pinned-post hint. Authenticated X following collection was requested but skipped: Authenticated following page redirected to X login.
hantenkinoyama,x,affiliation,Profile links point to X.,https://x.com/hantenkinoyama,0.86,fact,True,Auto-collected from a public X profile. Review generated bio and pinned-post hints. Profile HTML did not expose a pinned-post URL; configure pinned_post_url in data/x_profile_sources.json to attach a generated pinned-post hint. Authenticated X following collection was requested but skipped: Authenticated following page redirected to X login.
hantenkinoyama,daigakusei-pua,affiliation,Public X profile explicitly says this account is the freeze-era relocation account for @daigakusei_pua.,https://x.com/hantenkinoyama,0.72,fact,False,Auto-collected from a public X profile. Review generated bio and pinned-post hints. Profile HTML did not expose a pinned-post URL; configure pinned_post_url in data/x_profile_sources.json to attach a generated pinned-post hint. Authenticated X following collection was requested but skipped: Authenticated following page redirected to X login.
hanzo-prim,x,affiliation,Profile links point to X.,https://x.com/hanzo_prim,0.86,fact,True,Auto-collected from a public X profile. Review generated bio and pinned-post hints. Profile HTML did not expose a pinned-post URL; configure pinned_post_url in data/x_profile_sources.json to attach a generated pinned-post hint. Authenticated X following collection was requested but skipped: Authenticated following page redirected to X login.
hanzo-prim,tips,affiliation,Profile links point to Tips.,https://x.com/hanzo_prim | https://tips.jp/u/hanzo_tips/p/hanzophoto,0.86,fact,True,Auto-collected from a public X profile. Review generated bio and pinned-post hints. Profile HTML did not expose a pinned-post URL; configure pinned_post_url in data/x_profile_sources.json to attach a generated pinned-post hint. Authenticated X following collection was requested but skipped: Authenticated following page redirected to X login.
hanzo-prim,hanzo-prim-sub,affiliation,Public X profile explicitly links @hanzo_prim_sub as the related side account.,https://x.com/hanzo_prim,0.72,fact,False,Auto-collected from a public X profile. Review generated bio and pinned-post hints. Profile HTML did not expose a pinned-post URL; configure pinned_post_url in data/x_profile_sources.json to attach a generated pinned-post hint. Authenticated X following collection was requested but skipped: Authenticated following page redirected to X login.
hanzo-prim-sub,x,affiliation,Profile links point to X.,https://x.com/hanzo_prim_sub,0.86,fact,True,Auto-collected from a public X profile. Review generated bio and pinned-post hints. Profile HTML did not expose a pinned-post URL; configure pinned_post_url in data/x_profile_sources.json to attach a generated pinned-post hint. Authenticated X following collection was requested but skipped: Authenticated following page redirected to X login.
happy-0721-nan,x,affiliation,Profile links point to X.,https://x.com/happy_0721_nan,0.86,fact,True,Auto-collected from a public X profile. Review generated bio and pinned-post hints. Profile HTML did not expose a pinned-post URL; configure pinned_post_url in data/x_profile_sources.json to attach a generated pinned-post hint. Authenticated X following collection was requested but skipped: Authenticated following page redirected to X login.
happy0210h,x,affiliation,Profile links point to X.,https://x.com/happy0210h,0.86,fact,True,Auto-collected from a public X profile. Review generated bio and pinned-post hints. Profile HTML did not expose a pinned-post URL; configure pinned_post_url in data/x_profile_sources.json to attach a generated pinned-post hint. Authenticated X following collection was requested but skipped: Authenticated following page redirected to X login.
happynampa,x,affiliation,Profile links point to X.,https://x.com/happynampa,0.86,fact,True,Auto-collected from a public X profile. Review generated bio and pinned-post hints. Profile HTML did not expose a pinned-post URL; configure pinned_post_url in data/x_profile_sources.json to attach a generated pinned-post hint. Authenticated X following collection was requested but skipped: Authenticated following page redirected to X login.
hapuchan,x,affiliation,Profile links point to X.,https://x.com/hapuchan___,0.86,fact,True,Auto-collected from a public X profile. Review generated bio and pinned-post hints. Profile HTML did not expose a pinned-post URL; configure pinned_post_url in data/x_profile_sources.json to attach a generated pinned-post hint. Authenticated X following collection was requested but skipped: Authenticated following page redirected to X login.
hapuchan,tips,affiliation,Profile links point to Tips.,https://x.com/hapuchan___ | https://tips.jp/u/6ckLV1bRGSmxxUbR/a/9qf0aIdY/d/dac,0.86,fact,True,Auto-collected from a public X profile. Review generated bio and pinned-post hints. Profile HTML did not expose a pinned-post URL; configure pinned_post_url in data/x_profile_sources.json to attach a generated pinned-post hint. Authenticated X following collection was requested but skipped: Authenticated following page redirected to X login.
hapuchantinder,x,affiliation,Profile links point to X.,https://x.com/hapuchantinder,0.86,fact,True,Auto-collected from a public X profile. Review generated bio and pinned-post hints. Profile HTML did not expose a pinned-post URL; configure pinned_post_url in data/x_profile_sources.json to attach a generated pinned-post hint. Authenticated X following collection was requested but skipped: Authenticated following page redirected to X login.
haputinder,x,affiliation,Profile links point to X.,https://x.com/haputinder,0.86,fact,True,Auto-collected from a public X profile. Review generated bio and pinned-post hints. Profile HTML did not expose a pinned-post URL; configure pinned_post_url in data/x_profile_sources.json to attach a generated pinned-post hint. Authenticated X following collection was requested but skipped: Authenticated following page redirected to X login.
harper-0512,x,affiliation,Profile links point to X.,https://x.com/harper0512,0.86,fact,True,Auto-collected from a public X profile. Review generated bio and pinned-post hints. Profile HTML did not expose a pinned-post URL; configure pinned_post_url in data/x_profile_sources.json to attach a generated pinned-post hint. Authenticated X following collection was requested but skipped: Authenticated following page redirected to X login.
harper-0512,line,affiliation,Profile links point to LINE.,https://x.com/harper0512 | https://line.me/ti/g2/WTYDOSvVIUEkqD7xO8RDVY_iqezfaInVSEMELg?utm_source=invitation&utm_medium=link_copy&utm_campaign=default,0.86,fact,True,Auto-collected from a public X profile. Review generated bio and pinned-post hints. Profile HTML did not expose a pinned-post URL; configure pinned_post_url in data/x_profile_sources.json to attach a generated pinned-post hint. Authenticated X following collection was requested but skipped: Authenticated following page redirected to X login.
haruki010234,x,affiliation,Profile links point to X.,https://x.com/haruki010234,0.86,fact,True,Auto-collected from a public X profile. Review generated bio and pinned-post hints. Profile HTML did not expose a pinned-post URL; configure pinned_post_url in data/x_profile_sources.json to attach a generated pinned-post hint. Authenticated X following collection was requested but skipped: Authenticated following page redirected to X login.
haruparustr,x,affiliation,Profile links point to X.,https://x.com/haruparuSTR,0.86,fact,True,Auto-collected from a public X profile. Review generated bio and pinned-post hints. Profile HTML did not expose a pinned-post URL; configure pinned_post_url in data/x_profile_sources.json to attach a generated pinned-post hint. Authenticated X following collection was requested but skipped: Authenticated following page redirected to X login.
hase3nox,x,affiliation,Profile links point to X.,https://x.com/hase3nox,0.86,fact,True,Auto-collected from a public X profile. Review generated bio and pinned-post hints. Profile HTML did not expose a pinned-post URL; configure pinned_post_url in data/x_profile_sources.json to attach a generated pinned-post hint. Authenticated X following collection was requested but skipped: Authenticated following page redirected to X login.
hayato-pua,x,affiliation,Profile links point to X.,https://x.com/Hayato_pua,0.86,fact,True,Auto-collected from a public X profile. Review generated bio and pinned-post hints. Profile HTML did not expose a pinned-post URL; configure pinned_post_url in data/x_profile_sources.json to attach a generated pinned-post hint. Authenticated X following collection was requested but skipped: Authenticated following page redirected to X login.
hayato-pua,note,affiliation,Profile links point to note.,https://x.com/Hayato_pua | https://note.com/hayato_pua,0.86,fact,True,Auto-collected from a public X profile. Review generated bio and pinned-post hints. Profile HTML did not expose a pinned-post URL; configure pinned_post_url in data/x_profile_sources.json to attach a generated pinned-post hint. Authenticated X following collection was requested but skipped: Authenticated following page redirected to X login.
hciesa88,x,affiliation,Profile links point to X.,https://x.com/hciesa88,0.86,fact,True,Auto-collected from a public X profile. Review generated bio and pinned-post hints. Profile HTML did not expose a pinned-post URL; configure pinned_post_url in data/x_profile_sources.json to attach a generated pinned-post hint. Authenticated X following collection was requested but skipped: Authenticated following page redirected to X login.
hikosan-nn,x,affiliation,Profile links point to X.,https://x.com/hikosan_nn,0.86,fact,True,Auto-collected from a public X profile. Review generated bio and pinned-post hints. Profile HTML did not expose a pinned-post URL; configure pinned_post_url in data/x_profile_sources.json to attach a generated pinned-post hint. Authenticated X following collection was requested but skipped: Authenticated following page redirected to X login.
himotenohoshi,x,affiliation,Profile links point to X.,https://x.com/himotenohoshi,0.86,fact,True,Auto-collected from a public X profile. Review generated bio and pinned-post hints. Profile HTML did not expose a pinned-post URL; configure pinned_post_url in data/x_profile_sources.json to attach a generated pinned-post hint. Authenticated X following collection was requested but skipped: Authenticated following page redirected to X login.
himotenohoshi,brain,affiliation,Profile links point to Brain.,https://x.com/himotenohoshi | https://brain-market.com/u/takuya078934/a/bzgDO1IjMgoTZsNWa0JXY,0.86,fact,True,Auto-collected from a public X profile. Review generated bio and pinned-post hints. Profile HTML did not expose a pinned-post URL; configure pinned_post_url in data/x_profile_sources.json to attach a generated pinned-post hint. Authenticated X following collection was requested but skipped: Authenticated following page redirected to X login.
hiroki-camera,x,affiliation,Profile links point to X.,https://x.com/hiroki__camera,0.86,fact,True,Auto-collected from a public X profile. Review generated bio and pinned-post hints. Profile HTML did not expose a pinned-post URL; configure pinned_post_url in data/x_profile_sources.json to attach a generated pinned-post hint. Authenticated X following collection was requested but skipped: Authenticated following page redirected to X login.
hiroyukinanpa,x,affiliation,Profile links point to X.,https://x.com/hiroyukinanpa,0.86,fact,True,Auto-collected from a public X profile. Review generated bio and pinned-post hints. Profile HTML did not expose a pinned-post URL; configure pinned_post_url in data/x_profile_sources.json to attach a generated pinned-post hint. Authenticated X following collection was requested but skipped: Authenticated following page redirected to X login.
hosoki-pua,x,affiliation,Profile links point to X.,https://x.com/hosokipua,0.86,fact,True,Auto-collected from a public X profile. Review generated bio and pinned-post hints. Profile HTML did not expose a pinned-post URL; configure pinned_post_url in data/x_profile_sources.json to attach a generated pinned-post hint. Authenticated X following collection was requested but skipped: Authenticated following page redirected to X login.
hosuto-suda,x,affiliation,Profile links point to X.,https://x.com/hosuto_suda,0.86,fact,True,Auto-collected from a public X profile. Review generated bio and pinned-post hints. Profile HTML did not expose a pinned-post URL; configure pinned_post_url in data/x_profile_sources.json to attach a generated pinned-post hint. Authenticated X following collection was requested but skipped: Authenticated following page redirected to X login.
hpns-pua,x,affiliation,Profile links point to X.,https://x.com/hpns_pua,0.86,fact,True,Auto-collected from a public X profile. Review generated bio and pinned-post hints. Profile HTML did not expose a pinned-post URL; configure pinned_post_url in data/x_profile_sources.json to attach a generated pinned-post hint. Authenticated X following collection was requested but skipped: Authenticated following page redirected to X login.
hyndp2qxwq4n3xb,x,affiliation,Profile links point to X.,https://x.com/HyndP2qxWq4n3Xb,0.86,fact,True,Auto-collected from a public X profile. Review generated bio and pinned-post hints. Profile HTML did not expose a pinned-post URL; configure pinned_post_url in data/x_profile_sources.json to attach a generated pinned-post hint. Authenticated X following collection was requested but skipped: Authenticated following page redirected to X login.
idiot-pua,x,affiliation,Profile links point to X.,https://x.com/idiot_pua,0.86,fact,True,Auto-collected from a public X profile. Review generated bio and pinned-post hints. Profile HTML did not expose a pinned-post URL; configure pinned_post_url in data/x_profile_sources.json to attach a generated pinned-post hint. Authenticated X following collection was requested but skipped: Authenticated following page redirected to X login.
idol-project00,x,affiliation,Profile links point to X.,https://x.com/IDOL_project00,0.86,fact,True,Auto-collected from a public X profile. Review generated bio and pinned-post hints. Profile HTML did not expose a pinned-post URL; configure pinned_post_url in data/x_profile_sources.json to attach a generated pinned-post hint. Authenticated X following collection was requested but skipped: Authenticated following page redirected to X login.
igaku-sato,x,affiliation,Profile links point to X.,https://x.com/igaku_sato,0.86,fact,True,Auto-collected from a public X profile. Review generated bio and pinned-post hints. Profile HTML did not expose a pinned-post URL; configure pinned_post_url in data/x_profile_sources.json to attach a generated pinned-post hint. Authenticated X following collection was requested but skipped: Authenticated following page redirected to X login.
igaku-sato,note,affiliation,Profile links point to note.,https://x.com/igaku_sato | https://note.com/preview/nf176cad52268?prev_access_key=901573a5868d3619276ccba53581ddd6,0.86,fact,True,Auto-collected from a public X profile. Review generated bio and pinned-post hints. Profile HTML did not expose a pinned-post URL; configure pinned_post_url in data/x_profile_sources.json to attach a generated pinned-post hint. Authenticated X following collection was requested but skipped: Authenticated following page redirected to X login.
ike-pua,x,affiliation,Profile links point to X.,https://x.com/ike_pua,0.86,fact,True,Auto-collected from a public X profile. Review generated bio and pinned-post hints. Profile HTML did not expose a pinned-post URL; configure pinned_post_url in data/x_profile_sources.json to attach a generated pinned-post hint. Authenticated X following collection was requested but skipped: Authenticated following page redirected to X login.
ikebukuro,kanto,affiliation,Ikebukuro is grouped under the Kanto region cluster for geographic browsing.,manual://seed,0.9,fact,False,
ikeojimind,x,affiliation,Profile links point to X.,https://x.com/ikeojimind,0.86,fact,True,Auto-collected from a public X profile. Review generated bio and pinned-post hints. Profile HTML did not expose a pinned-post URL; configure pinned_post_url in data/x_profile_sources.json to attach a generated pinned-post hint. Authenticated X following collection was requested but skipped: Authenticated following page redirected to X login.
inaka-stanan,x,affiliation,Profile links point to X.,https://x.com/inaka_stanan,0.86,fact,True,Auto-collected from a public X profile. Review generated bio and pinned-post hints. Profile HTML did not expose a pinned-post URL; configure pinned_post_url in data/x_profile_sources.json to attach a generated pinned-post hint. Authenticated X following collection was requested but skipped: Authenticated following page redirected to X login.
inaka-stanan,tips,affiliation,Profile links point to Tips.,https://x.com/inaka_stanan | https://tips.jp/s/FaGJlX/d/dac,0.86,fact,True,Auto-collected from a public X profile. Review generated bio and pinned-post hints. Profile HTML did not expose a pinned-post URL; configure pinned_post_url in data/x_profile_sources.json to attach a generated pinned-post hint. Authenticated X following collection was requested but skipped: Authenticated following page redirected to X login.
inpsub,x,affiliation,Profile links point to X.,https://x.com/inpsub,0.86,fact,True,Auto-collected from a public X profile. Review generated bio and pinned-post hints. Profile HTML did not expose a pinned-post URL; configure pinned_post_url in data/x_profile_sources.json to attach a generated pinned-post hint. Authenticated X following collection was requested but skipped: Authenticated following page redirected to X login.
inpsub,ryepua,affiliation,Public X profile explicitly links @ryepua as a related account.,https://x.com/inpsub,0.72,fact,False,Auto-collected from a public X profile. Review generated bio and pinned-post hints. Profile HTML did not expose a pinned-post URL; configure pinned_post_url in data/x_profile_sources.json to attach a generated pinned-post hint. Authenticated X following collection was requested but skipped: Authenticated following page redirected to X login.
instapua,x,affiliation,Profile links point to X.,https://x.com/instapua,0.86,fact,True,Auto-collected from a public X profile. Review generated bio and pinned-post hints. Profile HTML did not expose a pinned-post URL; configure pinned_post_url in data/x_profile_sources.json to attach a generated pinned-post hint. Authenticated X following collection was requested but skipped: Authenticated following page redirected to X login.
inumaki-pua,x,affiliation,Profile links point to X.,https://x.com/inumaki_pua,0.86,fact,True,Auto-collected from a public X profile. Review generated bio and pinned-post hints. Profile HTML did not expose a pinned-post URL; configure pinned_post_url in data/x_profile_sources.json to attach a generated pinned-post hint. Authenticated X following collection was requested but skipped: Authenticated following page redirected to X login.
isaac-pua,x,affiliation,Profile links point to X.,https://x.com/ISAAC_PUA,0.86,fact,True,Auto-collected from a public X profile. Review generated bio and pinned-post hints. Profile HTML did not expose a pinned-post URL; configure pinned_post_url in data/x_profile_sources.json to attach a generated pinned-post hint. Authenticated X following collection was requested but skipped: Authenticated following page redirected to X login.
isagi-pua,x,affiliation,Profile links point to X.,https://x.com/isagi_pua,0.86,fact,True,Auto-collected from a public X profile. Review generated bio and pinned-post hints. Profile HTML did not expose a pinned-post URL; configure pinned_post_url in data/x_profile_sources.json to attach a generated pinned-post hint. Authenticated X following collection was requested but skipped: Authenticated following page redirected to X login.
isagi-pua,tips,affiliation,Profile links point to Tips.,https://x.com/isagi_pua | https://tips.jp/u/pua_isagi/a/BY4FPWFw,0.86,fact,True,Auto-collected from a public X profile. Review generated bio and pinned-post hints. Profile HTML did not expose a pinned-post URL; configure pinned_post_url in data/x_profile_sources.json to attach a generated pinned-post hint. Authenticated X following collection was requested but skipped: Authenticated following page redirected to X login.
iysdgpmhnm66233,x,affiliation,Profile links point to X.,https://x.com/IYsDgPMHNM66233,0.86,fact,True,Auto-collected from a public X profile. Review generated bio and pinned-post hints. Profile HTML did not expose a pinned-post URL; configure pinned_post_url in data/x_profile_sources.json to attach a generated pinned-post hint. Authenticated X following collection was requested but skipped: Authenticated following page redirected to X login.
jackie-pua,x,affiliation,Profile links point to X.,https://x.com/jackie_pua,0.86,fact,True,Auto-collected from a public X profile. Review generated bio and pinned-post hints. Profile HTML did not expose a pinned-post URL; configure pinned_post_url in data/x_profile_sources.json to attach a generated pinned-post hint. Authenticated X following collection was requested but skipped: Authenticated following page redirected to X login.
jaws-girlhunter,x,affiliation,Profile links point to X.,https://x.com/jaws_girlhunter,0.86,fact,True,Auto-collected from a public X profile. Review generated bio and pinned-post hints. Profile HTML did not expose a pinned-post URL; configure pinned_post_url in data/x_profile_sources.json to attach a generated pinned-post hint. Authenticated X following collection was requested but skipped: Authenticated following page redirected to X login.
jaws-girlhunter,tokyo-stonan-kai,affiliation,Public X profile states pickup activity with 東京ストナン会 starting from a posted date.,https://x.com/jaws_girlhunter,0.74,fact,False,Auto-collected from a public X profile. Review generated bio and pinned-post hints. Profile HTML did not expose a pinned-post URL; configure pinned_post_url in data/x_profile_sources.json to attach a generated pinned-post hint. Authenticated X following collection was requested but skipped: Authenticated following page redirected to X login.
jim-nanpa,x,affiliation,Profile links point to X.,https://x.com/jim_nanpa,0.86,fact,True,Auto-collected from a public X profile. Review generated bio and pinned-post hints. Profile HTML did not expose a pinned-post URL; configure pinned_post_url in data/x_profile_sources.json to attach a generated pinned-post hint. Authenticated X following collection was requested but skipped: Authenticated following page redirected to X login.
jinjin-mote9,x,affiliation,Profile links point to X.,https://x.com/jinjin_mote9,0.86,fact,True,Auto-collected from a public X profile. Review generated bio and pinned-post hints. Profile HTML did not expose a pinned-post URL; configure pinned_post_url in data/x_profile_sources.json to attach a generated pinned-post hint. Authenticated X following collection was requested but skipped: Authenticated following page redirected to X login.
jinjin-mote9,tips,affiliation,Profile links point to Tips.,https://x.com/jinjin_mote9 | https://tips.jp/u/ton_mot9,0.86,fact,True,Auto-collected from a public X profile. Review generated bio and pinned-post hints. Profile HTML did not expose a pinned-post URL; configure pinned_post_url in data/x_profile_sources.json to attach a generated pinned-post hint. Authenticated X following collection was requested but skipped: Authenticated following page redirected to X login.
jiro-suto,x,affiliation,Profile links point to X.,https://x.com/jiro_suto,0.86,fact,True,Auto-collected from a public X profile. Review generated bio and pinned-post hints. Profile HTML did not expose a pinned-post URL; configure pinned_post_url in data/x_profile_sources.json to attach a generated pinned-post hint. Authenticated X following collection was requested but skipped: Authenticated following page redirected to X login.
juju-pua,x,affiliation,Profile links point to X.,https://x.com/juju_pua,0.86,fact,True,Auto-collected from a public X profile. Review generated bio and pinned-post hints. Profile HTML did not expose a pinned-post URL; configure pinned_post_url in data/x_profile_sources.json to attach a generated pinned-post hint. Authenticated X following collection was requested but skipped: Authenticated following page redirected to X login.
juru-pua,x,affiliation,Profile links point to X.,https://x.com/juru_pua,0.86,fact,True,Auto-collected from a public X profile. Review generated bio and pinned-post hints. Profile HTML did not expose a pinned-post URL; configure pinned_post_url in data/x_profile_sources.json to attach a generated pinned-post hint. Authenticated X following collection was requested but skipped: Authenticated following page redirected to X login.
k-932654,x,affiliation,Profile links point to X.,https://x.com/K_932654,0.86,fact,True,Auto-collected from a public X profile. Review generated bio and pinned-post hints. Profile HTML did not expose a pinned-post URL; configure pinned_post_url in data/x_profile_sources.json to attach a generated pinned-post hint. Authenticated X following collection was requested but skipped: Authenticated following page redirected to X login.
k-suto-nan,x,affiliation,Profile links point to X.,https://x.com/K_suto_nan,0.86,fact,True,Auto-collected from a public X profile. Review generated bio and pinned-post hints. Profile HTML did not expose a pinned-post URL; configure pinned_post_url in data/x_profile_sources.json to attach a generated pinned-post hint. Authenticated X following collection was requested but skipped: Authenticated following page redirected to X login.
kageki-ashura,x,affiliation,Profile links point to X.,https://x.com/kageki_ashura,0.86,fact,True,Auto-collected from a public X profile. Review generated bio and pinned-post hints. Profile HTML did not expose a pinned-post URL; configure pinned_post_url in data/x_profile_sources.json to attach a generated pinned-post hint. Authenticated X following collection was requested but skipped: Authenticated following page redirected to X login.
kageki-ashura,shinjukuashura,affiliation,Public X profile explicitly links @ShinjukuAshura as a related account.,https://x.com/kageki_ashura | https://s.lmes.jp/landing-qr/2002174017-8K5bzBro?uLand=ZLkojw,0.72,fact,False,Auto-collected from a public X profile. Review generated bio and pinned-post hints. Profile HTML did not expose a pinned-post URL; configure pinned_post_url in data/x_profile_sources.json to attach a generated pinned-post hint. Authenticated X following collection was requested but skipped: Authenticated following page redirected to X login.
kageki-ashura,mote-ren-ai7,affiliation,Public X profile explicitly links @mote_ren_ai7 as a related account.,https://x.com/kageki_ashura | https://s.lmes.jp/landing-qr/2002174017-8K5bzBro?uLand=ZLkojw,0.72,fact,False,Auto-collected from a public X profile. Review generated bio and pinned-post hints. Profile HTML did not expose a pinned-post URL; configure pinned_post_url in data/x_profile_sources.json to attach a generated pinned-post hint. Authenticated X following collection was requested but skipped: Authenticated following page redirected to X login.
kahlo-pua,x,affiliation,Profile links point to X.,https://x.com/kahlo_pua,0.86,fact,True,Auto-collected from a public X profile. Review generated bio and pinned-post hints. Profile HTML did not expose a pinned-post URL; configure pinned_post_url in data/x_profile_sources.json to attach a generated pinned-post hint. Authenticated X following collection was requested but skipped: Authenticated following page redirected to X login.
kaiser-pua,x,affiliation,Profile links point to X.,https://x.com/kaiser_pua,0.86,fact,True,Auto-collected from a public X profile. Review generated bio and pinned-post hints. Profile HTML did not expose a pinned-post URL; configure pinned_post_url in data/x_profile_sources.json to attach a generated pinned-post hint. Authenticated X following collection was requested but skipped: Authenticated following page redirected to X login.
kaiser-pua,mendako-pua,influence,Public X profile explicitly labels @mendako_pua as this account's mentor.,https://x.com/kaiser_pua,0.74,fact,False,Auto-collected from a public X profile. Review generated bio and pinned-post hints. Profile HTML did not expose a pinned-post URL; configure pinned_post_url in data/x_profile_sources.json to attach a generated pinned-post hint. Authenticated X following collection was requested but skipped: Authenticated following page redirected to X login.
kaji-kaji-3,x,affiliation,Profile links point to X.,https://x.com/kaji_kaji_3,0.86,fact,True,Auto-collected from a public X profile. Review generated bio and pinned-post hints. Profile HTML did not expose a pinned-post URL; configure pinned_post_url in data/x_profile_sources.json to attach a generated pinned-post hint. Authenticated X following collection was requested but skipped: Authenticated following page redirected to X login.
kamekame-pua,x,affiliation,Profile links point to X.,https://x.com/kamekame_pua,0.86,fact,True,Auto-collected from a public X profile. Review generated bio and pinned-post hints. Profile HTML did not expose a pinned-post URL; configure pinned_post_url in data/x_profile_sources.json to attach a generated pinned-post hint. Authenticated X following collection was requested but skipped: Authenticated following page redirected to X login.
kamiya-pua,x,affiliation,Profile links point to X.,https://x.com/kamiya_pua,0.86,fact,True,Auto-collected from a public X profile. Review generated bio and pinned-post hints. Profile HTML did not expose a pinned-post URL; configure pinned_post_url in data/x_profile_sources.json to attach a generated pinned-post hint. Authenticated X following collection was requested but skipped: Authenticated following page redirected to X login.
kamiyoshi-nanpa,x,affiliation,Profile links point to X.,https://x.com/kamiyoshi_nanpa,0.86,fact,True,Auto-collected from a public X profile. Review generated bio and pinned-post hints. Profile HTML did not expose a pinned-post URL; configure pinned_post_url in data/x_profile_sources.json to attach a generated pinned-post hint. Authenticated X following collection was requested but skipped: Authenticated following page redirected to X login.
kamiyoshi-nanpa,note,affiliation,Profile links point to note.,https://x.com/kamiyoshi_nanpa | https://note.com/kamiyoshi_nanpa,0.86,fact,True,Auto-collected from a public X profile. Review generated bio and pinned-post hints. Profile HTML did not expose a pinned-post URL; configure pinned_post_url in data/x_profile_sources.json to attach a generated pinned-post hint. Authenticated X following collection was requested but skipped: Authenticated following page redirected to X login.
kanato2004x,x,affiliation,Profile links point to X.,https://x.com/kanato2004x,0.86,fact,True,Auto-collected from a public X profile. Review generated bio and pinned-post hints. Profile HTML did not expose a pinned-post URL; configure pinned_post_url in data/x_profile_sources.json to attach a generated pinned-post hint. Authenticated X following collection was requested but skipped: Authenticated following page redirected to X login.
kanbee-pua,x,affiliation,Profile links point to X.,https://x.com/kanbee_pua,0.86,fact,True,Auto-collected from a public X profile. Review generated bio and pinned-post hints. Profile HTML did not expose a pinned-post URL; configure pinned_post_url in data/x_profile_sources.json to attach a generated pinned-post hint. Authenticated X following collection was requested but skipped: Authenticated following page redirected to X login.
kanipe-pua,x,affiliation,Profile links point to X.,https://x.com/kanipe_pua,0.86,fact,True,Auto-collected from a public X profile. Review generated bio and pinned-post hints. Profile HTML did not expose a pinned-post URL; configure pinned_post_url in data/x_profile_sources.json to attach a generated pinned-post hint. Authenticated X following collection was requested but skipped: Authenticated following page redirected to X login.
kaoguda-sugoi,x,affiliation,Profile links point to X.,https://x.com/kaoguda_sugoi,0.86,fact,True,Auto-collected from a public X profile. Review generated bio and pinned-post hints. Profile HTML did not expose a pinned-post URL; configure pinned_post_url in data/x_profile_sources.json to attach a generated pinned-post hint. Authenticated X following collection was requested but skipped: Authenticated following page redirected to X login.
karasu-pua,x,affiliation,Profile links point to X.,https://x.com/karasu_pua,0.86,fact,True,Auto-collected from a public X profile. Review generated bio and pinned-post hints. Profile HTML did not expose a pinned-post URL; configure pinned_post_url in data/x_profile_sources.json to attach a generated pinned-post hint. Authenticated X following collection was requested but skipped: Authenticated following page redirected to X login.
karasu-pua,note,affiliation,Profile links point to note.,https://x.com/karasu_pua | https://note.com/minikarashu,0.86,fact,True,Auto-collected from a public X profile. Review generated bio and pinned-post hints. Profile HTML did not expose a pinned-post URL; configure pinned_post_url in data/x_profile_sources.json to attach a generated pinned-post hint. Authenticated X following collection was requested but skipped: Authenticated following page redirected to X login.
karasu-sr1,x,affiliation,Profile links point to X.,https://x.com/karasu_sr1,0.86,fact,True,Auto-collected from a public X profile. Review generated bio and pinned-post hints. Profile HTML did not expose a pinned-post URL; configure pinned_post_url in data/x_profile_sources.json to attach a generated pinned-post hint. Authenticated X following collection was requested but skipped: Authenticated following page redirected to X login.
karearitaberu,x,affiliation,Profile links point to X.,https://x.com/karearitaberu,0.86,fact,True,Auto-collected from a public X profile. Review generated bio and pinned-post hints. Profile HTML did not expose a pinned-post URL; configure pinned_post_url in data/x_profile_sources.json to attach a generated pinned-post hint. Authenticated X following collection was requested but skipped: Authenticated following page redirected to X login.
karon-pua,x,affiliation,Profile links point to X.,https://x.com/karon121_pua,0.86,fact,True,Auto-collected from a public X profile. Review generated bio and pinned-post hints. Profile HTML did not expose a pinned-post URL; configure pinned_post_url in data/x_profile_sources.json to attach a generated pinned-post hint. Authenticated X following collection was requested but skipped: Authenticated following page redirected to X login.
kataru0000,x,affiliation,Profile links point to X.,https://x.com/kataru0000,0.86,fact,True,Auto-collected from a public X profile. Review generated bio and pinned-post hints. Profile HTML did not expose a pinned-post URL; configure pinned_post_url in data/x_profile_sources.json to attach a generated pinned-post hint. Authenticated X following collection was requested but skipped: Authenticated following page redirected to X login.
katsuki-seike,x,affiliation,Profile links point to X.,https://x.com/katsuki_seike,0.86,fact,True,Auto-collected from a public X profile. Review generated bio and pinned-post hints. Profile HTML did not expose a pinned-post URL; configure pinned_post_url in data/x_profile_sources.json to attach a generated pinned-post hint. Authenticated X following collection was requested but skipped: Authenticated following page redirected to X login.
katsuki-seikei,x,affiliation,Profile links point to X.,https://x.com/katsuki_seikei,0.86,fact,True,Auto-collected from a public X profile. Review generated bio and pinned-post hints. Profile HTML did not expose a pinned-post URL; configure pinned_post_url in data/x_profile_sources.json to attach a generated pinned-post hint. Authenticated X following collection was requested but skipped: Authenticated following page redirected to X login.
kawae0021,x,affiliation,Profile links point to X.,https://x.com/kawae0021,0.86,fact,True,Auto-collected from a public X profile. Review generated bio and pinned-post hints. Profile HTML did not expose a pinned-post URL; configure pinned_post_url in data/x_profile_sources.json to attach a generated pinned-post hint. Authenticated X following collection was requested but skipped: Authenticated following page redirected to X login.
kawae0021,youtube,affiliation,Profile links point to YouTube.,https://x.com/kawae0021 | https://youtube.com/@kawaeirenai?si=yaW95nl1nI-ZY-_d,0.86,fact,True,Auto-collected from a public X profile. Review generated bio and pinned-post hints. Profile HTML did not expose a pinned-post URL; configure pinned_post_url in data/x_profile_sources.json to attach a generated pinned-post hint. Authenticated X following collection was requested but skipped: Authenticated following page redirected to X login.
kayakkupua,x,affiliation,Profile links point to X.,https://x.com/kayakkupua,0.86,fact,True,Auto-collected from a public X profile. Review generated bio and pinned-post hints. Profile HTML did not expose a pinned-post URL; configure pinned_post_url in data/x_profile_sources.json to attach a generated pinned-post hint. Authenticated X following collection was requested but skipped: Authenticated following page redirected to X login.
kayakkupua,tips,affiliation,Profile links point to Tips.,https://x.com/kayakkupua | https://tips.jp/s/u1BTeX,0.86,fact,True,Auto-collected from a public X profile. Review generated bio and pinned-post hints. Profile HTML did not expose a pinned-post URL; configure pinned_post_url in data/x_profile_sources.json to attach a generated pinned-post hint. Authenticated X following collection was requested but skipped: Authenticated following page redirected to X login.
kayakkupua,kayakkupuasub,affiliation,Public X profile explicitly links @kayakkupuasub as the side account.,https://x.com/kayakkupua,0.72,fact,False,Auto-collected from a public X profile. Review generated bio and pinned-post hints. Profile HTML did not expose a pinned-post URL; configure pinned_post_url in data/x_profile_sources.json to attach a generated pinned-post hint. Authenticated X following collection was requested but skipped: Authenticated following page redirected to X login.
kayakkupuasub,x,affiliation,Profile links point to X.,https://x.com/kayakkupuasub,0.86,fact,True,Auto-collected from a public X profile. Review generated bio and pinned-post hints. Profile HTML did not expose a pinned-post URL; configure pinned_post_url in data/x_profile_sources.json to attach a generated pinned-post hint. Authenticated X following collection was requested but skipped: Authenticated following page redirected to X login.
kazaboshi1,x,affiliation,Profile links point to X.,https://x.com/kazaboshi1,0.86,fact,True,Auto-collected from a public X profile. Review generated bio and pinned-post hints. Profile HTML did not expose a pinned-post URL; configure pinned_post_url in data/x_profile_sources.json to attach a generated pinned-post hint. Authenticated X following collection was requested but skipped: Authenticated following page redirected to X login.
kazama-0425,x,affiliation,Profile links point to X.,https://x.com/kazama_0425,0.86,fact,True,Auto-collected from a public X profile. Review generated bio and pinned-post hints. Profile HTML did not expose a pinned-post URL; configure pinned_post_url in data/x_profile_sources.json to attach a generated pinned-post hint. Authenticated X following collection was requested but skipped: Authenticated following page redirected to X login.
kazama-player,x,affiliation,Profile links point to X.,https://x.com/kazama_player,0.86,fact,True,Auto-collected from a public X profile. Review generated bio and pinned-post hints. Profile HTML did not expose a pinned-post URL; configure pinned_post_url in data/x_profile_sources.json to attach a generated pinned-post hint. Authenticated X following collection was requested but skipped: Authenticated following page redirected to X login.
kazama-player,kazama-0425,affiliation,Public X profile explicitly links @kazama_0425 as the main account behind this side account.,https://x.com/kazama_player,0.72,fact,False,Auto-collected from a public X profile. Review generated bio and pinned-post hints. Profile HTML did not expose a pinned-post URL; configure pinned_post_url in data/x_profile_sources.json to attach a generated pinned-post hint. Authenticated X following collection was requested but skipped: Authenticated following page redirected to X login.
kazu-consult,x,affiliation,Profile links point to X.,https://x.com/Kazu_Consult,0.86,fact,True,Auto-collected from a public X profile. Review generated bio and pinned-post hints. Profile HTML did not expose a pinned-post URL; configure pinned_post_url in data/x_profile_sources.json to attach a generated pinned-post hint. Authenticated X following collection was requested but skipped: Authenticated following page redirected to X login.
kazu-pua,x,affiliation,Profile links point to X.,https://x.com/kazu_pua,0.86,fact,True,Auto-collected from a public X profile. Review generated bio and pinned-post hints. Profile HTML did not expose a pinned-post URL; configure pinned_post_url in data/x_profile_sources.json to attach a generated pinned-post hint. Authenticated X following collection was requested but skipped: Authenticated following page redirected to X login.
kazu-pua,wing-nampa,influence,Public X profile explicitly identifies this account with wing's long-term course and Atsu-Street Salon.,https://x.com/kazu_pua,0.72,fact,False,Auto-collected from a public X profile. Review generated bio and pinned-post hints. Profile HTML did not expose a pinned-post URL; configure pinned_post_url in data/x_profile_sources.json to attach a generated pinned-post hint. Authenticated X following collection was requested but skipped: Authenticated following page redirected to X login.
kazunanpa,x,affiliation,Profile links point to X.,https://x.com/kazunanpa,0.86,fact,True,Auto-collected from a public X profile. Review generated bio and pinned-post hints. Profile HTML did not expose a pinned-post URL; configure pinned_post_url in data/x_profile_sources.json to attach a generated pinned-post hint. Authenticated X following collection was requested but skipped: Authenticated following page redirected to X login.
kazunanpa,yutty-pua,influence,Public X profile explicitly labels @yutty_pua as this account's teacher.,https://x.com/kazunanpa,0.74,fact,False,Auto-collected from a public X profile. Review generated bio and pinned-post hints. Profile HTML did not expose a pinned-post URL; configure pinned_post_url in data/x_profile_sources.json to attach a generated pinned-post hint. Authenticated X following collection was requested but skipped: Authenticated following page redirected to X login.
kazunanpa,kazunanpa2,affiliation,Public X profile explicitly links @kazunanpa2 as the report side account.,https://x.com/kazunanpa,0.72,fact,False,Auto-collected from a public X profile. Review generated bio and pinned-post hints. Profile HTML did not expose a pinned-post URL; configure pinned_post_url in data/x_profile_sources.json to attach a generated pinned-post hint. Authenticated X following collection was requested but skipped: Authenticated following page redirected to X login.
kazunanpa2,x,affiliation,Profile links point to X.,https://x.com/kazunanpa2,0.86,fact,True,Auto-collected from a public X profile. Review generated bio and pinned-post hints. Profile HTML did not expose a pinned-post URL; configure pinned_post_url in data/x_profile_sources.json to attach a generated pinned-post hint. Authenticated X following collection was requested but skipped: Authenticated following page redirected to X login.
kd-ixi,x,affiliation,Profile links point to X.,https://x.com/kd_ixi,0.86,fact,True,Auto-collected from a public X profile. Review generated bio and pinned-post hints. Profile HTML did not expose a pinned-post URL; configure pinned_post_url in data/x_profile_sources.json to attach a generated pinned-post hint. Authenticated X following collection was requested but skipped: Authenticated following page redirected to X login.
kei-male-apex,x,affiliation,Profile links point to X.,https://x.com/kei_male_apex,0.86,fact,True,Auto-collected from a public X profile. Review generated bio and pinned-post hints. Profile HTML did not expose a pinned-post URL; configure pinned_post_url in data/x_profile_sources.json to attach a generated pinned-post hint. Authenticated X following collection was requested but skipped: Authenticated following page redirected to X login.
kei-male-apex,note,affiliation,Profile links point to note.,https://x.com/kei_male_apex | https://note.com/kei_nanpa/n/naf8692d6b748,0.86,fact,True,Auto-collected from a public X profile. Review generated bio and pinned-post hints. Profile HTML did not expose a pinned-post URL; configure pinned_post_url in data/x_profile_sources.json to attach a generated pinned-post hint. Authenticated X following collection was requested but skipped: Authenticated following page redirected to X login.
kei-nanpa,x,affiliation,Profile links point to X.,https://x.com/kei_nanpa,0.86,fact,True,Auto-collected from a public X profile. Review generated bio and pinned-post hints. Profile HTML did not expose a pinned-post URL; configure pinned_post_url in data/x_profile_sources.json to attach a generated pinned-post hint. Authenticated X following collection was requested but skipped: Authenticated following page redirected to X login.
kei-pua,x,affiliation,Profile links point to X.,https://x.com/kei__pua,0.86,fact,True,Auto-collected from a public X profile. Review generated bio and pinned-post hints. Profile HTML did not expose a pinned-post URL; configure pinned_post_url in data/x_profile_sources.json to attach a generated pinned-post hint. Authenticated X following collection was requested but skipped: Authenticated following page redirected to X login.
kei-pua,eb6lx,affiliation,Public X profile explicitly identifies @eb6lx as the main account behind this player-side profile.,https://x.com/kei__pua,0.72,fact,False,Auto-collected from a public X profile. Review generated bio and pinned-post hints. Profile HTML did not expose a pinned-post URL; configure pinned_post_url in data/x_profile_sources.json to attach a generated pinned-post hint. Authenticated X following collection was requested but skipped: Authenticated following page redirected to X login.
kenichi-pua,x,affiliation,Profile links point to X.,https://x.com/kenichi_pua,0.86,fact,True,Auto-collected from a public X profile. Review generated bio and pinned-post hints. Profile HTML did not expose a pinned-post URL; configure pinned_post_url in data/x_profile_sources.json to attach a generated pinned-post hint. Authenticated X following collection was requested but skipped: Authenticated following page redirected to X login.
kenichi-pua,line,affiliation,Profile links point to LINE.,https://x.com/kenichi_pua | https://lin.ee/UugOeAk,0.86,fact,True,Auto-collected from a public X profile. Review generated bio and pinned-post hints. Profile HTML did not expose a pinned-post URL; configure pinned_post_url in data/x_profile_sources.json to attach a generated pinned-post hint. Authenticated X following collection was requested but skipped: Authenticated following page redirected to X login.
kent-o-o,x,affiliation,Profile links point to X.,https://x.com/kent_o_o,0.86,fact,True,Auto-collected from a public X profile. Review generated bio and pinned-post hints. Profile HTML did not expose a pinned-post URL; configure pinned_post_url in data/x_profile_sources.json to attach a generated pinned-post hint. Authenticated X following collection was requested but skipped: Authenticated following page redirected to X login.
kgori-0412,x,affiliation,Profile links point to X.,https://x.com/kgori_0412,0.86,fact,True,"Auto-collected from a public X profile. Review generated bio and pinned-post hints. Profile HTML did not expose a pinned-post URL; configure pinned_post_url in data/x_profile_sources.json to attach a generated pinned-post hint. Authenticated X following collection was requested but skipped: Authenticated following page redirected to X login. Generated snapshot differs from manual fields: profile_text, summary."
kgori-0412,line,affiliation,Profile links point to LINE.,https://x.com/kgori_0412 | https://line.me/R/ti/p/@080uuzcs,0.86,fact,True,"Auto-collected from a public X profile. Review generated bio and pinned-post hints. Profile HTML did not expose a pinned-post URL; configure pinned_post_url in data/x_profile_sources.json to attach a generated pinned-post hint. Authenticated X following collection was requested but skipped: Authenticated following page redirected to X login. Generated snapshot differs from manual fields: profile_text, summary."
kibaaaana,x,affiliation,Profile links point to X.,https://x.com/kibaaaana,0.86,fact,True,Auto-collected from a public X profile. Review generated bio and pinned-post hints. Profile HTML did not expose a pinned-post URL; configure pinned_post_url in data/x_profile_sources.json to attach a generated pinned-post hint. Authenticated X following collection was requested but skipped: Authenticated following page redirected to X login.
kibaaaana,note,affiliation,Profile links point to note.,https://x.com/kibaaaana | https://note.com/kibana1031/,0.86,fact,True,Auto-collected from a public X profile. Review generated bio and pinned-post hints. Profile HTML did not expose a pinned-post URL; configure pinned_post_url in data/x_profile_sources.json to attach a generated pinned-post hint. Authenticated X following collection was requested but skipped: Authenticated following page redirected to X login.
kibaaaana,nonchama-pro,profile_mention,"Approved review candidate from summary, profile_text mentioning のんちゃま.",https://x.com/kibaaaana | https://note.com/kibana1031/,0.4,interpretation,False,"Approved from review candidate kibaaaana__nonchama-pro__profile_mention. Original evidence: キバナ👃@味噌 (@kibaaaana)
味噌/二代目mスト部部長/mスト部vs🌵部""最多即""🐙M6時間4即/厚底を軸にした脳死ローラー/22年116即23年93即24年32即/290即over/#のんちゃま一門/界隈21.4〜/ほぼ引退
Location: 味噌 Approval note: Public X profile explicitly names this group or lesson."
kibana1031,x,affiliation,Profile links point to X.,https://x.com/kibana1031,0.86,fact,True,Auto-collected from a public X profile. Review generated bio and pinned-post hints. Profile HTML did not expose a pinned-post URL; configure pinned_post_url in data/x_profile_sources.json to attach a generated pinned-post hint. Authenticated X following collection was requested but skipped: Authenticated following page redirected to X login.
kickpua,x,affiliation,Profile links point to X.,https://x.com/kickpua,0.86,fact,True,Auto-collected from a public X profile. Review generated bio and pinned-post hints. Profile HTML did not expose a pinned-post URL; configure pinned_post_url in data/x_profile_sources.json to attach a generated pinned-post hint. Authenticated X following collection was requested but skipped: Authenticated following page redirected to X login.
kill-pua,x,affiliation,Profile links point to X.,https://x.com/kill_pua,0.86,fact,True,Auto-collected from a public X profile. Review generated bio and pinned-post hints. Profile HTML did not expose a pinned-post URL; configure pinned_post_url in data/x_profile_sources.json to attach a generated pinned-post hint. Authenticated X following collection was requested but skipped: Authenticated following page redirected to X login.
kimu-himitsu2,x,affiliation,Profile links point to X.,https://x.com/kimu__himitsu2,0.86,fact,True,Auto-collected from a public X profile. Review generated bio and pinned-post hints. Profile HTML did not expose a pinned-post URL; configure pinned_post_url in data/x_profile_sources.json to attach a generated pinned-post hint. Authenticated X following collection was requested but skipped: Authenticated following page redirected to X login.
kimu-himitsu2,ziyuunotsubasa1,affiliation,Public X profile explicitly identifies @ziyuunotsubasa1 as the founder account behind this lineage.,https://x.com/kimu__himitsu2,0.68,fact,False,Auto-collected from a public X profile. Review generated bio and pinned-post hints. Profile HTML did not expose a pinned-post URL; configure pinned_post_url in data/x_profile_sources.json to attach a generated pinned-post hint. Authenticated X following collection was requested but skipped: Authenticated following page redirected to X login.
kimu-himitsu2,like-himitsu,affiliation,Public X profile explicitly links @like_himitsu as the related sub account.,https://x.com/kimu__himitsu2,0.72,fact,False,Auto-collected from a public X profile. Review generated bio and pinned-post hints. Profile HTML did not expose a pinned-post URL; configure pinned_post_url in data/x_profile_sources.json to attach a generated pinned-post hint. Authenticated X following collection was requested but skipped: Authenticated following page redirected to X login.
king-bange,x,affiliation,Profile links point to X.,https://x.com/KING_BANGE,0.86,fact,True,Auto-collected from a public X profile. Review generated bio and pinned-post hints. Profile HTML did not expose a pinned-post URL; configure pinned_post_url in data/x_profile_sources.json to attach a generated pinned-post hint. Authenticated X following collection was requested but skipped: Authenticated following page redirected to X login.
kira-pua7,x,affiliation,Profile links point to X.,https://x.com/kira_pua7,0.86,fact,True,Auto-collected from a public X profile. Review generated bio and pinned-post hints. Profile HTML did not expose a pinned-post URL; configure pinned_post_url in data/x_profile_sources.json to attach a generated pinned-post hint. Authenticated X following collection was requested but skipped: Authenticated following page redirected to X login.
kiri-stomach,x,affiliation,Profile links point to X.,https://x.com/KiriStomach,0.86,fact,True,Auto-collected from a public X profile. Review generated bio and pinned-post hints. Profile HTML did not expose a pinned-post URL; configure pinned_post_url in data/x_profile_sources.json to attach a generated pinned-post hint. Authenticated X following collection was requested but skipped: Authenticated following page redirected to X login.
kiri-stomach,nrtq5ihqepycy0n,profile_mention,Public X profile explicitly labels @NRTq5ihqEpYCy0N as this account's cohabiting girl's account.,https://x.com/KiriStomach,0.72,fact,False,Auto-collected from a public X profile. Review generated bio and pinned-post hints. Profile HTML did not expose a pinned-post URL; configure pinned_post_url in data/x_profile_sources.json to attach a generated pinned-post hint. Authenticated X following collection was requested but skipped: Authenticated following page redirected to X login.
kirishima-nanpa,x,affiliation,Profile links point to X.,https://x.com/kirishima_nanpa,0.86,fact,True,Auto-collected from a public X profile. Review generated bio and pinned-post hints. Profile HTML did not expose a pinned-post URL; configure pinned_post_url in data/x_profile_sources.json to attach a generated pinned-post hint. Authenticated X following collection was requested but skipped: Authenticated following page redirected to X login.
kkk-pua,x,affiliation,Profile links point to X.,https://x.com/kkk_pua,0.86,fact,True,Auto-collected from a public X profile. Review generated bio and pinned-post hints. Profile HTML did not expose a pinned-post URL; configure pinned_post_url in data/x_profile_sources.json to attach a generated pinned-post hint. Authenticated X following collection was requested but skipped: Authenticated following page redirected to X login.
knk-stnn,x,affiliation,Profile links point to X.,https://x.com/knk_stnn,0.86,fact,True,Auto-collected from a public X profile. Review generated bio and pinned-post hints. Profile HTML did not expose a pinned-post URL; configure pinned_post_url in data/x_profile_sources.json to attach a generated pinned-post hint. Authenticated X following collection was requested but skipped: Authenticated following page redirected to X login.
knk-stnn,wing-nampa,influence,Public X profile explicitly says this account is in wing's long-term pickup instruction course.,https://x.com/knk_stnn,0.74,fact,False,Auto-collected from a public X profile. Review generated bio and pinned-post hints. Profile HTML did not expose a pinned-post URL; configure pinned_post_url in data/x_profile_sources.json to attach a generated pinned-post hint. Authenticated X following collection was requested but skipped: Authenticated following page redirected to X login.
kohaku-renai,x,affiliation,Profile links point to X.,https://x.com/kohaku_renai,0.86,fact,True,Auto-collected from a public X profile. Review generated bio and pinned-post hints. Profile HTML did not expose a pinned-post URL; configure pinned_post_url in data/x_profile_sources.json to attach a generated pinned-post hint. Authenticated X following collection was requested but skipped: Authenticated following page redirected to X login.
komanyan28,x,affiliation,Profile links point to X.,https://x.com/komanyan28,0.86,fact,True,Auto-collected from a public X profile. Review generated bio and pinned-post hints. Profile HTML did not expose a pinned-post URL; configure pinned_post_url in data/x_profile_sources.json to attach a generated pinned-post hint. Authenticated X following collection was requested but skipped: Authenticated following page redirected to X login.
konamon-nampa,x,affiliation,Profile links point to X.,https://x.com/konamon_nampa,0.86,fact,True,Auto-collected from a public X profile. Review generated bio and pinned-post hints. Profile HTML did not expose a pinned-post URL; configure pinned_post_url in data/x_profile_sources.json to attach a generated pinned-post hint. Authenticated X following collection was requested but skipped: Authenticated following page redirected to X login.
konkatsu-nanpa,x,affiliation,Profile links point to X.,https://x.com/konkatsu_nanpa,0.86,fact,True,Auto-collected from a public X profile. Review generated bio and pinned-post hints. Profile HTML did not expose a pinned-post URL; configure pinned_post_url in data/x_profile_sources.json to attach a generated pinned-post hint. Authenticated X following collection was requested but skipped: Authenticated following page redirected to X login.
konkatsu-nanpa,note,affiliation,Profile links point to note.,https://x.com/konkatsu_nanpa | https://note.com/konkatsu_nanpa/n/n6ee667f7e4af,0.86,fact,True,Auto-collected from a public X profile. Review generated bio and pinned-post hints. Profile HTML did not expose a pinned-post URL; configure pinned_post_url in data/x_profile_sources.json to attach a generated pinned-post hint. Authenticated X following collection was requested but skipped: Authenticated following page redirected to X login.
konkatsu-nanpa,yutty-pua,influence,Public X profile explicitly identifies this account as a Yutty long-term course student.,https://x.com/konkatsu_nanpa,0.74,fact,False,Auto-collected from a public X profile. Review generated bio and pinned-post hints. Profile HTML did not expose a pinned-post URL; configure pinned_post_url in data/x_profile_sources.json to attach a generated pinned-post hint. Authenticated X following collection was requested but skipped: Authenticated following page redirected to X login.
korasyo-renai,x,affiliation,Profile links point to X.,https://x.com/korasyo_renai,0.86,fact,True,Auto-collected from a public X profile. Review generated bio and pinned-post hints. Profile HTML did not expose a pinned-post URL; configure pinned_post_url in data/x_profile_sources.json to attach a generated pinned-post hint. Authenticated X following collection was requested but skipped: Authenticated following page redirected to X login.
korea-pua,x,affiliation,Profile links point to X.,https://x.com/korea_pua,0.86,fact,True,Auto-collected from a public X profile. Review generated bio and pinned-post hints. Profile HTML did not expose a pinned-post URL; configure pinned_post_url in data/x_profile_sources.json to attach a generated pinned-post hint. Authenticated X following collection was requested but skipped: Authenticated following page redirected to X login.
korilla-pua,x,affiliation,Profile links point to X.,https://x.com/korilla_pua,0.86,fact,True,Auto-collected from a public X profile. Review generated bio and pinned-post hints. Profile HTML did not expose a pinned-post URL; configure pinned_post_url in data/x_profile_sources.json to attach a generated pinned-post hint. Authenticated X following collection was requested but skipped: Authenticated following page redirected to X login.
korilla-pua,tips,affiliation,Profile links point to Tips.,https://x.com/korilla_pua | https://tips.jp/s/a15OMM,0.86,fact,True,Auto-collected from a public X profile. Review generated bio and pinned-post hints. Profile HTML did not expose a pinned-post URL; configure pinned_post_url in data/x_profile_sources.json to attach a generated pinned-post hint. Authenticated X following collection was requested but skipped: Authenticated following page redirected to X login.
korilla-pua,puro-nampa,profile_mention,"Approved review candidate from summary, profile_text mentioning M氏.",https://x.com/korilla_pua | https://tips.jp/s/a15OMM,0.4,interpretation,False,"Approved from review candidate korilla-pua__puro-nampa__profile_mention. Original evidence: こりら🧸 (@korilla_pua)
元ブサイク&M字ハゲ&ビール腹のオバサー｜戦略的に“マッチングアプリのみ”で経験人数300人超え｜コンプレックスまみれでもアプリで無双したい人はフォロー必須🧸｜日本一非モテ男性を救済してる #こりらM氏講習 の依頼はDMまで🧸💌
Location: 講習の概要はこちら➡️ Approval note: Public X profile explicitly names this group or lesson."
koumei-pua,x,affiliation,Profile links point to X.,https://x.com/koumei_pua,0.86,fact,True,Auto-collected from a public X profile. Review generated bio and pinned-post hints. Profile HTML did not expose a pinned-post URL; configure pinned_post_url in data/x_profile_sources.json to attach a generated pinned-post hint. Authenticated X following collection was requested but skipped: Authenticated following page redirected to X login.
kqsq,x,affiliation,Profile links point to X.,https://x.com/kqsq_,0.86,fact,True,Auto-collected from a public X profile. Review generated bio and pinned-post hints. Profile HTML did not expose a pinned-post URL; configure pinned_post_url in data/x_profile_sources.json to attach a generated pinned-post hint. Authenticated X following collection was requested but skipped: Authenticated following page redirected to X login.
krazypua,x,affiliation,Profile links point to X.,https://x.com/krazypua,0.86,fact,True,Auto-collected from a public X profile. Review generated bio and pinned-post hints. Profile HTML did not expose a pinned-post URL; configure pinned_post_url in data/x_profile_sources.json to attach a generated pinned-post hint. Authenticated X following collection was requested but skipped: Authenticated following page redirected to X login.
krt,x,affiliation,Profile links point to X.,https://x.com/KRT,0.86,fact,True,Auto-collected from a public X profile. Review generated bio and pinned-post hints. Profile HTML did not expose a pinned-post URL; configure pinned_post_url in data/x_profile_sources.json to attach a generated pinned-post hint. Authenticated X following collection was requested but skipped: Authenticated following page redirected to X login.
kukuru-nanpa,x,affiliation,Profile links point to X.,https://x.com/kukuru_nanpa,0.86,fact,True,Auto-collected from a public X profile. Review generated bio and pinned-post hints. Profile HTML did not expose a pinned-post URL; configure pinned_post_url in data/x_profile_sources.json to attach a generated pinned-post hint. Authenticated X following collection was requested but skipped: Authenticated following page redirected to X login.
kuma-661,x,affiliation,Profile links point to X.,https://x.com/kuma661,0.86,fact,True,Auto-collected from a public X profile. Review generated bio and pinned-post hints. Profile HTML did not expose a pinned-post URL; configure pinned_post_url in data/x_profile_sources.json to attach a generated pinned-post hint. Authenticated X following collection was requested but skipped: Authenticated following page redirected to X login.
kuma-661,note,affiliation,Profile links point to note.,https://x.com/kuma661 | https://note.com/iwkm,0.86,fact,True,Auto-collected from a public X profile. Review generated bio and pinned-post hints. Profile HTML did not expose a pinned-post URL; configure pinned_post_url in data/x_profile_sources.json to attach a generated pinned-post hint. Authenticated X following collection was requested but skipped: Authenticated following page redirected to X login.
kurita-pua,x,affiliation,Profile links point to X.,https://x.com/kurita_pua,0.86,fact,True,Auto-collected from a public X profile. Review generated bio and pinned-post hints. Profile HTML did not expose a pinned-post URL; configure pinned_post_url in data/x_profile_sources.json to attach a generated pinned-post hint. Authenticated X following collection was requested but skipped: Authenticated following page redirected to X login.
kurita-pua,note,affiliation,Profile links point to note.,https://x.com/kurita_pua | https://note.com/kurita_pua,0.86,fact,True,Auto-collected from a public X profile. Review generated bio and pinned-post hints. Profile HTML did not expose a pinned-post URL; configure pinned_post_url in data/x_profile_sources.json to attach a generated pinned-post hint. Authenticated X following collection was requested but skipped: Authenticated following page redirected to X login.
kurita-pua,sub-kurita,affiliation,Public X profile explicitly links @sub_kurita as the talkative side account behind this profile.,https://x.com/kurita_pua,0.72,fact,False,Auto-collected from a public X profile. Review generated bio and pinned-post hints. Profile HTML did not expose a pinned-post URL; configure pinned_post_url in data/x_profile_sources.json to attach a generated pinned-post hint. Authenticated X following collection was requested but skipped: Authenticated following page redirected to X login.
kuroiwa-45,x,affiliation,Profile links point to X.,https://x.com/kuroiwa_45,0.86,fact,True,Auto-collected from a public X profile. Review generated bio and pinned-post hints. Profile HTML did not expose a pinned-post URL; configure pinned_post_url in data/x_profile_sources.json to attach a generated pinned-post hint. Authenticated X following collection was requested but skipped: Authenticated following page redirected to X login.
kuroiwa-45,line,affiliation,Profile links point to LINE.,https://x.com/kuroiwa_45 | https://lin.ee/IgaxiPU,0.86,fact,True,Auto-collected from a public X profile. Review generated bio and pinned-post hints. Profile HTML did not expose a pinned-post URL; configure pinned_post_url in data/x_profile_sources.json to attach a generated pinned-post hint. Authenticated X following collection was requested but skipped: Authenticated following page redirected to X login.
kuroiwa-45,kuroiwa-sub,affiliation,Public X profile explicitly links @kuroiwa_sub as a related account.,https://x.com/kuroiwa_45 | https://lin.ee/IgaxiPU,0.72,fact,False,Auto-collected from a public X profile. Review generated bio and pinned-post hints. Profile HTML did not expose a pinned-post URL; configure pinned_post_url in data/x_profile_sources.json to attach a generated pinned-post hint. Authenticated X following collection was requested but skipped: Authenticated following page redirected to X login.
kuroiwa-sub,x,affiliation,Profile links point to X.,https://x.com/kuroiwa_sub,0.86,fact,True,Auto-collected from a public X profile. Review generated bio and pinned-post hints. Profile HTML did not expose a pinned-post URL; configure pinned_post_url in data/x_profile_sources.json to attach a generated pinned-post hint. Authenticated X following collection was requested but skipped: Authenticated following page redirected to X login.
kuroiwa-sub,line,affiliation,Profile links point to LINE.,https://x.com/kuroiwa_sub | https://lin.ee/qRqCwRO,0.86,fact,True,Auto-collected from a public X profile. Review generated bio and pinned-post hints. Profile HTML did not expose a pinned-post URL; configure pinned_post_url in data/x_profile_sources.json to attach a generated pinned-post hint. Authenticated X following collection was requested but skipped: Authenticated following page redirected to X login.
kuroiwa-sub,kuroiwa-45,affiliation,Public X profile explicitly links @kuroiwa_45 as a related account.,https://x.com/kuroiwa_sub | https://lin.ee/qRqCwRO,0.72,fact,False,Auto-collected from a public X profile. Review generated bio and pinned-post hints. Profile HTML did not expose a pinned-post URL; configure pinned_post_url in data/x_profile_sources.json to attach a generated pinned-post hint. Authenticated X following collection was requested but skipped: Authenticated following page redirected to X login.
kurosaka-pua,x,affiliation,Profile links point to X.,https://x.com/kurosaka_pua,0.86,fact,True,Auto-collected from a public X profile. Review generated bio and pinned-post hints. Profile HTML did not expose a pinned-post URL; configure pinned_post_url in data/x_profile_sources.json to attach a generated pinned-post hint. Authenticated X following collection was requested but skipped: Authenticated following page redirected to X login.
kurosaka-pua,youtube,affiliation,Profile links point to YouTube.,https://x.com/kurosaka_pua | https://www.youtube.com/@kurosaka_pua_with_you,0.86,fact,True,Auto-collected from a public X profile. Review generated bio and pinned-post hints. Profile HTML did not expose a pinned-post URL; configure pinned_post_url in data/x_profile_sources.json to attach a generated pinned-post hint. Authenticated X following collection was requested but skipped: Authenticated following page redirected to X login.
kurosaka-pua-wi,x,affiliation,Profile links point to X.,https://x.com/kurosaka_pua_wi,0.86,fact,True,Auto-collected from a public X profile. Review generated bio and pinned-post hints. Profile HTML did not expose a pinned-post URL; configure pinned_post_url in data/x_profile_sources.json to attach a generated pinned-post hint. Authenticated X following collection was requested but skipped: Authenticated following page redirected to X login.
kurosakikun,x,affiliation,Profile links point to X.,https://x.com/kurosakikun___,0.86,fact,True,Auto-collected from a public X profile. Review generated bio and pinned-post hints. Profile HTML did not expose a pinned-post URL; configure pinned_post_url in data/x_profile_sources.json to attach a generated pinned-post hint. Authenticated X following collection was requested but skipped: Authenticated following page redirected to X login.
kurosakikun,k-932654,affiliation,Public X profile explicitly links @K_932654 as the side account behind this profile.,https://x.com/kurosakikun___,0.72,fact,False,Auto-collected from a public X profile. Review generated bio and pinned-post hints. Profile HTML did not expose a pinned-post URL; configure pinned_post_url in data/x_profile_sources.json to attach a generated pinned-post hint. Authenticated X following collection was requested but skipped: Authenticated following page redirected to X login.
lcup-pua,x,affiliation,Profile links point to X.,https://x.com/lcup_pua,0.86,fact,True,Auto-collected from a public X profile. Review generated bio and pinned-post hints. Profile HTML did not expose a pinned-post URL; configure pinned_post_url in data/x_profile_sources.json to attach a generated pinned-post hint. Authenticated X following collection was requested but skipped: Authenticated following page redirected to X login.
leopard-nanpa,x,affiliation,Profile links point to X.,https://x.com/Leopard_nanpa,0.86,fact,True,Auto-collected from a public X profile. Review generated bio and pinned-post hints. Profile HTML did not expose a pinned-post URL; configure pinned_post_url in data/x_profile_sources.json to attach a generated pinned-post hint. Authenticated X following collection was requested but skipped: Authenticated following page redirected to X login.
liberty-pai,x,affiliation,Profile links point to X.,https://x.com/liberty_pai,0.86,fact,True,Auto-collected from a public X profile. Review generated bio and pinned-post hints. Profile HTML did not expose a pinned-post URL; configure pinned_post_url in data/x_profile_sources.json to attach a generated pinned-post hint. Authenticated X following collection was requested but skipped: Authenticated following page redirected to X login.
like-himitsu,x,affiliation,Profile links point to X.,https://x.com/like_himitsu,0.86,fact,True,Auto-collected from a public X profile. Review generated bio and pinned-post hints. Profile HTML did not expose a pinned-post URL; configure pinned_post_url in data/x_profile_sources.json to attach a generated pinned-post hint. Authenticated X following collection was requested but skipped: Authenticated following page redirected to X login.
lillard-motetai,x,affiliation,Profile links point to X.,https://x.com/lillard_motetai,0.86,fact,True,Auto-collected from a public X profile. Review generated bio and pinned-post hints. Profile HTML did not expose a pinned-post URL; configure pinned_post_url in data/x_profile_sources.json to attach a generated pinned-post hint. Authenticated X following collection was requested but skipped: Authenticated following page redirected to X login.
lonely-stonan,x,affiliation,Profile links point to X.,https://x.com/lonely_stonan,0.86,fact,True,Auto-collected from a public X profile. Review generated bio and pinned-post hints. Profile HTML did not expose a pinned-post URL; configure pinned_post_url in data/x_profile_sources.json to attach a generated pinned-post hint. Authenticated X following collection was requested but skipped: Authenticated following page redirected to X login.
long-island-pua,x,affiliation,Profile links point to X.,https://x.com/Long_Island_pua,0.86,fact,True,Auto-collected from a public X profile. Review generated bio and pinned-post hints. Profile HTML did not expose a pinned-post URL; configure pinned_post_url in data/x_profile_sources.json to attach a generated pinned-post hint. Authenticated X following collection was requested but skipped: Authenticated following page redirected to X login.
love-hack-ms,x,affiliation,Profile links point to X.,https://x.com/love_hack_ms,0.86,fact,True,Auto-collected from a public X profile. Review generated bio and pinned-post hints. Profile HTML did not expose a pinned-post URL; configure pinned_post_url in data/x_profile_sources.json to attach a generated pinned-post hint. Authenticated X following collection was requested but skipped: Authenticated following page redirected to X login.
lp3moxpnhkbkcmw,x,affiliation,Profile links point to X.,https://x.com/lp3moxpnhkbkcmw,0.86,fact,True,Auto-collected from a public X profile. Review generated bio and pinned-post hints. Profile HTML did not expose a pinned-post URL; configure pinned_post_url in data/x_profile_sources.json to attach a generated pinned-post hint. Authenticated X following collection was requested but skipped: Authenticated following page redirected to X login.
lucky-tern262,x,affiliation,Profile links point to X.,https://x.com/lucky_tern262,0.86,fact,True,Auto-collected from a public X profile. Review generated bio and pinned-post hints. Profile HTML did not expose a pinned-post URL; configure pinned_post_url in data/x_profile_sources.json to attach a generated pinned-post hint. Authenticated X following collection was requested but skipped: Authenticated following page redirected to X login.
mabonasu-pua,x,affiliation,Profile links point to X.,https://x.com/mabonasu_pua,0.86,fact,True,Auto-collected from a public X profile. Review generated bio and pinned-post hints. Profile HTML did not expose a pinned-post URL; configure pinned_post_url in data/x_profile_sources.json to attach a generated pinned-post hint. Authenticated X following collection was requested but skipped: Authenticated following page redirected to X login.
machapua3,x,affiliation,Profile links point to X.,https://x.com/machapua3,0.86,fact,True,Auto-collected from a public X profile. Review generated bio and pinned-post hints. Profile HTML did not expose a pinned-post URL; configure pinned_post_url in data/x_profile_sources.json to attach a generated pinned-post hint. Authenticated X following collection was requested but skipped: Authenticated following page redirected to X login.
machapua3,xcandee,affiliation,Public X profile explicitly labels @_xCandee as the main account behind this side account.,https://x.com/machapua3,0.72,fact,False,Auto-collected from a public X profile. Review generated bio and pinned-post hints. Profile HTML did not expose a pinned-post URL; configure pinned_post_url in data/x_profile_sources.json to attach a generated pinned-post hint. Authenticated X following collection was requested but skipped: Authenticated following page redirected to X login.
machida,kanto,affiliation,Machida is grouped under the Kanto region cluster for geographic browsing.,manual://seed,0.9,fact,False,
madayaluyo,x,affiliation,Profile links point to X.,https://x.com/madayaluyo,0.86,fact,True,Auto-collected from a public X profile. Review generated bio and pinned-post hints. Profile HTML did not expose a pinned-post URL; configure pinned_post_url in data/x_profile_sources.json to attach a generated pinned-post hint. Authenticated X following collection was requested but skipped: Authenticated following page redirected to X login.
mafty-nanpa,x,affiliation,Profile links point to X.,https://x.com/mafty_nanpa,0.86,fact,True,Auto-collected from a public X profile. Review generated bio and pinned-post hints. Profile HTML did not expose a pinned-post URL; configure pinned_post_url in data/x_profile_sources.json to attach a generated pinned-post hint. Authenticated X following collection was requested but skipped: Authenticated following page redirected to X login.
magic-kaito7,x,affiliation,Profile links point to X.,https://x.com/magic_kaito7,0.86,fact,True,Auto-collected from a public X profile. Review generated bio and pinned-post hints. Profile HTML did not expose a pinned-post URL; configure pinned_post_url in data/x_profile_sources.json to attach a generated pinned-post hint. Authenticated X following collection was requested but skipped: Authenticated following page redirected to X login.
makoto-pua,x,affiliation,Profile links point to X.,https://x.com/makoto__pua,0.86,fact,True,Auto-collected from a public X profile. Review generated bio and pinned-post hints. Profile HTML did not expose a pinned-post URL; configure pinned_post_url in data/x_profile_sources.json to attach a generated pinned-post hint. Authenticated X following collection was requested but skipped: Authenticated following page redirected to X login.
mamemame-nanpa,x,affiliation,Profile links point to X.,https://x.com/mamemame_nanpa,0.86,fact,True,Auto-collected from a public X profile. Review generated bio and pinned-post hints. Profile HTML did not expose a pinned-post URL; configure pinned_post_url in data/x_profile_sources.json to attach a generated pinned-post hint. Authenticated X following collection was requested but skipped: Authenticated following page redirected to X login.
mamemame-nanpa,motemaga-japan,affiliation,Public X profile explicitly links @motemagaJAPAN as the related side account.,https://x.com/mamemame_nanpa,0.72,fact,False,Auto-collected from a public X profile. Review generated bio and pinned-post hints. Profile HTML did not expose a pinned-post URL; configure pinned_post_url in data/x_profile_sources.json to attach a generated pinned-post hint. Authenticated X following collection was requested but skipped: Authenticated following page redirected to X login.
mange-daisuke,x,affiliation,Profile links point to X.,https://x.com/mange_daisuke,0.86,fact,True,Auto-collected from a public X profile. Review generated bio and pinned-post hints. Profile HTML did not expose a pinned-post URL; configure pinned_post_url in data/x_profile_sources.json to attach a generated pinned-post hint. Authenticated X following collection was requested but skipped: Authenticated following page redirected to X login.
mange-pua,x,affiliation,Profile links point to X.,https://x.com/Mange_pua,0.86,fact,True,Auto-collected from a public X profile. Review generated bio and pinned-post hints. Profile HTML did not expose a pinned-post URL; configure pinned_post_url in data/x_profile_sources.json to attach a generated pinned-post hint. Authenticated X following collection was requested but skipped: Authenticated following page redirected to X login.
mantis-pua,x,affiliation,Profile links point to X.,https://x.com/mantis_pua,0.86,fact,True,Auto-collected from a public X profile. Review generated bio and pinned-post hints. Profile HTML did not expose a pinned-post URL; configure pinned_post_url in data/x_profile_sources.json to attach a generated pinned-post hint. Authenticated X following collection was requested but skipped: Authenticated following page redirected to X login.
marifax-pua,x,affiliation,Profile links point to X.,https://x.com/marifax_pua,0.86,fact,True,Auto-collected from a public X profile. Review generated bio and pinned-post hints. Profile HTML did not expose a pinned-post URL; configure pinned_post_url in data/x_profile_sources.json to attach a generated pinned-post hint. Authenticated X following collection was requested but skipped: Authenticated following page redirected to X login.
marifax-pua,pochama-tuwaou,influence,Public X profile explicitly identifies this account with the ポチャマ留年講習 course.,https://x.com/marifax_pua,0.74,fact,False,Auto-collected from a public X profile. Review generated bio and pinned-post hints. Profile HTML did not expose a pinned-post URL; configure pinned_post_url in data/x_profile_sources.json to attach a generated pinned-post hint. Authenticated X following collection was requested but skipped: Authenticated following page redirected to X login.
maruoooon-pua,x,affiliation,Profile links point to X.,https://x.com/maruoooon_pua,0.86,fact,True,Auto-collected from a public X profile. Review generated bio and pinned-post hints. Profile HTML did not expose a pinned-post URL; configure pinned_post_url in data/x_profile_sources.json to attach a generated pinned-post hint. Authenticated X following collection was requested but skipped: Authenticated following page redirected to X login.
maruoooon-pua,gureran-m,influence,Public X profile explicitly labels @gureran_m as the mentor account behind this MBH profile.,https://x.com/maruoooon_pua,0.74,fact,False,Auto-collected from a public X profile. Review generated bio and pinned-post hints. Profile HTML did not expose a pinned-post URL; configure pinned_post_url in data/x_profile_sources.json to attach a generated pinned-post hint. Authenticated X following collection was requested but skipped: Authenticated following page redirected to X login.
masao-renai,x,affiliation,Profile links point to X.,https://x.com/masao_renai,0.86,fact,True,Auto-collected from a public X profile. Review generated bio and pinned-post hints. Profile HTML did not expose a pinned-post URL; configure pinned_post_url in data/x_profile_sources.json to attach a generated pinned-post hint. Authenticated X following collection was requested but skipped: Authenticated following page redirected to X login.
masao-renai,note,affiliation,Profile links point to note.,https://x.com/masao_renai | https://note.com/royal_rail7313,0.86,fact,True,Auto-collected from a public X profile. Review generated bio and pinned-post hints. Profile HTML did not expose a pinned-post URL; configure pinned_post_url in data/x_profile_sources.json to attach a generated pinned-post hint. Authenticated X following collection was requested but skipped: Authenticated following page redirected to X login.
matagi-pua,x,affiliation,Profile links point to X.,https://x.com/matagi_pua,0.86,fact,True,Auto-collected from a public X profile. Review generated bio and pinned-post hints. Profile HTML did not expose a pinned-post URL; configure pinned_post_url in data/x_profile_sources.json to attach a generated pinned-post hint. Authenticated X following collection was requested but skipped: Authenticated following page redirected to X login.
matchingmomonga,x,affiliation,Profile links point to X.,https://x.com/matchingmomonga,0.86,fact,True,Auto-collected from a public X profile. Review generated bio and pinned-post hints. Profile HTML did not expose a pinned-post URL; configure pinned_post_url in data/x_profile_sources.json to attach a generated pinned-post hint. Authenticated X following collection was requested but skipped: Authenticated following page redirected to X login.
matchingmomonga,matching-apps,activity,Public X profile explicitly says this account's main field is matching apps.,https://x.com/matchingmomonga,0.68,fact,False,Auto-collected from a public X profile. Review generated bio and pinned-post hints. Profile HTML did not expose a pinned-post URL; configure pinned_post_url in data/x_profile_sources.json to attach a generated pinned-post hint. Authenticated X following collection was requested but skipped: Authenticated following page redirected to X login.
matchkuntv,x,affiliation,Profile links point to X.,https://x.com/matchkuntv,0.86,fact,True,Auto-collected from a public X profile. Review generated bio and pinned-post hints. Profile HTML did not expose a pinned-post URL; configure pinned_post_url in data/x_profile_sources.json to attach a generated pinned-post hint. Authenticated X following collection was requested but skipped: Authenticated following page redirected to X login.
mayuge-mbh,x,affiliation,Profile links point to X.,https://x.com/mayuge_mbh,0.86,fact,True,Auto-collected from a public X profile. Review generated bio and pinned-post hints. Profile HTML did not expose a pinned-post URL; configure pinned_post_url in data/x_profile_sources.json to attach a generated pinned-post hint. Authenticated X following collection was requested but skipped: Authenticated following page redirected to X login.
mbh-hal,x,affiliation,Profile links point to X.,https://x.com/mbh_hal,0.86,fact,True,Auto-collected from a public X profile. Review generated bio and pinned-post hints. Profile HTML did not expose a pinned-post URL; configure pinned_post_url in data/x_profile_sources.json to attach a generated pinned-post hint. Authenticated X following collection was requested but skipped: Authenticated following page redirected to X login.
mbh-hal,gureran-m,affiliation,Public X profile explicitly identifies this account with the MBH coaching cluster led by @gureran_m.,https://x.com/mbh_hal,0.68,mixed,False,Auto-collected from a public X profile. Review generated bio and pinned-post hints. Profile HTML did not expose a pinned-post URL; configure pinned_post_url in data/x_profile_sources.json to attach a generated pinned-post hint. Authenticated X following collection was requested but skipped: Authenticated following page redirected to X login.
mechinanpa,x,affiliation,Profile links point to X.,https://x.com/mechinanpa,0.86,fact,True,Auto-collected from a public X profile. Review generated bio and pinned-post hints. Profile HTML did not expose a pinned-post URL; configure pinned_post_url in data/x_profile_sources.json to attach a generated pinned-post hint. Authenticated X following collection was requested but skipped: Authenticated following page redirected to X login.
mendako-pua,x,affiliation,Profile links point to X.,https://x.com/mendako_pua,0.86,fact,True,Auto-collected from a public X profile. Review generated bio and pinned-post hints. Profile HTML did not expose a pinned-post URL; configure pinned_post_url in data/x_profile_sources.json to attach a generated pinned-post hint. Authenticated X following collection was requested but skipped: Authenticated following page redirected to X login.
mentai-nanpa,x,affiliation,Profile links point to X.,https://x.com/mentai_nanpa,0.86,fact,True,Auto-collected from a public X profile. Review generated bio and pinned-post hints. Profile HTML did not expose a pinned-post URL; configure pinned_post_url in data/x_profile_sources.json to attach a generated pinned-post hint. Authenticated X following collection was requested but skipped: Authenticated following page redirected to X login.
mentaikopua-oji,x,affiliation,Profile links point to X.,https://x.com/mentaikopua_oji,0.86,fact,True,Auto-collected from a public X profile. Review generated bio and pinned-post hints. Profile HTML did not expose a pinned-post URL; configure pinned_post_url in data/x_profile_sources.json to attach a generated pinned-post hint. Authenticated X following collection was requested but skipped: Authenticated following page redirected to X login.
mh4wailgbaorcmt,x,affiliation,Profile links point to X.,https://x.com/mh4wailgbaorcmt,0.86,fact,True,Auto-collected from a public X profile. Review generated bio and pinned-post hints. Profile HTML did not expose a pinned-post URL; configure pinned_post_url in data/x_profile_sources.json to attach a generated pinned-post hint. Authenticated X following collection was requested but skipped: Authenticated following page redirected to X login.
mic-pua,x,affiliation,Profile links point to X.,https://x.com/mic_pua,0.86,fact,True,Auto-collected from a public X profile. Review generated bio and pinned-post hints. Profile HTML did not expose a pinned-post URL; configure pinned_post_url in data/x_profile_sources.json to attach a generated pinned-post hint. Authenticated X following collection was requested but skipped: Authenticated following page redirected to X login.
michimichi-mbh,x,affiliation,Profile links point to X.,https://x.com/michimichi_MBH,0.86,fact,True,Auto-collected from a public X profile. Review generated bio and pinned-post hints. Profile HTML did not expose a pinned-post URL; configure pinned_post_url in data/x_profile_sources.json to attach a generated pinned-post hint. Authenticated X following collection was requested but skipped: Authenticated following page redirected to X login.
mickey-11,x,affiliation,Profile links point to X.,https://x.com/mickey_11,0.86,fact,True,Auto-collected from a public X profile. Review generated bio and pinned-post hints. Profile HTML did not expose a pinned-post URL; configure pinned_post_url in data/x_profile_sources.json to attach a generated pinned-post hint. Authenticated X following collection was requested but skipped: Authenticated following page redirected to X login.
midori-nanpa,x,affiliation,Profile links point to X.,https://x.com/midori_nanpa,0.86,fact,True,Auto-collected from a public X profile. Review generated bio and pinned-post hints. Profile HTML did not expose a pinned-post URL; configure pinned_post_url in data/x_profile_sources.json to attach a generated pinned-post hint. Authenticated X following collection was requested but skipped: Authenticated following page redirected to X login.
mikeymikey0601,x,affiliation,Profile links point to X.,https://x.com/mikeymikey0601,0.86,fact,True,Auto-collected from a public X profile. Review generated bio and pinned-post hints. Profile HTML did not expose a pinned-post URL; configure pinned_post_url in data/x_profile_sources.json to attach a generated pinned-post hint. Authenticated X following collection was requested but skipped: Authenticated following page redirected to X login.
mikeymikey0601,line,affiliation,Profile links point to LINE.,https://x.com/mikeymikey0601 | https://lin.ee/ycpXuaJ,0.86,fact,True,Auto-collected from a public X profile. Review generated bio and pinned-post hints. Profile HTML did not expose a pinned-post URL; configure pinned_post_url in data/x_profile_sources.json to attach a generated pinned-post hint. Authenticated X following collection was requested but skipped: Authenticated following page redirected to X login.
mikeymikey0601,mikeynosub,affiliation,Public X profile explicitly links @mikeynosub as a related account.,https://x.com/mikeymikey0601 | https://lin.ee/ycpXuaJ,0.72,fact,False,Auto-collected from a public X profile. Review generated bio and pinned-post hints. Profile HTML did not expose a pinned-post URL; configure pinned_post_url in data/x_profile_sources.json to attach a generated pinned-post hint. Authenticated X following collection was requested but skipped: Authenticated following page redirected to X login.
mikeynosub,x,affiliation,Profile links point to X.,https://x.com/mikeynosub,0.86,fact,True,Auto-collected from a public X profile. Review generated bio and pinned-post hints. Profile HTML did not expose a pinned-post URL; configure pinned_post_url in data/x_profile_sources.json to attach a generated pinned-post hint. Authenticated X following collection was requested but skipped: Authenticated following page redirected to X login.
mikeynosub,mikeymikey0601,affiliation,Public X profile explicitly links @mikeymikey0601 as a related account.,https://x.com/mikeynosub,0.72,fact,False,Auto-collected from a public X profile. Review generated bio and pinned-post hints. Profile HTML did not expose a pinned-post URL; configure pinned_post_url in data/x_profile_sources.json to attach a generated pinned-post hint. Authenticated X following collection was requested but skipped: Authenticated following page redirected to X login.
mikky-motecoach,x,affiliation,Profile links point to X.,https://x.com/mikky_motecoach,0.86,fact,True,Auto-collected from a public X profile. Review generated bio and pinned-post hints. Profile HTML did not expose a pinned-post URL; configure pinned_post_url in data/x_profile_sources.json to attach a generated pinned-post hint. Authenticated X following collection was requested but skipped: Authenticated following page redirected to X login.
mikky-motecoach,note,affiliation,Profile links point to note.,https://x.com/mikky_motecoach | https://note.com/mickey_11/n/n609a94027cc2?sub_rt=share_pw,0.86,fact,True,Auto-collected from a public X profile. Review generated bio and pinned-post hints. Profile HTML did not expose a pinned-post URL; configure pinned_post_url in data/x_profile_sources.json to attach a generated pinned-post hint. Authenticated X following collection was requested but skipped: Authenticated following page redirected to X login.
mikky-motecoach,mky-match,affiliation,Public X profile explicitly links @mky_match as the matching-app-focused side account.,https://x.com/mikky_motecoach,0.72,fact,False,Auto-collected from a public X profile. Review generated bio and pinned-post hints. Profile HTML did not expose a pinned-post URL; configure pinned_post_url in data/x_profile_sources.json to attach a generated pinned-post hint. Authenticated X following collection was requested but skipped: Authenticated following page redirected to X login.
mina-pua,x,affiliation,Profile links point to X.,https://x.com/mina__pua,0.86,fact,True,Auto-collected from a public X profile. Review generated bio and pinned-post hints. Profile HTML did not expose a pinned-post URL; configure pinned_post_url in data/x_profile_sources.json to attach a generated pinned-post hint. Authenticated X following collection was requested but skipped: Authenticated following page redirected to X login.
minamiseikei,x,affiliation,Profile links point to X.,https://x.com/minamiseikei,0.86,fact,True,Auto-collected from a public X profile. Review generated bio and pinned-post hints. Profile HTML did not expose a pinned-post URL; configure pinned_post_url in data/x_profile_sources.json to attach a generated pinned-post hint. Authenticated X following collection was requested but skipped: Authenticated following page redirected to X login.
minamu-nanpa,x,affiliation,Profile links point to X.,https://x.com/minamu_nanpa,0.86,fact,True,Auto-collected from a public X profile. Review generated bio and pinned-post hints. Profile HTML did not expose a pinned-post URL; configure pinned_post_url in data/x_profile_sources.json to attach a generated pinned-post hint. Authenticated X following collection was requested but skipped: Authenticated following page redirected to X login.
minamu-nanpa,note,affiliation,Profile links point to note.,https://x.com/minamu_nanpa | https://note.com/minamiseikei,0.86,fact,True,Auto-collected from a public X profile. Review generated bio and pinned-post hints. Profile HTML did not expose a pinned-post URL; configure pinned_post_url in data/x_profile_sources.json to attach a generated pinned-post hint. Authenticated X following collection was requested but skipped: Authenticated following page redirected to X login.
minato-pua,x,affiliation,Profile links point to X.,https://x.com/minato_pua,0.86,fact,True,Auto-collected from a public X profile. Review generated bio and pinned-post hints. Profile HTML did not expose a pinned-post URL; configure pinned_post_url in data/x_profile_sources.json to attach a generated pinned-post hint. Authenticated X following collection was requested but skipped: Authenticated following page redirected to X login.
mine-chan-pua,x,affiliation,Profile links point to X.,https://x.com/MINE_chan_pua,0.86,fact,True,Auto-collected from a public X profile. Review generated bio and pinned-post hints. Profile HTML did not expose a pinned-post URL; configure pinned_post_url in data/x_profile_sources.json to attach a generated pinned-post hint. Authenticated X following collection was requested but skipped: Authenticated following page redirected to X login.
minigola-street,x,affiliation,Profile links point to X.,https://x.com/minigola_street,0.86,fact,True,Auto-collected from a public X profile. Review generated bio and pinned-post hints. Profile HTML did not expose a pinned-post URL; configure pinned_post_url in data/x_profile_sources.json to attach a generated pinned-post hint. Authenticated X following collection was requested but skipped: Authenticated following page redirected to X login.
minikarashu,x,affiliation,Profile links point to X.,https://x.com/minikarashu,0.86,fact,True,Auto-collected from a public X profile. Review generated bio and pinned-post hints. Profile HTML did not expose a pinned-post URL; configure pinned_post_url in data/x_profile_sources.json to attach a generated pinned-post hint. Authenticated X following collection was requested but skipped: Authenticated following page redirected to X login.
minorun-ceo,x,affiliation,Profile links point to X.,https://x.com/minorun_ceo,0.86,fact,True,Auto-collected from a public X profile. Review generated bio and pinned-post hints. Profile HTML did not expose a pinned-post URL; configure pinned_post_url in data/x_profile_sources.json to attach a generated pinned-post hint. Authenticated X following collection was requested but skipped: Authenticated following page redirected to X login.
minorun-ceo,note,affiliation,Profile links point to note.,https://x.com/minorun_ceo | https://note.com/preview/nb259f9784320?prev_access_key=cbbf71f392b0a8c7887fde6930ace3be,0.86,fact,True,Auto-collected from a public X profile. Review generated bio and pinned-post hints. Profile HTML did not expose a pinned-post URL; configure pinned_post_url in data/x_profile_sources.json to attach a generated pinned-post hint. Authenticated X following collection was requested but skipped: Authenticated following page redirected to X login.
minorun-ceo,syahudearu,affiliation,Public X profile explicitly links @syahudearu as a related account.,https://x.com/minorun_ceo | https://note.com/preview/nb259f9784320?prev_access_key=cbbf71f392b0a8c7887fde6930ace3be,0.72,fact,False,Auto-collected from a public X profile. Review generated bio and pinned-post hints. Profile HTML did not expose a pinned-post URL; configure pinned_post_url in data/x_profile_sources.json to attach a generated pinned-post hint. Authenticated X following collection was requested but skipped: Authenticated following page redirected to X login.
miraitinder4545,x,affiliation,Profile links point to X.,https://x.com/miraitinder4545,0.86,fact,True,Auto-collected from a public X profile. Review generated bio and pinned-post hints. Profile HTML did not expose a pinned-post URL; configure pinned_post_url in data/x_profile_sources.json to attach a generated pinned-post hint. Authenticated X following collection was requested but skipped: Authenticated following page redirected to X login.
miraitinder6969,x,affiliation,Profile links point to X.,https://x.com/miraitinder6969,0.86,fact,True,Auto-collected from a public X profile. Review generated bio and pinned-post hints. Profile HTML did not expose a pinned-post URL; configure pinned_post_url in data/x_profile_sources.json to attach a generated pinned-post hint. Authenticated X following collection was requested but skipped: Authenticated following page redirected to X login.
miraitinder6969,note,affiliation,Profile links point to note.,https://x.com/miraitinder6969 | https://note.com/future1919,0.86,fact,True,Auto-collected from a public X profile. Review generated bio and pinned-post hints. Profile HTML did not expose a pinned-post URL; configure pinned_post_url in data/x_profile_sources.json to attach a generated pinned-post hint. Authenticated X following collection was requested but skipped: Authenticated following page redirected to X login.
miraitinder6969,miraitinder4545,affiliation,Public X profile explicitly links @miraitinder4545 as the related side account.,https://x.com/miraitinder6969,0.72,fact,False,Auto-collected from a public X profile. Review generated bio and pinned-post hints. Profile HTML did not expose a pinned-post URL; configure pinned_post_url in data/x_profile_sources.json to attach a generated pinned-post hint. Authenticated X following collection was requested but skipped: Authenticated following page redirected to X login.
mirinn-pua,x,affiliation,Profile links point to X.,https://x.com/Mirinn_pua,0.86,fact,True,Auto-collected from a public X profile. Review generated bio and pinned-post hints. Profile HTML did not expose a pinned-post URL; configure pinned_post_url in data/x_profile_sources.json to attach a generated pinned-post hint. Authenticated X following collection was requested but skipped: Authenticated following page redirected to X login.
mizuno-qreep,x,affiliation,Profile links point to X.,https://x.com/mizuno_qreep,0.86,fact,True,Auto-collected from a public X profile. Review generated bio and pinned-post hints. Profile HTML did not expose a pinned-post URL; configure pinned_post_url in data/x_profile_sources.json to attach a generated pinned-post hint. Authenticated X following collection was requested but skipped: Authenticated following page redirected to X login.
mizuno-qreep,note,affiliation,Profile links point to note.,https://x.com/mizuno_qreep | https://note.com/mizunoex/n/n84354fab1f51,0.86,fact,True,Auto-collected from a public X profile. Review generated bio and pinned-post hints. Profile HTML did not expose a pinned-post URL; configure pinned_post_url in data/x_profile_sources.json to attach a generated pinned-post hint. Authenticated X following collection was requested but skipped: Authenticated following page redirected to X login.
mizunoex,x,affiliation,Profile links point to X.,https://x.com/mizunoex,0.86,fact,True,Auto-collected from a public X profile. Review generated bio and pinned-post hints. Profile HTML did not expose a pinned-post URL; configure pinned_post_url in data/x_profile_sources.json to attach a generated pinned-post hint. Authenticated X following collection was requested but skipped: Authenticated following page redirected to X login.
mky-match,x,affiliation,Profile links point to X.,https://x.com/mky_match,0.86,fact,True,Auto-collected from a public X profile. Review generated bio and pinned-post hints. Profile HTML did not expose a pinned-post URL; configure pinned_post_url in data/x_profile_sources.json to attach a generated pinned-post hint. Authenticated X following collection was requested but skipped: Authenticated following page redirected to X login.
mky-match,note,affiliation,Profile links point to note.,https://x.com/mky_match | https://note.com/mickey_11/n/n609a94027cc2?sub_rt=share_pw,0.86,fact,True,Auto-collected from a public X profile. Review generated bio and pinned-post hints. Profile HTML did not expose a pinned-post URL; configure pinned_post_url in data/x_profile_sources.json to attach a generated pinned-post hint. Authenticated X following collection was requested but skipped: Authenticated following page redirected to X login.
mky-match,mikky-motecoach,affiliation,Public X profile explicitly links @mikky_motecoach as the main account behind this side account.,https://x.com/mky_match,0.72,fact,False,Auto-collected from a public X profile. Review generated bio and pinned-post hints. Profile HTML did not expose a pinned-post URL; configure pinned_post_url in data/x_profile_sources.json to attach a generated pinned-post hint. Authenticated X following collection was requested but skipped: Authenticated following page redirected to X login.
molmol-1919,x,affiliation,Profile links point to X.,https://x.com/molmol1919,0.86,fact,True,"Auto-collected from a public X profile. Review generated bio and pinned-post hints. Profile HTML did not expose a pinned-post URL; configure pinned_post_url in data/x_profile_sources.json to attach a generated pinned-post hint. Authenticated X following collection was requested but skipped: Authenticated following page redirected to X login. Generated snapshot differs from manual fields: profile_text, summary."
molmol-1919,note,affiliation,Profile links point to note.,https://x.com/molmol1919 | https://note.com/molmol1919/,0.86,fact,True,"Auto-collected from a public X profile. Review generated bio and pinned-post hints. Profile HTML did not expose a pinned-post URL; configure pinned_post_url in data/x_profile_sources.json to attach a generated pinned-post hint. Authenticated X following collection was requested but skipped: Authenticated following page redirected to X login. Generated snapshot differs from manual fields: profile_text, summary."
momonga-tinder,x,affiliation,Profile links point to X.,https://x.com/momonga_tinder,0.86,fact,True,Auto-collected from a public X profile. Review generated bio and pinned-post hints. Profile HTML did not expose a pinned-post URL; configure pinned_post_url in data/x_profile_sources.json to attach a generated pinned-post hint. Authenticated X following collection was requested but skipped: Authenticated following page redirected to X login.
monobothakuso,x,affiliation,Profile links point to X.,https://x.com/monobothakuso,0.86,fact,True,Auto-collected from a public X profile. Review generated bio and pinned-post hints. Profile HTML did not expose a pinned-post URL; configure pinned_post_url in data/x_profile_sources.json to attach a generated pinned-post hint. Authenticated X following collection was requested but skipped: Authenticated following page redirected to X login.
mostkkweek,x,affiliation,Profile links point to X.,https://x.com/mostkkweek,0.86,fact,True,Auto-collected from a public X profile. Review generated bio and pinned-post hints. Profile HTML did not expose a pinned-post URL; configure pinned_post_url in data/x_profile_sources.json to attach a generated pinned-post hint. Authenticated X following collection was requested but skipped: Authenticated following page redirected to X login.
mote-hair00,x,affiliation,Profile links point to X.,https://x.com/mote_hair00,0.86,fact,True,Auto-collected from a public X profile. Review generated bio and pinned-post hints. Profile HTML did not expose a pinned-post URL; configure pinned_post_url in data/x_profile_sources.json to attach a generated pinned-post hint. Authenticated X following collection was requested but skipped: Authenticated following page redirected to X login.
mote-ren-ai7,x,affiliation,Profile links point to X.,https://x.com/mote_ren_ai7,0.86,fact,True,Auto-collected from a public X profile. Review generated bio and pinned-post hints. Profile HTML did not expose a pinned-post URL; configure pinned_post_url in data/x_profile_sources.json to attach a generated pinned-post hint. Authenticated X following collection was requested but skipped: Authenticated following page redirected to X login.
mote-ren-ai7,shinjukuashura,affiliation,Public X profile explicitly links @ShinjukuAshura as a related account.,https://x.com/mote_ren_ai7 | https://s.lmes.jp/landing-qr/2002174017-8K5bzBro?uLand=ZLkojw,0.72,fact,False,Auto-collected from a public X profile. Review generated bio and pinned-post hints. Profile HTML did not expose a pinned-post URL; configure pinned_post_url in data/x_profile_sources.json to attach a generated pinned-post hint. Authenticated X following collection was requested but skipped: Authenticated following page redirected to X login.
mote-ren-ai7,kageki-ashura,affiliation,Public X profile explicitly links @kageki_ashura as a related account.,https://x.com/mote_ren_ai7 | https://s.lmes.jp/landing-qr/2002174017-8K5bzBro?uLand=ZLkojw,0.72,fact,False,Auto-collected from a public X profile. Review generated bio and pinned-post hints. Profile HTML did not expose a pinned-post URL; configure pinned_post_url in data/x_profile_sources.json to attach a generated pinned-post hint. Authenticated X following collection was requested but skipped: Authenticated following page redirected to X login.
motebody-pua,x,affiliation,Profile links point to X.,https://x.com/motebody_pua,0.86,fact,True,Auto-collected from a public X profile. Review generated bio and pinned-post hints. Profile HTML did not expose a pinned-post URL; configure pinned_post_url in data/x_profile_sources.json to attach a generated pinned-post hint. Authenticated X following collection was requested but skipped: Authenticated following page redirected to X login.
motegasubete,x,affiliation,Profile links point to X.,https://x.com/motegasubete,0.86,fact,True,Auto-collected from a public X profile. Review generated bio and pinned-post hints. Profile HTML did not expose a pinned-post URL; configure pinned_post_url in data/x_profile_sources.json to attach a generated pinned-post hint. Authenticated X following collection was requested but skipped: Authenticated following page redirected to X login.
motemaga-japan,x,affiliation,Profile links point to X.,https://x.com/motemagajapan,0.86,fact,True,Auto-collected from a public X profile. Review generated bio and pinned-post hints. Profile HTML did not expose a pinned-post URL; configure pinned_post_url in data/x_profile_sources.json to attach a generated pinned-post hint. Authenticated X following collection was requested but skipped: Authenticated following page redirected to X login.
motemoteyagi,x,affiliation,Profile links point to X.,https://x.com/motemoteyagi,0.86,fact,True,Auto-collected from a public X profile. Review generated bio and pinned-post hints. Profile HTML did not expose a pinned-post URL; configure pinned_post_url in data/x_profile_sources.json to attach a generated pinned-post hint. Authenticated X following collection was requested but skipped: Authenticated following page redirected to X login.
motemoteyagi,note,affiliation,Profile links point to note.,https://x.com/motemoteyagi | https://note.com/yagi31/n/n5922f8a18783,0.86,fact,True,Auto-collected from a public X profile. Review generated bio and pinned-post hints. Profile HTML did not expose a pinned-post URL; configure pinned_post_url in data/x_profile_sources.json to attach a generated pinned-post hint. Authenticated X following collection was requested but skipped: Authenticated following page redirected to X login.
motezoh-biz,x,affiliation,Profile links point to X.,https://x.com/motezoh_biz,0.86,fact,True,Auto-collected from a public X profile. Review generated bio and pinned-post hints. Profile HTML did not expose a pinned-post URL; configure pinned_post_url in data/x_profile_sources.json to attach a generated pinned-post hint. Authenticated X following collection was requested but skipped: Authenticated following page redirected to X login.
motezoh-biz,chikio-nmp,affiliation,Public X profile explicitly identifies @chikio_NMP as the main account behind this business profile.,https://x.com/motezoh_biz,0.72,fact,False,Auto-collected from a public X profile. Review generated bio and pinned-post hints. Profile HTML did not expose a pinned-post URL; configure pinned_post_url in data/x_profile_sources.json to attach a generated pinned-post hint. Authenticated X following collection was requested but skipped: Authenticated following page redirected to X login.
moviefoodfc2,x,affiliation,Profile links point to X.,https://x.com/moviefoodfc2,0.86,fact,True,Auto-collected from a public X profile. Review generated bio and pinned-post hints. Profile HTML did not expose a pinned-post URL; configure pinned_post_url in data/x_profile_sources.json to attach a generated pinned-post hint. Authenticated X following collection was requested but skipped: Authenticated following page redirected to X login.
murakami-pua,x,affiliation,Profile links point to X.,https://x.com/murakami_pua,0.86,fact,True,Auto-collected from a public X profile. Review generated bio and pinned-post hints. Profile HTML did not expose a pinned-post URL; configure pinned_post_url in data/x_profile_sources.json to attach a generated pinned-post hint. Authenticated X following collection was requested but skipped: Authenticated following page redirected to X login.
na-tu-sb,x,affiliation,Profile links point to X.,https://x.com/na__tu__sb,0.86,fact,True,Auto-collected from a public X profile. Review generated bio and pinned-post hints. Profile HTML did not expose a pinned-post URL; configure pinned_post_url in data/x_profile_sources.json to attach a generated pinned-post hint. Authenticated X following collection was requested but skipped: Authenticated following page redirected to X login.
na-tu-sb,natu-douga,profile_mention,Public X profile explicitly points to @natu__douga as the video archive account.,https://x.com/na__tu__sb,0.74,fact,False,Auto-collected from a public X profile. Review generated bio and pinned-post hints. Profile HTML did not expose a pinned-post URL; configure pinned_post_url in data/x_profile_sources.json to attach a generated pinned-post hint. Authenticated X following collection was requested but skipped: Authenticated following page redirected to X login.
naepua,x,affiliation,Profile links point to X.,https://x.com/naepua,0.86,fact,True,Auto-collected from a public X profile. Review generated bio and pinned-post hints. Profile HTML did not expose a pinned-post URL; configure pinned_post_url in data/x_profile_sources.json to attach a generated pinned-post hint. Authenticated X following collection was requested but skipped: Authenticated following page redirected to X login.
nagasanpua,x,affiliation,Profile links point to X.,https://x.com/nagasanpua,0.86,fact,True,Auto-collected from a public X profile. Review generated bio and pinned-post hints. Profile HTML did not expose a pinned-post URL; configure pinned_post_url in data/x_profile_sources.json to attach a generated pinned-post hint. Authenticated X following collection was requested but skipped: Authenticated following page redirected to X login.
nagasanpua,kansai,activity,Public X profile explicitly says this account works to grow the Kansai sea-nanpa scene.,https://x.com/nagasanpua,0.68,mixed,False,Auto-collected from a public X profile. Review generated bio and pinned-post hints. Profile HTML did not expose a pinned-post URL; configure pinned_post_url in data/x_profile_sources.json to attach a generated pinned-post hint. Authenticated X following collection was requested but skipped: Authenticated following page redirected to X login.
nagi-nanpa0922,x,affiliation,Profile links point to X.,https://x.com/nagi_nanpa0922,0.86,fact,True,Auto-collected from a public X profile. Review generated bio and pinned-post hints. Profile HTML did not expose a pinned-post URL; configure pinned_post_url in data/x_profile_sources.json to attach a generated pinned-post hint. Authenticated X following collection was requested but skipped: Authenticated following page redirected to X login.
nagi-nanpa0922,yutty-pua,influence,Public X profile explicitly identifies this account as a Yutty long-term course student.,https://x.com/nagi_nanpa0922,0.74,fact,False,Auto-collected from a public X profile. Review generated bio and pinned-post hints. Profile HTML did not expose a pinned-post URL; configure pinned_post_url in data/x_profile_sources.json to attach a generated pinned-post hint. Authenticated X following collection was requested but skipped: Authenticated following page redirected to X login.
nagoya,chubu,affiliation,Nagoya is grouped under the Chubu region cluster for geographic browsing.,https://www.city.nagoya.jp/,0.98,fact,False,
nakaboshisama,x,affiliation,Profile links point to X.,https://x.com/nakaboshisama,0.86,fact,True,Auto-collected from a public X profile. Review generated bio and pinned-post hints. Profile HTML did not expose a pinned-post URL; configure pinned_post_url in data/x_profile_sources.json to attach a generated pinned-post hint. Authenticated X following collection was requested but skipped: Authenticated following page redirected to X login.
nakame-pua,x,affiliation,Profile links point to X.,https://x.com/nakame_pua,0.86,fact,True,"Auto-collected from a public X profile. Review generated bio and pinned-post hints. Profile HTML did not expose a pinned-post URL; configure pinned_post_url in data/x_profile_sources.json to attach a generated pinned-post hint. Authenticated X following collection was requested but skipped: Page.goto: Timeout 120000ms exceeded. Call log: - navigating to ""https://x.com/nakame_pua/following"", waiting until ""domcontentloaded"""
nakame-pua,note,affiliation,Profile links point to note.,https://x.com/nakame_pua | https://note.com/alpha_nanpa/n/n5cfb13a532d4,0.86,fact,True,"Auto-collected from a public X profile. Review generated bio and pinned-post hints. Profile HTML did not expose a pinned-post URL; configure pinned_post_url in data/x_profile_sources.json to attach a generated pinned-post hint. Authenticated X following collection was requested but skipped: Page.goto: Timeout 120000ms exceeded. Call log: - navigating to ""https://x.com/nakame_pua/following"", waiting until ""domcontentloaded"""
nakayamasoku,x,affiliation,Profile links point to X.,https://x.com/nakayamasoku,0.86,fact,True,Auto-collected from a public X profile. Review generated bio and pinned-post hints. Profile HTML did not expose a pinned-post URL; configure pinned_post_url in data/x_profile_sources.json to attach a generated pinned-post hint. Authenticated X following collection was requested but skipped: Authenticated following page redirected to X login.
nakayamasoku,tips,affiliation,Profile links point to Tips.,https://x.com/nakayamasoku | https://tips.jp/u/nanpaxxx/a/nakayamasoku,0.86,fact,True,Auto-collected from a public X profile. Review generated bio and pinned-post hints. Profile HTML did not expose a pinned-post URL; configure pinned_post_url in data/x_profile_sources.json to attach a generated pinned-post hint. Authenticated X following collection was requested but skipped: Authenticated following page redirected to X login.
nami-pua,x,affiliation,Profile links point to X.,https://x.com/nami__pua,0.86,fact,True,Auto-collected from a public X profile. Review generated bio and pinned-post hints. Profile HTML did not expose a pinned-post URL; configure pinned_post_url in data/x_profile_sources.json to attach a generated pinned-post hint. Authenticated X following collection was requested but skipped: Authenticated following page redirected to X login.
nami-pua,tips,affiliation,Profile links point to Tips.,https://x.com/nami__pua | https://tips.jp/u/nami__pua/a/namihei,0.86,fact,True,Auto-collected from a public X profile. Review generated bio and pinned-post hints. Profile HTML did not expose a pinned-post URL; configure pinned_post_url in data/x_profile_sources.json to attach a generated pinned-post hint. Authenticated X following collection was requested but skipped: Authenticated following page redirected to X login.
nampa-girl,x,affiliation,Profile links point to X.,https://x.com/nampa_girl,0.86,fact,True,Auto-collected from a public X profile. Review generated bio and pinned-post hints. Profile HTML did not expose a pinned-post URL; configure pinned_post_url in data/x_profile_sources.json to attach a generated pinned-post hint. Authenticated X following collection was requested but skipped: Authenticated following page redirected to X login.
nampa-girl,na-tu-sb,profile_mention,Public X profile explicitly labels @na__tu__sb as the main account.,https://x.com/nampa_girl,0.74,fact,False,Auto-collected from a public X profile. Review generated bio and pinned-post hints. Profile HTML did not expose a pinned-post URL; configure pinned_post_url in data/x_profile_sources.json to attach a generated pinned-post hint. Authenticated X following collection was requested but skipped: Authenticated following page redirected to X login.
nampa-mimato,x,affiliation,Profile links point to X.,https://x.com/nampa_mimato,0.86,fact,True,Auto-collected from a public X profile. Review generated bio and pinned-post hints. Profile HTML did not expose a pinned-post URL; configure pinned_post_url in data/x_profile_sources.json to attach a generated pinned-post hint. Authenticated X following collection was requested but skipped: Authenticated following page redirected to X login.
nampa-poke,x,affiliation,Profile links point to X.,https://x.com/nampa_poke,0.86,fact,True,Auto-collected from a public X profile. Review generated bio and pinned-post hints. Profile HTML did not expose a pinned-post URL; configure pinned_post_url in data/x_profile_sources.json to attach a generated pinned-post hint. Authenticated X following collection was requested but skipped: Authenticated following page redirected to X login.
nampa-poke,pua-poke,affiliation,Public X profile explicitly links @pua_poke as the related side account.,https://x.com/nampa_poke,0.72,fact,False,Auto-collected from a public X profile. Review generated bio and pinned-post hints. Profile HTML did not expose a pinned-post URL; configure pinned_post_url in data/x_profile_sources.json to attach a generated pinned-post hint. Authenticated X following collection was requested but skipped: Authenticated following page redirected to X login.
nampa-urajirou,x,affiliation,Profile links point to X.,https://x.com/nampa_urajirou,0.86,fact,True,Auto-collected from a public X profile. Review generated bio and pinned-post hints. Profile HTML did not expose a pinned-post URL; configure pinned_post_url in data/x_profile_sources.json to attach a generated pinned-post hint. Authenticated X following collection was requested but skipped: Authenticated following page redirected to X login.
nampa-urajirou,real-nampa,affiliation,Public X profile explicitly identifies this as the male-only side account for @real_nampa.,https://x.com/nampa_urajirou,0.72,fact,False,Auto-collected from a public X profile. Review generated bio and pinned-post hints. Profile HTML did not expose a pinned-post URL; configure pinned_post_url in data/x_profile_sources.json to attach a generated pinned-post hint. Authenticated X following collection was requested but skipped: Authenticated following page redirected to X login.
nampa1998,x,affiliation,Profile links point to X.,https://x.com/nampa1998,0.86,fact,True,Auto-collected from a public X profile. Review generated bio and pinned-post hints. Profile HTML did not expose a pinned-post URL; configure pinned_post_url in data/x_profile_sources.json to attach a generated pinned-post hint. Authenticated X following collection was requested but skipped: Authenticated following page redirected to X login.
nampa1998,tokyo-stonan-kai,affiliation,Public X profile lists the #東京ストナン会 hashtag alongside an @東京ストナン会 display label.,https://x.com/nampa1998,0.78,fact,False,Auto-collected from a public X profile. Review generated bio and pinned-post hints. Profile HTML did not expose a pinned-post URL; configure pinned_post_url in data/x_profile_sources.json to attach a generated pinned-post hint. Authenticated X following collection was requested but skipped: Authenticated following page redirected to X login.
nampakago,x,affiliation,Profile links point to X.,https://x.com/nampakago,0.86,fact,True,Auto-collected from a public X profile. Review generated bio and pinned-post hints. Profile HTML did not expose a pinned-post URL; configure pinned_post_url in data/x_profile_sources.json to attach a generated pinned-post hint. Authenticated X following collection was requested but skipped: Authenticated following page redirected to X login.
nampakago,ryosuke-street2,influence,Public X profile explicitly identifies @ryosuke_street2 as the long-term course teacher for this account.,https://x.com/nampakago,0.74,fact,False,Auto-collected from a public X profile. Review generated bio and pinned-post hints. Profile HTML did not expose a pinned-post URL; configure pinned_post_url in data/x_profile_sources.json to attach a generated pinned-post hint. Authenticated X following collection was requested but skipped: Authenticated following page redirected to X login.
namuskun,x,affiliation,Profile links point to X.,https://x.com/namuskun,0.86,fact,True,Auto-collected from a public X profile. Review generated bio and pinned-post hints. Profile HTML did not expose a pinned-post URL; configure pinned_post_url in data/x_profile_sources.json to attach a generated pinned-post hint. Authenticated X following collection was requested but skipped: Authenticated following page redirected to X login.
namuskun,note,affiliation,Profile links point to note.,https://x.com/namuskun | https://note.com/namuskun,0.86,fact,True,Auto-collected from a public X profile. Review generated bio and pinned-post hints. Profile HTML did not expose a pinned-post URL; configure pinned_post_url in data/x_profile_sources.json to attach a generated pinned-post hint. Authenticated X following collection was requested but skipped: Authenticated following page redirected to X login.
namuskun,namusubkun,affiliation,Public X profile explicitly links @namusubkun as the side account.,https://x.com/namuskun,0.72,fact,False,Auto-collected from a public X profile. Review generated bio and pinned-post hints. Profile HTML did not expose a pinned-post URL; configure pinned_post_url in data/x_profile_sources.json to attach a generated pinned-post hint. Authenticated X following collection was requested but skipped: Authenticated following page redirected to X login.
namusubkun,x,affiliation,Profile links point to X.,https://x.com/namusubkun,0.86,fact,True,Auto-collected from a public X profile. Review generated bio and pinned-post hints. Profile HTML did not expose a pinned-post URL; configure pinned_post_url in data/x_profile_sources.json to attach a generated pinned-post hint. Authenticated X following collection was requested but skipped: Authenticated following page redirected to X login.
nanashi-pua,x,affiliation,Profile links point to X.,https://x.com/nanashi_pua,0.86,fact,True,Auto-collected from a public X profile. Review generated bio and pinned-post hints. Profile HTML did not expose a pinned-post URL; configure pinned_post_url in data/x_profile_sources.json to attach a generated pinned-post hint. Authenticated X following collection was requested but skipped: Authenticated following page redirected to X login.
nandeyanen-pua,x,affiliation,Profile links point to X.,https://x.com/nandeyanen_pua,0.86,fact,True,Auto-collected from a public X profile. Review generated bio and pinned-post hints. Profile HTML did not expose a pinned-post URL; configure pinned_post_url in data/x_profile_sources.json to attach a generated pinned-post hint. Authenticated X following collection was requested but skipped: Authenticated following page redirected to X login.
nannpashitai,x,affiliation,Profile links point to X.,https://x.com/nannpashitai,0.86,fact,True,Auto-collected from a public X profile. Review generated bio and pinned-post hints. Profile HTML did not expose a pinned-post URL; configure pinned_post_url in data/x_profile_sources.json to attach a generated pinned-post hint. Authenticated X following collection was requested but skipped: Authenticated following page redirected to X login.
nano-pua,x,affiliation,Profile links point to X.,https://x.com/nano_pua,0.86,fact,True,Auto-collected from a public X profile. Review generated bio and pinned-post hints. Profile HTML did not expose a pinned-post URL; configure pinned_post_url in data/x_profile_sources.json to attach a generated pinned-post hint. Authenticated X following collection saw 0 handles and matched 0 tracked accounts.
nanpa-doraemon,x,affiliation,Profile links point to X.,https://x.com/nanpa_doraemon,0.86,fact,True,Auto-collected from a public X profile. Review generated bio and pinned-post hints. Profile HTML did not expose a pinned-post URL; configure pinned_post_url in data/x_profile_sources.json to attach a generated pinned-post hint. Authenticated X following collection was requested but skipped: Authenticated following page redirected to X login.
nanpa-group,x,affiliation,Profile links point to X.,https://x.com/nanpa_group,0.86,fact,True,Auto-collected from a public X profile. Review generated bio and pinned-post hints. Profile HTML did not expose a pinned-post URL; configure pinned_post_url in data/x_profile_sources.json to attach a generated pinned-post hint. Authenticated X following collection was requested but skipped: Authenticated following page redirected to X login.
nanpa-obiwan,x,affiliation,Profile links point to X.,https://x.com/nanpa_ObiWan,0.86,fact,True,Auto-collected from a public X profile. Review generated bio and pinned-post hints. Profile HTML did not expose a pinned-post URL; configure pinned_post_url in data/x_profile_sources.json to attach a generated pinned-post hint. Authenticated X following collection was requested but skipped: Authenticated following page redirected to X login.
nanpa-obiwan,obiwan-beauty,affiliation,Public X profile explicitly links @obiwan_beauty as the related beauty-focused side account.,https://x.com/nanpa_ObiWan,0.72,fact,False,Auto-collected from a public X profile. Review generated bio and pinned-post hints. Profile HTML did not expose a pinned-post URL; configure pinned_post_url in data/x_profile_sources.json to attach a generated pinned-post hint. Authenticated X following collection was requested but skipped: Authenticated following page redirected to X login.
nanpa-pegasasu,x,affiliation,Profile links point to X.,https://x.com/nanpa_pegasasu,0.86,fact,True,Auto-collected from a public X profile. Review generated bio and pinned-post hints. Profile HTML did not expose a pinned-post URL; configure pinned_post_url in data/x_profile_sources.json to attach a generated pinned-post hint. Authenticated X following collection was requested but skipped: Authenticated following page redirected to X login.
nanpa-pegasasu,line,affiliation,Profile links point to LINE.,https://x.com/nanpa_pegasasu | https://lin.ee/rhmTUgv,0.86,fact,True,Auto-collected from a public X profile. Review generated bio and pinned-post hints. Profile HTML did not expose a pinned-post URL; configure pinned_post_url in data/x_profile_sources.json to attach a generated pinned-post hint. Authenticated X following collection was requested but skipped: Authenticated following page redirected to X login.
nanpa-zin,x,affiliation,Profile links point to X.,https://x.com/nanpa_zin,0.86,fact,True,Auto-collected from a public X profile. Review generated bio and pinned-post hints. Profile HTML did not expose a pinned-post URL; configure pinned_post_url in data/x_profile_sources.json to attach a generated pinned-post hint. Authenticated X following collection was requested but skipped: Authenticated following page redirected to X login.
nanpa-zin,pika-pua,affiliation,Public X profile explicitly says this account joined Pika's appearance-improvement course.,https://x.com/nanpa_zin,0.72,fact,False,Auto-collected from a public X profile. Review generated bio and pinned-post hints. Profile HTML did not expose a pinned-post URL; configure pinned_post_url in data/x_profile_sources.json to attach a generated pinned-post hint. Authenticated X following collection was requested but skipped: Authenticated following page redirected to X login.
nanpahamehame,x,affiliation,Profile links point to X.,https://x.com/Nanpahamehame,0.86,fact,True,Auto-collected from a public X profile. Review generated bio and pinned-post hints. Profile HTML did not expose a pinned-post URL; configure pinned_post_url in data/x_profile_sources.json to attach a generated pinned-post hint. Authenticated X following collection was requested but skipped: Authenticated following page redirected to X login.
nanpaman-ashura,x,affiliation,Profile links point to X.,https://x.com/nanpaman_ashura,0.86,fact,True,Auto-collected from a public X profile. Review generated bio and pinned-post hints. Profile HTML did not expose a pinned-post URL; configure pinned_post_url in data/x_profile_sources.json to attach a generated pinned-post hint. Authenticated X following collection was requested but skipped: Authenticated following page redirected to X login.
nanpanyan4545,x,affiliation,Profile links point to X.,https://x.com/nanpanyan4545,0.86,fact,True,Auto-collected from a public X profile. Review generated bio and pinned-post hints. Profile HTML did not expose a pinned-post URL; configure pinned_post_url in data/x_profile_sources.json to attach a generated pinned-post hint. Authenticated X following collection was requested but skipped: Authenticated following page redirected to X login.
nanpanyan4545,yutty-pua,influence,Public X profile explicitly identifies this account as a current and former Yutty long-term course student.,https://x.com/nanpanyan4545,0.74,fact,False,Auto-collected from a public X profile. Review generated bio and pinned-post hints. Profile HTML did not expose a pinned-post URL; configure pinned_post_url in data/x_profile_sources.json to attach a generated pinned-post hint. Authenticated X following collection was requested but skipped: Authenticated following page redirected to X login.
nanpaoh-yuya,x,affiliation,Profile links point to X.,https://x.com/nanpaoh_yuya,0.86,fact,True,Auto-collected from a public X profile. Review generated bio and pinned-post hints. Profile HTML did not expose a pinned-post URL; configure pinned_post_url in data/x_profile_sources.json to attach a generated pinned-post hint. Authenticated X following collection was requested but skipped: Authenticated following page redirected to X login.
nanpasd,x,affiliation,Profile links point to X.,https://x.com/nanpasd,0.86,fact,True,Auto-collected from a public X profile. Review generated bio and pinned-post hints. Profile HTML did not expose a pinned-post URL; configure pinned_post_url in data/x_profile_sources.json to attach a generated pinned-post hint. Authenticated X following collection was requested but skipped: Authenticated following page redirected to X login.
nanpashi-miffy,x,affiliation,Profile links point to X.,https://x.com/nanpashi_miffy,0.86,fact,True,Auto-collected from a public X profile. Review generated bio and pinned-post hints. Profile HTML did not expose a pinned-post URL; configure pinned_post_url in data/x_profile_sources.json to attach a generated pinned-post hint. Authenticated X following collection was requested but skipped: Authenticated following page redirected to X login.
nanpasireiji,x,affiliation,Profile links point to X.,https://x.com/nanpasireiji,0.86,fact,True,Auto-collected from a public X profile. Review generated bio and pinned-post hints. Profile HTML did not expose a pinned-post URL; configure pinned_post_url in data/x_profile_sources.json to attach a generated pinned-post hint. Authenticated X following collection was requested but skipped: Authenticated following page redirected to X login.
nanpawars,x,affiliation,Profile links point to X.,https://x.com/nanpawars,0.86,fact,True,Auto-collected from a public X profile. Review generated bio and pinned-post hints. Profile HTML did not expose a pinned-post URL; configure pinned_post_url in data/x_profile_sources.json to attach a generated pinned-post hint. Authenticated X following collection was requested but skipped: Authenticated following page redirected to X login.
nanpawars,note,affiliation,Profile links point to note.,https://x.com/nanpawars | https://note.com/sn_wars245/n/n67d31f822ced,0.86,fact,True,Auto-collected from a public X profile. Review generated bio and pinned-post hints. Profile HTML did not expose a pinned-post URL; configure pinned_post_url in data/x_profile_sources.json to attach a generated pinned-post hint. Authenticated X following collection was requested but skipped: Authenticated following page redirected to X login.
naruto-nanpa,x,affiliation,Profile links point to X.,https://x.com/naruto_nanpa,0.86,fact,True,Auto-collected from a public X profile. Review generated bio and pinned-post hints. Profile HTML did not expose a pinned-post URL; configure pinned_post_url in data/x_profile_sources.json to attach a generated pinned-post hint. Authenticated X following collection was requested but skipped: Authenticated following page redirected to X login.
nasponsyy,x,affiliation,Profile links point to X.,https://x.com/nasponsyy,0.86,fact,True,Auto-collected from a public X profile. Review generated bio and pinned-post hints. Profile HTML did not expose a pinned-post URL; configure pinned_post_url in data/x_profile_sources.json to attach a generated pinned-post hint. Authenticated X following collection was requested but skipped: Authenticated following page redirected to X login.
nasubi-nnp,x,affiliation,Profile links point to X.,https://x.com/nasubi_nnp,0.86,fact,True,Auto-collected from a public X profile. Review generated bio and pinned-post hints. Profile HTML did not expose a pinned-post URL; configure pinned_post_url in data/x_profile_sources.json to attach a generated pinned-post hint. Authenticated X following collection was requested but skipped: Authenticated following page redirected to X login.
natu-douga,x,affiliation,Profile links point to X.,https://x.com/natu__douga,0.86,fact,True,Auto-collected from a public X profile. Review generated bio and pinned-post hints. Profile HTML did not expose a pinned-post URL; configure pinned_post_url in data/x_profile_sources.json to attach a generated pinned-post hint. Authenticated X following collection was requested but skipped: Authenticated following page redirected to X login.
nbmmind,x,affiliation,Profile links point to X.,https://x.com/nbmmind,0.86,fact,True,"Auto-collected from a public X profile. Review generated bio and pinned-post hints. Profile HTML did not expose a pinned-post URL; configure pinned_post_url in data/x_profile_sources.json to attach a generated pinned-post hint. Profile fetch failed during this run, so the snapshot fell back to the configured X URL and preserved minimal account metadata. HTTPSConnectionPool(host='x.com', port=443): Max retries exceeded with url: /nbmmind (Caused by NameResolutionError(""HTTPSConnection(host='x.com', port=443): Failed to resolve 'x.… Authenticated X following collection was requested but skipped: Page.goto: net::ERR_NAME_NOT_RESOLVED at https://x.com/nbmmind/following Call log: - navigating to ""https://x.com/nbmmind/following"", waiting until ""domcontentloaded"""
negitoro-nannpa,x,affiliation,Profile links point to X.,https://x.com/negitoro_nannpa,0.86,fact,True,Auto-collected from a public X profile. Review generated bio and pinned-post hints. Profile HTML did not expose a pinned-post URL; configure pinned_post_url in data/x_profile_sources.json to attach a generated pinned-post hint. Authenticated X following collection was requested but skipped: Authenticated following page redirected to X login.
nekominto-pua,x,affiliation,Profile links point to X.,https://x.com/nekominto_pua,0.86,fact,True,Auto-collected from a public X profile. Review generated bio and pinned-post hints. Profile HTML did not expose a pinned-post URL; configure pinned_post_url in data/x_profile_sources.json to attach a generated pinned-post hint. Authenticated X following collection was requested but skipped: Authenticated following page redirected to X login.
nemunemu-neet,x,affiliation,Profile links point to X.,https://x.com/nemunemu_neet,0.86,fact,True,Auto-collected from a public X profile. Review generated bio and pinned-post hints. Profile HTML did not expose a pinned-post URL; configure pinned_post_url in data/x_profile_sources.json to attach a generated pinned-post hint. Authenticated X following collection was requested but skipped: Authenticated following page redirected to X login.
neru-pua,x,affiliation,Profile links point to X.,https://x.com/neru_pua,0.86,fact,True,Auto-collected from a public X profile. Review generated bio and pinned-post hints. Profile HTML did not expose a pinned-post URL; configure pinned_post_url in data/x_profile_sources.json to attach a generated pinned-post hint. Authenticated X following collection was requested but skipped: Authenticated following page redirected to X login.
netonan99,x,affiliation,Profile links point to X.,https://x.com/netonan99,0.86,fact,True,Auto-collected from a public X profile. Review generated bio and pinned-post hints. Profile HTML did not expose a pinned-post URL; configure pinned_post_url in data/x_profile_sources.json to attach a generated pinned-post hint. Authenticated X following collection was requested but skipped: Authenticated following page redirected to X login.
netonan99,note,affiliation,Profile links point to note.,https://x.com/netonan99 | https://note.com/momonga_tinder/n/n51fd3eebf8cd,0.86,fact,True,Auto-collected from a public X profile. Review generated bio and pinned-post hints. Profile HTML did not expose a pinned-post URL; configure pinned_post_url in data/x_profile_sources.json to attach a generated pinned-post hint. Authenticated X following collection was requested but skipped: Authenticated following page redirected to X login.
netonan99,elsta,affiliation,Public X profile explicitly says this account belongs to えるスタ.,https://x.com/netonan99,0.76,fact,False,Auto-collected from a public X profile. Review generated bio and pinned-post hints. Profile HTML did not expose a pinned-post URL; configure pinned_post_url in data/x_profile_sources.json to attach a generated pinned-post hint. Authenticated X following collection was requested but skipped: Authenticated following page redirected to X login.
newamekundayo,x,affiliation,Profile links point to X.,https://x.com/newamekundayo,0.86,fact,True,Auto-collected from a public X profile. Review generated bio and pinned-post hints. Profile HTML did not expose a pinned-post URL; configure pinned_post_url in data/x_profile_sources.json to attach a generated pinned-post hint. Authenticated X following collection was requested but skipped: Authenticated following page redirected to X login.
nikepuamiso,x,affiliation,Profile links point to X.,https://x.com/nikepuamiso,0.86,fact,True,Auto-collected from a public X profile. Review generated bio and pinned-post hints. Profile HTML did not expose a pinned-post URL; configure pinned_post_url in data/x_profile_sources.json to attach a generated pinned-post hint. Authenticated X following collection was requested but skipped: Authenticated following page redirected to X login.
niko-pua,x,affiliation,Profile links point to X.,https://x.com/Niko_PUA,0.86,fact,True,Auto-collected from a public X profile. Review generated bio and pinned-post hints. Profile HTML did not expose a pinned-post URL; configure pinned_post_url in data/x_profile_sources.json to attach a generated pinned-post hint. Authenticated X following collection was requested but skipped: Authenticated following page redirected to X login.
niko-pua,note,affiliation,Profile links point to note.,https://x.com/Niko_PUA | https://note.com/niko_pua/n/n6a75de450249,0.86,fact,True,Auto-collected from a public X profile. Review generated bio and pinned-post hints. Profile HTML did not expose a pinned-post URL; configure pinned_post_url in data/x_profile_sources.json to attach a generated pinned-post hint. Authenticated X following collection was requested but skipped: Authenticated following page redirected to X login.
nkdsoj,x,affiliation,Profile links point to X.,https://x.com/nkdsoj,0.86,fact,True,Auto-collected from a public X profile. Review generated bio and pinned-post hints. Profile HTML did not expose a pinned-post URL; configure pinned_post_url in data/x_profile_sources.json to attach a generated pinned-post hint. Authenticated X following collection was requested but skipped: Authenticated following page redirected to X login.
nmpst913,x,affiliation,Profile links point to X.,https://x.com/nmpst913,0.86,fact,True,Auto-collected from a public X profile. Review generated bio and pinned-post hints. Profile HTML did not expose a pinned-post URL; configure pinned_post_url in data/x_profile_sources.json to attach a generated pinned-post hint. Authenticated X following collection was requested but skipped: Authenticated following page redirected to X login.
nn-nn-nn1001,x,affiliation,Profile links point to X.,https://x.com/nn_nn_nn1001,0.86,fact,True,Auto-collected from a public X profile. Review generated bio and pinned-post hints. Profile HTML did not expose a pinned-post URL; configure pinned_post_url in data/x_profile_sources.json to attach a generated pinned-post hint. Authenticated X following collection was requested but skipped: Authenticated following page redirected to X login.
nnnnn-nanpa,x,affiliation,Profile links point to X.,https://x.com/NNNNN_nanpa,0.86,fact,True,Auto-collected from a public X profile. Review generated bio and pinned-post hints. Profile HTML did not expose a pinned-post URL; configure pinned_post_url in data/x_profile_sources.json to attach a generated pinned-post hint. Authenticated X following collection was requested but skipped: Authenticated following page redirected to X login.
nonchama-pro,x,affiliation,Profile links point to X.,https://x.com/nonchama0721,0.86,fact,True,Auto-collected from a public X profile. Review generated bio and pinned-post hints. Profile HTML did not expose a pinned-post URL; configure pinned_post_url in data/x_profile_sources.json to attach a generated pinned-post hint. Authenticated X following collection was requested but skipped: Authenticated following page redirected to X login.
nonchama-pro,note,affiliation,Profile links point to note.,https://x.com/nonchama0721 | https://note.mu/nonchama_pua,0.86,fact,True,Auto-collected from a public X profile. Review generated bio and pinned-post hints. Profile HTML did not expose a pinned-post URL; configure pinned_post_url in data/x_profile_sources.json to attach a generated pinned-post hint. Authenticated X following collection was requested but skipped: Authenticated following page redirected to X login.
nrtq5ihqepycy0n,x,affiliation,Profile links point to X.,https://x.com/NRTq5ihqEpYCy0N,0.86,fact,True,Auto-collected from a public X profile. Review generated bio and pinned-post hints. Profile HTML did not expose a pinned-post URL; configure pinned_post_url in data/x_profile_sources.json to attach a generated pinned-post hint. Authenticated X following collection was requested but skipped: Authenticated following page redirected to X login. Generated snapshot differs from manual fields: profile_text.
nsan-pua,x,affiliation,Profile links point to X.,https://x.com/nsan_pua,0.86,fact,True,Auto-collected from a public X profile. Review generated bio and pinned-post hints. Profile HTML did not expose a pinned-post URL; configure pinned_post_url in data/x_profile_sources.json to attach a generated pinned-post hint. Authenticated X following collection was requested but skipped: Authenticated following page redirected to X login.
obiwan-beauty,x,affiliation,Profile links point to X.,https://x.com/obiwan_beauty,0.86,fact,True,Auto-collected from a public X profile. Review generated bio and pinned-post hints. Profile HTML did not expose a pinned-post URL; configure pinned_post_url in data/x_profile_sources.json to attach a generated pinned-post hint. Authenticated X following collection was requested but skipped: Authenticated following page redirected to X login.
oguri-mote,x,affiliation,Profile links point to X.,https://x.com/oguri_mote,0.86,fact,True,Auto-collected from a public X profile. Review generated bio and pinned-post hints. Profile HTML did not expose a pinned-post URL; configure pinned_post_url in data/x_profile_sources.json to attach a generated pinned-post hint. Authenticated X following collection was requested but skipped: Authenticated following page redirected to X login.
okarun-pua,x,affiliation,Profile links point to X.,https://x.com/okarun_pua,0.86,fact,True,Auto-collected from a public X profile. Review generated bio and pinned-post hints. Profile HTML did not expose a pinned-post URL; configure pinned_post_url in data/x_profile_sources.json to attach a generated pinned-post hint. Authenticated X following collection was requested but skipped: Authenticated following page redirected to X login.
okashinaataoka,x,affiliation,Profile links point to X.,https://x.com/okashinaataoka,0.86,fact,True,Auto-collected from a public X profile. Review generated bio and pinned-post hints. Profile HTML did not expose a pinned-post URL; configure pinned_post_url in data/x_profile_sources.json to attach a generated pinned-post hint. Authenticated X following collection was requested but skipped: Authenticated following page redirected to X login.
okashinaataoka,note,affiliation,Profile links point to note.,https://x.com/okashinaataoka | https://note.com/ruisboss,0.86,fact,True,Auto-collected from a public X profile. Review generated bio and pinned-post hints. Profile HTML did not expose a pinned-post URL; configure pinned_post_url in data/x_profile_sources.json to attach a generated pinned-post hint. Authenticated X following collection was requested but skipped: Authenticated following page redirected to X login.
okasidaisuki-pua,x,affiliation,Profile links point to X.,https://x.com/okasidaisukipua,0.86,fact,True,Auto-collected from a public X profile. Review generated bio and pinned-post hints. Profile HTML did not expose a pinned-post URL; configure pinned_post_url in data/x_profile_sources.json to attach a generated pinned-post hint. Authenticated X following collection was requested but skipped: Authenticated following page redirected to X login.
okinawa-nampa,x,affiliation,Profile links point to X.,https://x.com/okinawa_nampa,0.86,fact,True,Auto-collected from a public X profile. Review generated bio and pinned-post hints. Profile HTML did not expose a pinned-post URL; configure pinned_post_url in data/x_profile_sources.json to attach a generated pinned-post hint. Authenticated X following collection was requested but skipped: Authenticated following page redirected to X login.
omamco-pua2,x,affiliation,Profile links point to X.,https://x.com/omamco_pua2,0.86,fact,True,Auto-collected from a public X profile. Review generated bio and pinned-post hints. Profile HTML did not expose a pinned-post URL; configure pinned_post_url in data/x_profile_sources.json to attach a generated pinned-post hint. Authenticated X following collection was requested but skipped: Authenticated following page redirected to X login.
onaken-pua,x,affiliation,Profile links point to X.,https://x.com/onaken_pua,0.86,fact,True,"Auto-collected from a public X profile. Review generated bio and pinned-post hints. Profile HTML did not expose a pinned-post URL; configure pinned_post_url in data/x_profile_sources.json to attach a generated pinned-post hint. Profile fetch failed during this run, so the snapshot fell back to the configured X URL and preserved minimal account metadata. HTTPSConnectionPool(host='x.com', port=443): Max retries exceeded with url: /onaken_pua (Caused by NameResolutionError(""HTTPSConnection(host='x.com', port=443): Failed to resolve… Authenticated X following collection was requested but skipped: Page.goto: net::ERR_NAME_NOT_RESOLVED at https://x.com/onaken_pua/following Call log: - navigating to ""https://x.com/onaken_pua/following"", waiting until ""domcontentloaded"""
one-sith-pua,x,affiliation,Profile links point to X.,https://x.com/one_sith_pua,0.86,fact,True,Auto-collected from a public X profile. Review generated bio and pinned-post hints. Profile HTML did not expose a pinned-post URL; configure pinned_post_url in data/x_profile_sources.json to attach a generated pinned-post hint. Authenticated X following collection was requested but skipped: Authenticated following page redirected to X login.
onigiri7nanpa,x,affiliation,Profile links point to X.,https://x.com/onigiri7nanpa,0.86,fact,True,Auto-collected from a public X profile. Review generated bio and pinned-post hints. Profile HTML did not expose a pinned-post URL; configure pinned_post_url in data/x_profile_sources.json to attach a generated pinned-post hint. Authenticated X following collection was requested but skipped: Authenticated following page redirected to X login.
onizuka-pua,x,affiliation,Profile links point to X.,https://x.com/onizuka_pua,0.86,fact,True,Auto-collected from a public X profile. Review generated bio and pinned-post hints. Profile HTML did not expose a pinned-post URL; configure pinned_post_url in data/x_profile_sources.json to attach a generated pinned-post hint. Authenticated X following collection was requested but skipped: Authenticated following page redirected to X login.
onizuka-pua,kurosakikun,affiliation,Public X profile explicitly identifies this account as part of the 黒崎コンサル cluster.,https://x.com/onizuka_pua,0.68,mixed,False,Auto-collected from a public X profile. Review generated bio and pinned-post hints. Profile HTML did not expose a pinned-post URL; configure pinned_post_url in data/x_profile_sources.json to attach a generated pinned-post hint. Authenticated X following collection was requested but skipped: Authenticated following page redirected to X login.
oppsex1919,x,affiliation,Profile links point to X.,https://x.com/oppsex1919,0.86,fact,True,Auto-collected from a public X profile. Review generated bio and pinned-post hints. Profile HTML did not expose a pinned-post URL; configure pinned_post_url in data/x_profile_sources.json to attach a generated pinned-post hint. Authenticated X following collection was requested but skipped: Authenticated following page redirected to X login.
osaka,kansai,affiliation,Osaka is grouped under the Kansai region cluster for geographic browsing.,https://www.city.osaka.lg.jp/,0.98,fact,False,
osaka-kakuue,x,affiliation,Profile links point to X.,https://x.com/osaka_kakuue,0.86,fact,True,Auto-collected from a public X profile. Review generated bio and pinned-post hints. Profile HTML did not expose a pinned-post URL; configure pinned_post_url in data/x_profile_sources.json to attach a generated pinned-post hint. Authenticated X following collection was requested but skipped: Authenticated following page redirected to X login.
osathi-nanpa,x,affiliation,Profile links point to X.,https://x.com/osathi_nanpa,0.86,fact,True,Auto-collected from a public X profile. Review generated bio and pinned-post hints. Profile HTML did not expose a pinned-post URL; configure pinned_post_url in data/x_profile_sources.json to attach a generated pinned-post hint. Authenticated X following collection was requested but skipped: Authenticated following page redirected to X login.
oscal-pua,x,affiliation,Profile links point to X.,https://x.com/oscal_pua,0.86,fact,True,Auto-collected from a public X profile. Review generated bio and pinned-post hints. Profile HTML did not expose a pinned-post URL; configure pinned_post_url in data/x_profile_sources.json to attach a generated pinned-post hint. Authenticated X following collection was requested but skipped: Authenticated following page redirected to X login.
oscal-pua,note,affiliation,Profile links point to note.,https://x.com/oscal_pua | https://note.com/oscal2189,0.86,fact,True,Auto-collected from a public X profile. Review generated bio and pinned-post hints. Profile HTML did not expose a pinned-post URL; configure pinned_post_url in data/x_profile_sources.json to attach a generated pinned-post hint. Authenticated X following collection was requested but skipped: Authenticated following page redirected to X login.
oscal2189,x,affiliation,Profile links point to X.,https://x.com/oscal2189,0.86,fact,True,Auto-collected from a public X profile. Review generated bio and pinned-post hints. Profile HTML did not expose a pinned-post URL; configure pinned_post_url in data/x_profile_sources.json to attach a generated pinned-post hint. Authenticated X following collection was requested but skipped: Authenticated following page redirected to X login.
oskeeeer-pua,x,affiliation,Profile links point to X.,https://x.com/oskeeeer_pua,0.86,fact,True,Auto-collected from a public X profile. Review generated bio and pinned-post hints. Profile HTML did not expose a pinned-post URL; configure pinned_post_url in data/x_profile_sources.json to attach a generated pinned-post hint. Authenticated X following collection was requested but skipped: Authenticated following page redirected to X login.
osugi-pua,x,affiliation,Profile links point to X.,https://x.com/osugi_pua,0.86,fact,True,Auto-collected from a public X profile. Review generated bio and pinned-post hints. Profile HTML did not expose a pinned-post URL; configure pinned_post_url in data/x_profile_sources.json to attach a generated pinned-post hint. Authenticated X following collection was requested but skipped: Authenticated following page redirected to X login.
osugi-pua,instagram,affiliation,Profile links point to Instagram.,https://x.com/osugi_pua | https://www.instagram.com/ura_osugipua,0.86,fact,True,Auto-collected from a public X profile. Review generated bio and pinned-post hints. Profile HTML did not expose a pinned-post URL; configure pinned_post_url in data/x_profile_sources.json to attach a generated pinned-post hint. Authenticated X following collection was requested but skipped: Authenticated following page redirected to X login.
osushi-mitsu,x,affiliation,Profile links point to X.,https://x.com/osushi_mitsu,0.86,fact,True,Auto-collected from a public X profile. Review generated bio and pinned-post hints. Profile HTML did not expose a pinned-post URL; configure pinned_post_url in data/x_profile_sources.json to attach a generated pinned-post hint. Authenticated X following collection was requested but skipped: Authenticated following page redirected to X login.
osushi-mitsu,line,affiliation,Profile links point to LINE.,https://x.com/osushi_mitsu | https://lin.ee/VUhMH6M,0.86,fact,True,Auto-collected from a public X profile. Review generated bio and pinned-post hints. Profile HTML did not expose a pinned-post URL; configure pinned_post_url in data/x_profile_sources.json to attach a generated pinned-post hint. Authenticated X following collection was requested but skipped: Authenticated following page redirected to X login.
otaku-pua,x,affiliation,Profile links point to X.,https://x.com/otaku_pua,0.86,fact,True,Auto-collected from a public X profile. Review generated bio and pinned-post hints. Profile HTML did not expose a pinned-post URL; configure pinned_post_url in data/x_profile_sources.json to attach a generated pinned-post hint. Authenticated X following collection was requested but skipped: Authenticated following page redirected to X login.
otaku-pua,mendako-pua,influence,Public X profile explicitly labels @mendako_pua as a mentor account.,https://x.com/otaku_pua,0.74,fact,False,Auto-collected from a public X profile. Review generated bio and pinned-post hints. Profile HTML did not expose a pinned-post URL; configure pinned_post_url in data/x_profile_sources.json to attach a generated pinned-post hint. Authenticated X following collection was requested but skipped: Authenticated following page redirected to X login.
otaku-pua,qh0kum,influence,Public X profile explicitly labels @qh0kum as a mentor account.,https://x.com/otaku_pua,0.74,fact,False,Auto-collected from a public X profile. Review generated bio and pinned-post hints. Profile HTML did not expose a pinned-post URL; configure pinned_post_url in data/x_profile_sources.json to attach a generated pinned-post hint. Authenticated X following collection was requested but skipped: Authenticated following page redirected to X login.
outlook-sabo4,x,affiliation,Profile links point to X.,https://x.com/outlook_sabo_4,0.86,fact,True,Auto-collected from a public X profile. Review generated bio and pinned-post hints. Profile HTML did not expose a pinned-post URL; configure pinned_post_url in data/x_profile_sources.json to attach a generated pinned-post hint. Authenticated X following collection was requested but skipped: Authenticated following page redirected to X login.
outlook-sabo4,tips,affiliation,Profile links point to Tips.,https://x.com/outlook_sabo_4 | https://tips.jp/u/damjwptgmjdtapjg/a/aD3kfbSl/d/dac,0.86,fact,True,Auto-collected from a public X profile. Review generated bio and pinned-post hints. Profile HTML did not expose a pinned-post URL; configure pinned_post_url in data/x_profile_sources.json to attach a generated pinned-post hint. Authenticated X following collection was requested but skipped: Authenticated following page redirected to X login.
outlook-sabo4,outlook-sub4,affiliation,Public X profile explicitly links @outlook_sub_4 as the sub account for detailed results.,https://x.com/outlook_sabo_4,0.72,fact,False,Auto-collected from a public X profile. Review generated bio and pinned-post hints. Profile HTML did not expose a pinned-post URL; configure pinned_post_url in data/x_profile_sources.json to attach a generated pinned-post hint. Authenticated X following collection was requested but skipped: Authenticated following page redirected to X login.
outlook-sub4,x,affiliation,Profile links point to X.,https://x.com/outlook_sub_4,0.86,fact,True,Auto-collected from a public X profile. Review generated bio and pinned-post hints. Profile HTML did not expose a pinned-post URL; configure pinned_post_url in data/x_profile_sources.json to attach a generated pinned-post hint. Authenticated X following collection was requested but skipped: Authenticated following page redirected to X login.
outlook-sub4,outlook-sabo4,affiliation,Public X profile explicitly links @outlook_sabo_4 as the main account.,https://x.com/outlook_sub_4,0.72,fact,False,Auto-collected from a public X profile. Review generated bio and pinned-post hints. Profile HTML did not expose a pinned-post URL; configure pinned_post_url in data/x_profile_sources.json to attach a generated pinned-post hint. Authenticated X following collection was requested but skipped: Authenticated following page redirected to X login.
oyajii-nanpa,x,affiliation,Profile links point to X.,https://x.com/oyajii_nanpa,0.86,fact,True,Auto-collected from a public X profile. Review generated bio and pinned-post hints. Profile HTML did not expose a pinned-post URL; configure pinned_post_url in data/x_profile_sources.json to attach a generated pinned-post hint. Authenticated X following collection was requested but skipped: Authenticated following page redirected to X login.
oyajii-nanpa,note,affiliation,Profile links point to note.,https://x.com/oyajii_nanpa | https://note.com/friendnote,0.86,fact,True,Auto-collected from a public X profile. Review generated bio and pinned-post hints. Profile HTML did not expose a pinned-post URL; configure pinned_post_url in data/x_profile_sources.json to attach a generated pinned-post hint. Authenticated X following collection was requested but skipped: Authenticated following page redirected to X login.
paaman-pua,x,affiliation,Profile links point to X.,https://x.com/paaman_pua,0.86,fact,True,Auto-collected from a public X profile. Review generated bio and pinned-post hints. Profile HTML did not expose a pinned-post URL; configure pinned_post_url in data/x_profile_sources.json to attach a generated pinned-post hint. Authenticated X following collection was requested but skipped: Authenticated following page redirected to X login.
pachi-summer,x,affiliation,Profile links point to X.,https://x.com/pachi_summer,0.86,fact,True,Auto-collected from a public X profile. Review generated bio and pinned-post hints. Profile HTML did not expose a pinned-post URL; configure pinned_post_url in data/x_profile_sources.json to attach a generated pinned-post hint. Authenticated X following collection was requested but skipped: Authenticated following page redirected to X login.
pachi-summer,line,affiliation,Profile links point to LINE.,https://x.com/pachi_summer | https://lin.ee/tEfAKDR,0.86,fact,True,Auto-collected from a public X profile. Review generated bio and pinned-post hints. Profile HTML did not expose a pinned-post URL; configure pinned_post_url in data/x_profile_sources.json to attach a generated pinned-post hint. Authenticated X following collection was requested but skipped: Authenticated following page redirected to X login.
pako-dai,x,affiliation,Profile links point to X.,https://x.com/pako_dai,0.86,fact,True,Auto-collected from a public X profile. Review generated bio and pinned-post hints. Profile HTML did not expose a pinned-post URL; configure pinned_post_url in data/x_profile_sources.json to attach a generated pinned-post hint. Authenticated X following collection was requested but skipped: Authenticated following page redirected to X login.
palace-chilll,x,affiliation,Profile links point to X.,https://x.com/palace_chilll,0.86,fact,True,Auto-collected from a public X profile. Review generated bio and pinned-post hints. Profile HTML did not expose a pinned-post URL; configure pinned_post_url in data/x_profile_sources.json to attach a generated pinned-post hint. Authenticated X following collection was requested but skipped: Authenticated following page redirected to X login.
paxnpa123,x,affiliation,Profile links point to X.,https://x.com/paxnpa123,0.86,fact,True,Auto-collected from a public X profile. Review generated bio and pinned-post hints. Profile HTML did not expose a pinned-post URL; configure pinned_post_url in data/x_profile_sources.json to attach a generated pinned-post hint. Authenticated X following collection was requested but skipped: Authenticated following page redirected to X login.
peben,x,affiliation,Profile links point to X.,https://x.com/peben,0.86,fact,True,Auto-collected from a public X profile. Review generated bio and pinned-post hints. Profile HTML did not expose a pinned-post URL; configure pinned_post_url in data/x_profile_sources.json to attach a generated pinned-post hint. Authenticated X following collection was requested but skipped: Authenticated following page redirected to X login.
pen-pen-st,x,affiliation,Profile links point to X.,https://x.com/pen_pen_st,0.86,fact,True,Auto-collected from a public X profile. Review generated bio and pinned-post hints. Profile HTML did not expose a pinned-post URL; configure pinned_post_url in data/x_profile_sources.json to attach a generated pinned-post hint. Authenticated X following collection was requested but skipped: Authenticated following page redirected to X login.
pg-yoasobi,x,affiliation,Profile links point to X.,https://x.com/pg_yoasobi,0.86,fact,True,Auto-collected from a public X profile. Review generated bio and pinned-post hints. Profile HTML did not expose a pinned-post URL; configure pinned_post_url in data/x_profile_sources.json to attach a generated pinned-post hint. Authenticated X following collection was requested but skipped: Authenticated following page redirected to X login.
pg-yoasobi,nanpa-pegasasu,affiliation,Public X profile explicitly links @nanpa_pegasasu as the main account behind this side account.,https://x.com/pg_yoasobi,0.72,fact,False,Auto-collected from a public X profile. Review generated bio and pinned-post hints. Profile HTML did not expose a pinned-post URL; configure pinned_post_url in data/x_profile_sources.json to attach a generated pinned-post hint. Authenticated X following collection was requested but skipped: Authenticated following page redirected to X login.
pika-pua,x,affiliation,Profile links point to X.,https://x.com/pika_pua,0.86,fact,True,Auto-collected from a public X profile. Review generated bio and pinned-post hints. Profile HTML did not expose a pinned-post URL; configure pinned_post_url in data/x_profile_sources.json to attach a generated pinned-post hint. Authenticated X following collection was requested but skipped: Authenticated following page redirected to X login.
pika-pua,note,affiliation,Profile links point to note.,https://x.com/pika_pua | https://note.com/taku__lol/n/n64664fb8fb30,0.86,fact,True,Auto-collected from a public X profile. Review generated bio and pinned-post hints. Profile HTML did not expose a pinned-post URL; configure pinned_post_url in data/x_profile_sources.json to attach a generated pinned-post hint. Authenticated X following collection was requested but skipped: Authenticated following page redirected to X login.
pika-pua,tokyo,activity,Public X display name explicitly lists Tokyo as part of this coaching account's activity area.,https://x.com/pika_pua,0.58,fact,False,Auto-collected from a public X profile. Review generated bio and pinned-post hints. Profile HTML did not expose a pinned-post URL; configure pinned_post_url in data/x_profile_sources.json to attach a generated pinned-post hint. Authenticated X following collection was requested but skipped: Authenticated following page redirected to X login.
pika-pua,nagoya,activity,Public X display name explicitly lists Nagoya as part of this coaching account's activity area.,https://x.com/pika_pua,0.58,fact,False,Auto-collected from a public X profile. Review generated bio and pinned-post hints. Profile HTML did not expose a pinned-post URL; configure pinned_post_url in data/x_profile_sources.json to attach a generated pinned-post hint. Authenticated X following collection was requested but skipped: Authenticated following page redirected to X login.
pika-pua,pika-sublol,affiliation,Public X profile labels @pika_sublol as a linked side account.,https://x.com/pika_pua,0.72,fact,False,Auto-collected from a public X profile. Review generated bio and pinned-post hints. Profile HTML did not expose a pinned-post URL; configure pinned_post_url in data/x_profile_sources.json to attach a generated pinned-post hint. Authenticated X following collection was requested but skipped: Authenticated following page redirected to X login.
pika-pua,pika-stochi,affiliation,Public X profile labels @pika_stochi as the appearance-improvement account linked from the main coaching profile.,https://x.com/pika_pua,0.72,fact,False,Auto-collected from a public X profile. Review generated bio and pinned-post hints. Profile HTML did not expose a pinned-post URL; configure pinned_post_url in data/x_profile_sources.json to attach a generated pinned-post hint. Authenticated X following collection was requested but skipped: Authenticated following page redirected to X login.
pika-stochi,x,affiliation,Profile links point to X.,https://x.com/pika_stochi,0.86,fact,True,Auto-collected from a public X profile. Review generated bio and pinned-post hints. Profile HTML did not expose a pinned-post URL; configure pinned_post_url in data/x_profile_sources.json to attach a generated pinned-post hint. Authenticated X following collection was requested but skipped: Authenticated following page redirected to X login.
pika-stochi,pika-pua,affiliation,Public X profile links this appearance-consulting account back to @pika_pua.,https://x.com/pika_stochi,0.68,fact,False,Auto-collected from a public X profile. Review generated bio and pinned-post hints. Profile HTML did not expose a pinned-post URL; configure pinned_post_url in data/x_profile_sources.json to attach a generated pinned-post hint. Authenticated X following collection was requested but skipped: Authenticated following page redirected to X login.
pika-sublol,x,affiliation,Profile links point to X.,https://x.com/pika_sublol,0.86,fact,True,Auto-collected from a public X profile. Review generated bio and pinned-post hints. Profile HTML did not expose a pinned-post URL; configure pinned_post_url in data/x_profile_sources.json to attach a generated pinned-post hint. Authenticated X following collection was requested but skipped: Authenticated following page redirected to X login.
pika-sublol,pika-pua,affiliation,Public X profile labels @pika_pua as the main identity behind this side account.,https://x.com/pika_sublol,0.72,fact,False,Auto-collected from a public X profile. Review generated bio and pinned-post hints. Profile HTML did not expose a pinned-post URL; configure pinned_post_url in data/x_profile_sources.json to attach a generated pinned-post hint. Authenticated X following collection was requested but skipped: Authenticated following page redirected to X login.
pineapple-pua,x,affiliation,Profile links point to X.,https://x.com/pineapple_pua,0.86,fact,True,Auto-collected from a public X profile. Review generated bio and pinned-post hints. Profile HTML did not expose a pinned-post URL; configure pinned_post_url in data/x_profile_sources.json to attach a generated pinned-post hint. Authenticated X following collection was requested but skipped: Authenticated following page redirected to X login.
pino-pick-up,x,affiliation,Profile links point to X.,https://x.com/Pino_pick_up_,0.86,fact,True,Auto-collected from a public X profile. Review generated bio and pinned-post hints. Profile HTML did not expose a pinned-post URL; configure pinned_post_url in data/x_profile_sources.json to attach a generated pinned-post hint. Authenticated X following collection was requested but skipped: Authenticated following page redirected to X login.
play-shibuya,x,affiliation,Profile links point to X.,https://www.play-shibuya.com/en/ | https://x.com/PLAYSHIBUYA,0.86,fact,True,Auto-collected from a public page. Review before relying on inferred meaning.
play-shibuya,shibuya,activity,"Approved review candidate from summary, profile_text mentioning Shibuya.",https://www.play-shibuya.com/en/ | https://x.com/PLAYSHIBUYA,0.4,interpretation,False,"Approved from review candidate play-shibuya__shibuya__activity. Original evidence: ""PLAY! DIVERSITY SHIBUYA"" Shibuya Tourism Association The Shibuya Tourism Association aims to realize Shibuya as an ""International Cultural Tourism City"" through the promotion of tourism. Approval note: Reviewed from the official tourism association page."
pochama-izon,x,affiliation,Profile links point to X.,https://x.com/pochama_izon,0.86,fact,True,Auto-collected from a public X profile. Review generated bio and pinned-post hints. Profile HTML did not expose a pinned-post URL; configure pinned_post_url in data/x_profile_sources.json to attach a generated pinned-post hint. Authenticated X following collection was requested but skipped: Authenticated following page redirected to X login.
pochama-tuwaou,x,affiliation,Profile links point to X.,https://x.com/pochama_tuwaou,0.86,fact,True,Auto-collected from a public X profile. Review generated bio and pinned-post hints. Profile HTML did not expose a pinned-post URL; configure pinned_post_url in data/x_profile_sources.json to attach a generated pinned-post hint. Authenticated X following collection was requested but skipped: Authenticated following page redirected to X login.
pochama-tuwaou,line,affiliation,Profile links point to LINE.,https://x.com/pochama_tuwaou | https://line.me/R/ti/p/@672fcdpa,0.86,fact,True,Auto-collected from a public X profile. Review generated bio and pinned-post hints. Profile HTML did not expose a pinned-post URL; configure pinned_post_url in data/x_profile_sources.json to attach a generated pinned-post hint. Authenticated X following collection was requested but skipped: Authenticated following page redirected to X login.
pochama-tuwaou,pochama-izon,affiliation,Public X profile explicitly links @pochama_izon as the side account.,https://x.com/pochama_tuwaou,0.72,fact,False,Auto-collected from a public X profile. Review generated bio and pinned-post hints. Profile HTML did not expose a pinned-post URL; configure pinned_post_url in data/x_profile_sources.json to attach a generated pinned-post hint. Authenticated X following collection was requested but skipped: Authenticated following page redirected to X login.
pochi-tama11,x,affiliation,Profile links point to X.,https://x.com/pochi_tama11,0.86,fact,True,Auto-collected from a public X profile. Review generated bio and pinned-post hints. Profile HTML did not expose a pinned-post URL; configure pinned_post_url in data/x_profile_sources.json to attach a generated pinned-post hint. Authenticated X following collection was requested but skipped: Authenticated following page redirected to X login.
pochi-tama11,note,affiliation,Profile links point to note.,https://x.com/pochi_tama11 | https://note.com/pochitama/n/n430ef5fb7e1e,0.86,fact,True,Auto-collected from a public X profile. Review generated bio and pinned-post hints. Profile HTML did not expose a pinned-post URL; configure pinned_post_url in data/x_profile_sources.json to attach a generated pinned-post hint. Authenticated X following collection was requested but skipped: Authenticated following page redirected to X login.
ponponpon142,x,affiliation,Profile links point to X.,https://x.com/ponponpon142,0.86,fact,True,Auto-collected from a public X profile. Review generated bio and pinned-post hints. Profile HTML did not expose a pinned-post URL; configure pinned_post_url in data/x_profile_sources.json to attach a generated pinned-post hint. Authenticated X following collection was requested but skipped: Authenticated following page redirected to X login.
post-akaikei,x,affiliation,Profile links point to X.,https://x.com/post_akaikei,0.86,fact,True,Auto-collected from a public X profile. Review generated bio and pinned-post hints. Profile HTML did not expose a pinned-post URL; configure pinned_post_url in data/x_profile_sources.json to attach a generated pinned-post hint. Authenticated X following collection was requested but skipped: Authenticated following page redirected to X login.
potato-pua,x,affiliation,Profile links point to X.,https://x.com/potato_pua,0.86,fact,True,Auto-collected from a public X profile. Review generated bio and pinned-post hints. Profile HTML did not expose a pinned-post URL; configure pinned_post_url in data/x_profile_sources.json to attach a generated pinned-post hint. Authenticated X following collection was requested but skipped: Authenticated following page redirected to X login.
potato-pua,tokyo-stonan-kai,affiliation,Public X profile uses an @東京ストナン会 label in the display name.,https://x.com/potato_pua,0.76,fact,False,Auto-collected from a public X profile. Review generated bio and pinned-post hints. Profile HTML did not expose a pinned-post URL; configure pinned_post_url in data/x_profile_sources.json to attach a generated pinned-post hint. Authenticated X following collection was requested but skipped: Authenticated following page redirected to X login.
pua-chilll,x,affiliation,Profile links point to X.,https://x.com/pua_chilll,0.86,fact,True,Auto-collected from a public X profile. Review generated bio and pinned-post hints. Profile HTML did not expose a pinned-post URL; configure pinned_post_url in data/x_profile_sources.json to attach a generated pinned-post hint. Authenticated X following collection was requested but skipped: Authenticated following page redirected to X login.
pua-chilll,eroeromancotin,affiliation,Public X profile explicitly links @eroeromancotin as a related account.,https://x.com/pua_chilll,0.72,fact,False,Auto-collected from a public X profile. Review generated bio and pinned-post hints. Profile HTML did not expose a pinned-post URL; configure pinned_post_url in data/x_profile_sources.json to attach a generated pinned-post hint. Authenticated X following collection was requested but skipped: Authenticated following page redirected to X login.
pua-chilll,sub-chilll,affiliation,Public X profile explicitly links @sub_chilll as a related account.,https://x.com/pua_chilll,0.72,fact,False,Auto-collected from a public X profile. Review generated bio and pinned-post hints. Profile HTML did not expose a pinned-post URL; configure pinned_post_url in data/x_profile_sources.json to attach a generated pinned-post hint. Authenticated X following collection was requested but skipped: Authenticated following page redirected to X login.
pua-chilll,palace-chilll,profile_mention,Public X profile explicitly lists @palace_chilll.,https://x.com/pua_chilll,0.7,fact,False,Auto-collected from a public X profile. Review generated bio and pinned-post hints. Profile HTML did not expose a pinned-post URL; configure pinned_post_url in data/x_profile_sources.json to attach a generated pinned-post hint. Authenticated X following collection was requested but skipped: Authenticated following page redirected to X login.
pua-co,x,affiliation,Profile links point to X.,https://x.com/pua_co,0.86,fact,True,Auto-collected from a public X profile. Review generated bio and pinned-post hints. Profile HTML did not expose a pinned-post URL; configure pinned_post_url in data/x_profile_sources.json to attach a generated pinned-post hint. Authenticated X following collection was requested but skipped: Authenticated following page redirected to X login.
pua-co,note,affiliation,Profile links point to note.,https://x.com/pua_co | https://note.com/pua_ofline/n/na3d44a9e34b0,0.86,fact,True,Auto-collected from a public X profile. Review generated bio and pinned-post hints. Profile HTML did not expose a pinned-post URL; configure pinned_post_url in data/x_profile_sources.json to attach a generated pinned-post hint. Authenticated X following collection was requested but skipped: Authenticated following page redirected to X login.
pua-co,tokyo-stonan-kai,affiliation,Public X profile explicitly references 東京ストナン会 alongside RiseUpLab-style onboarding guidance.,https://x.com/pua_co,0.76,fact,False,Auto-collected from a public X profile. Review generated bio and pinned-post hints. Profile HTML did not expose a pinned-post URL; configure pinned_post_url in data/x_profile_sources.json to attach a generated pinned-post hint. Authenticated X following collection was requested but skipped: Authenticated following page redirected to X login.
pua-core,x,affiliation,Profile links point to X.,https://x.com/pua_core,0.86,fact,True,Auto-collected from a public X profile. Review generated bio and pinned-post hints. Profile HTML did not expose a pinned-post URL; configure pinned_post_url in data/x_profile_sources.json to attach a generated pinned-post hint. Authenticated X following collection was requested but skipped: Authenticated following page redirected to X login.
pua-donut,x,affiliation,Profile links point to X.,https://x.com/pua_donut,0.86,fact,True,Auto-collected from a public X profile. Review generated bio and pinned-post hints. Profile HTML did not expose a pinned-post URL; configure pinned_post_url in data/x_profile_sources.json to attach a generated pinned-post hint. Authenticated X following collection was requested but skipped: Authenticated following page redirected to X login.
pua-entertainer,x,affiliation,Profile links point to X.,https://x.com/PUA_entertainer,0.86,fact,True,Auto-collected from a public X profile. Review generated bio and pinned-post hints. Profile HTML did not expose a pinned-post URL; configure pinned_post_url in data/x_profile_sources.json to attach a generated pinned-post hint. Authenticated X following collection was requested but skipped: Authenticated following page redirected to X login.
pua-happy,x,affiliation,Profile links point to X.,https://x.com/pua_happy,0.86,fact,True,Auto-collected from a public X profile. Review generated bio and pinned-post hints. Profile HTML did not expose a pinned-post URL; configure pinned_post_url in data/x_profile_sources.json to attach a generated pinned-post hint. Authenticated X following collection was requested but skipped: Authenticated following page redirected to X login.
pua-ishikawa,x,affiliation,Profile links point to X.,https://x.com/pua_ishikawa,0.86,fact,True,Auto-collected from a public X profile. Review generated bio and pinned-post hints. Profile HTML did not expose a pinned-post URL; configure pinned_post_url in data/x_profile_sources.json to attach a generated pinned-post hint. Authenticated X following collection was requested but skipped: Authenticated following page redirected to X login.
pua-kaikun,x,affiliation,Profile links point to X.,https://x.com/pua_kaikun,0.86,fact,True,Auto-collected from a public X profile. Review generated bio and pinned-post hints. Profile HTML did not expose a pinned-post URL; configure pinned_post_url in data/x_profile_sources.json to attach a generated pinned-post hint. Authenticated X following collection was requested but skipped: Authenticated following page redirected to X login.
pua-kei-mh,x,affiliation,Profile links point to X.,https://x.com/PUA_KEI_MH,0.86,fact,True,Auto-collected from a public X profile. Review generated bio and pinned-post hints. Profile HTML did not expose a pinned-post URL; configure pinned_post_url in data/x_profile_sources.json to attach a generated pinned-post hint. Authenticated X following collection was requested but skipped: Authenticated following page redirected to X login.
pua-kei-mh,pua-kei-sg,affiliation,Public X profile explicitly links @PUA_KEI_SG as the side account.,https://x.com/PUA_KEI_MH,0.72,fact,False,Auto-collected from a public X profile. Review generated bio and pinned-post hints. Profile HTML did not expose a pinned-post URL; configure pinned_post_url in data/x_profile_sources.json to attach a generated pinned-post hint. Authenticated X following collection was requested but skipped: Authenticated following page redirected to X login.
pua-kei-sg,x,affiliation,Profile links point to X.,https://x.com/PUA_KEI_SG,0.86,fact,True,Auto-collected from a public X profile. Review generated bio and pinned-post hints. Profile HTML did not expose a pinned-post URL; configure pinned_post_url in data/x_profile_sources.json to attach a generated pinned-post hint. Authenticated X following collection was requested but skipped: Authenticated following page redirected to X login.
pua-kk,x,affiliation,Profile links point to X.,https://x.com/pua_kk_,0.86,fact,True,Auto-collected from a public X profile. Review generated bio and pinned-post hints. Profile HTML did not expose a pinned-post URL; configure pinned_post_url in data/x_profile_sources.json to attach a generated pinned-post hint. Authenticated X following collection was requested but skipped: Authenticated following page redirected to X login.
pua-kk,line,affiliation,Profile links point to LINE.,https://x.com/pua_kk_ | https://lin.ee/0OLeoPd,0.86,fact,True,Auto-collected from a public X profile. Review generated bio and pinned-post hints. Profile HTML did not expose a pinned-post URL; configure pinned_post_url in data/x_profile_sources.json to attach a generated pinned-post hint. Authenticated X following collection was requested but skipped: Authenticated following page redirected to X login.
pua-marcelo,x,affiliation,Profile links point to X.,https://x.com/Pua_Marcelo,0.86,fact,True,Auto-collected from a public X profile. Review generated bio and pinned-post hints. Profile HTML did not expose a pinned-post URL; configure pinned_post_url in data/x_profile_sources.json to attach a generated pinned-post hint. Authenticated X following collection was requested but skipped: Authenticated following page redirected to X login.
pua-marcelo,note,affiliation,Profile links point to note.,https://x.com/Pua_Marcelo | http://note.com/pua_marcelo,0.86,fact,True,Auto-collected from a public X profile. Review generated bio and pinned-post hints. Profile HTML did not expose a pinned-post URL; configure pinned_post_url in data/x_profile_sources.json to attach a generated pinned-post hint. Authenticated X following collection was requested but skipped: Authenticated following page redirected to X login.
pua-miura,x,affiliation,Profile links point to X.,https://x.com/pua_miura,0.86,fact,True,Auto-collected from a public X profile. Review generated bio and pinned-post hints. Profile HTML did not expose a pinned-post URL; configure pinned_post_url in data/x_profile_sources.json to attach a generated pinned-post hint. Authenticated X following collection was requested but skipped: Authenticated following page redirected to X login.
pua-ofline,x,affiliation,Profile links point to X.,https://x.com/pua_ofline,0.86,fact,True,Auto-collected from a public X profile. Review generated bio and pinned-post hints. Profile HTML did not expose a pinned-post URL; configure pinned_post_url in data/x_profile_sources.json to attach a generated pinned-post hint. Authenticated X following collection was requested but skipped: Authenticated following page redirected to X login.
pua-poke,x,affiliation,Profile links point to X.,https://x.com/pua_poke,0.86,fact,True,Auto-collected from a public X profile. Review generated bio and pinned-post hints. Profile HTML did not expose a pinned-post URL; configure pinned_post_url in data/x_profile_sources.json to attach a generated pinned-post hint. Authenticated X following collection was requested but skipped: Authenticated following page redirected to X login.
pua-rusu,x,affiliation,Profile links point to X.,https://x.com/pua_rusu,0.86,fact,True,Auto-collected from a public X profile. Review generated bio and pinned-post hints. Profile HTML did not expose a pinned-post URL; configure pinned_post_url in data/x_profile_sources.json to attach a generated pinned-post hint. Authenticated X following collection was requested but skipped: Authenticated following page redirected to X login.
pua-sakaki-40,x,affiliation,Profile links point to X.,https://x.com/pua_sakaki_40,0.86,fact,True,Auto-collected from a public X profile. Review generated bio and pinned-post hints. Profile HTML did not expose a pinned-post URL; configure pinned_post_url in data/x_profile_sources.json to attach a generated pinned-post hint. Authenticated X following collection was requested but skipped: Authenticated following page redirected to X login.
pua-sanji,x,affiliation,Profile links point to X.,https://x.com/pua_sanji,0.86,fact,True,Auto-collected from a public X profile. Review generated bio and pinned-post hints. Profile HTML did not expose a pinned-post URL; configure pinned_post_url in data/x_profile_sources.json to attach a generated pinned-post hint. Authenticated X following collection was requested but skipped: Authenticated following page redirected to X login.
pua-shin,x,affiliation,Profile links point to X.,https://x.com/pua_shin,0.86,fact,True,Auto-collected from a public X profile. Review generated bio and pinned-post hints. Profile HTML did not expose a pinned-post URL; configure pinned_post_url in data/x_profile_sources.json to attach a generated pinned-post hint. Authenticated X following collection was requested but skipped: Authenticated following page redirected to X login.
pua-vinsmoke,x,affiliation,Profile links point to X.,https://x.com/pua_vinsmoke,0.86,fact,True,Auto-collected from a public X profile. Review generated bio and pinned-post hints. Profile HTML did not expose a pinned-post URL; configure pinned_post_url in data/x_profile_sources.json to attach a generated pinned-post hint. Authenticated X following collection was requested but skipped: Authenticated following page redirected to X login.
pua-yossy,x,affiliation,Profile links point to X.,https://x.com/pua_yossy,0.86,fact,True,Auto-collected from a public X profile. Review generated bio and pinned-post hints. Profile HTML did not expose a pinned-post URL; configure pinned_post_url in data/x_profile_sources.json to attach a generated pinned-post hint. Authenticated X following collection saw 0 handles and matched 0 tracked accounts.
pua-yossy,machida,activity,"Approved review candidate from summary, profile_text mentioning 町田駅.",https://x.com/pua_yossy,0.4,interpretation,False,Approved from review candidate pua-yossy__machida__activity. Approval note: Explicitly stated in the public X profile bio.
puainoki,x,affiliation,Profile links point to X.,https://x.com/PUAINOKI,0.86,fact,True,Auto-collected from a public X profile. Review generated bio and pinned-post hints. Profile HTML did not expose a pinned-post URL; configure pinned_post_url in data/x_profile_sources.json to attach a generated pinned-post hint. Authenticated X following collection was requested but skipped: Authenticated following page redirected to X login.
puapenguin,x,affiliation,Profile links point to X.,https://x.com/puapenguin,0.86,fact,True,Auto-collected from a public X profile. Review generated bio and pinned-post hints. Profile HTML did not expose a pinned-post URL; configure pinned_post_url in data/x_profile_sources.json to attach a generated pinned-post hint. Authenticated X following collection was requested but skipped: Authenticated following page redirected to X login.
puriketsu-nnp,x,affiliation,Profile links point to X.,https://x.com/puriketsu_nnp,0.86,fact,True,Auto-collected from a public X profile. Review generated bio and pinned-post hints. Profile HTML did not expose a pinned-post URL; configure pinned_post_url in data/x_profile_sources.json to attach a generated pinned-post hint. Authenticated X following collection was requested but skipped: Authenticated following page redirected to X login.
puriketsu-nnp,tokyo-stonan-kai,affiliation,Public X profile lists the #東京ストナン会 hashtag with an @東京ストナン会 display label.,https://x.com/puriketsu_nnp,0.78,fact,False,Auto-collected from a public X profile. Review generated bio and pinned-post hints. Profile HTML did not expose a pinned-post URL; configure pinned_post_url in data/x_profile_sources.json to attach a generated pinned-post hint. Authenticated X following collection was requested but skipped: Authenticated following page redirected to X login.
puro-nampa,x,affiliation,Profile links point to X.,https://x.com/puro_nanpa,0.86,fact,True,Auto-collected from a public X profile. Review generated bio and pinned-post hints. Profile HTML did not expose a pinned-post URL; configure pinned_post_url in data/x_profile_sources.json to attach a generated pinned-post hint. Authenticated X following collection was requested but skipped: Authenticated following page redirected to X login.
puro-nampa,emuchi-pua,affiliation,Public X profile labels @emuchi_pua as the thought-account paired with the main coaching account.,https://x.com/puro_nanpa,0.72,fact,False,Auto-collected from a public X profile. Review generated bio and pinned-post hints. Profile HTML did not expose a pinned-post URL; configure pinned_post_url in data/x_profile_sources.json to attach a generated pinned-post hint. Authenticated X following collection was requested but skipped: Authenticated following page redirected to X login.
pypynanpa,x,affiliation,Profile links point to X.,https://x.com/pypynanpa,0.86,fact,True,Auto-collected from a public X profile. Review generated bio and pinned-post hints. Profile HTML did not expose a pinned-post URL; configure pinned_post_url in data/x_profile_sources.json to attach a generated pinned-post hint. Authenticated X following collection was requested but skipped: Authenticated following page redirected to X login.
pypynanpa,line,affiliation,Profile links point to LINE.,https://x.com/pypynanpa | https://lin.ee/92nFWID,0.86,fact,True,Auto-collected from a public X profile. Review generated bio and pinned-post hints. Profile HTML did not expose a pinned-post URL; configure pinned_post_url in data/x_profile_sources.json to attach a generated pinned-post hint. Authenticated X following collection was requested but skipped: Authenticated following page redirected to X login.
qh0kum,x,affiliation,Profile links point to X.,https://x.com/qh0kum,0.86,fact,True,Auto-collected from a public X profile. Review generated bio and pinned-post hints. Profile HTML did not expose a pinned-post URL; configure pinned_post_url in data/x_profile_sources.json to attach a generated pinned-post hint. Authenticated X following collection was requested but skipped: Authenticated following page redirected to X login.
qrxt-a,x,affiliation,Profile links point to X.,https://x.com/qrxt_a,0.86,fact,True,Auto-collected from a public X profile. Review generated bio and pinned-post hints. Profile HTML did not expose a pinned-post URL; configure pinned_post_url in data/x_profile_sources.json to attach a generated pinned-post hint. Authenticated X following collection was requested but skipped: Authenticated following page redirected to X login.
qrxt-a,youtube,affiliation,Profile links point to YouTube.,https://x.com/qrxt_a | https://www.youtube.com/watch?v=4mrcNJmXW0c&t=9s,0.86,fact,True,Auto-collected from a public X profile. Review generated bio and pinned-post hints. Profile HTML did not expose a pinned-post URL; configure pinned_post_url in data/x_profile_sources.json to attach a generated pinned-post hint. Authenticated X following collection was requested but skipped: Authenticated following page redirected to X login.
r-pua-pua,x,affiliation,Profile links point to X.,https://x.com/R_pua_pua,0.86,fact,True,Auto-collected from a public X profile. Review generated bio and pinned-post hints. Profile HTML did not expose a pinned-post URL; configure pinned_post_url in data/x_profile_sources.json to attach a generated pinned-post hint. Authenticated X following collection was requested but skipped: Authenticated following page redirected to X login.
rabbit-deepdown,x,affiliation,Profile links point to X.,https://x.com/rabbit_deepdown,0.86,fact,True,Auto-collected from a public X profile. Review generated bio and pinned-post hints. Profile HTML did not expose a pinned-post URL; configure pinned_post_url in data/x_profile_sources.json to attach a generated pinned-post hint. Authenticated X following collection was requested but skipped: Authenticated following page redirected to X login.
ranbousto2,x,affiliation,Profile links point to X.,https://x.com/ranbousto2,0.86,fact,True,Auto-collected from a public X profile. Review generated bio and pinned-post hints. Profile HTML did not expose a pinned-post URL; configure pinned_post_url in data/x_profile_sources.json to attach a generated pinned-post hint. Authenticated X following collection was requested but skipped: Authenticated following page redirected to X login.
ranbousto2,note,affiliation,Profile links point to note.,https://x.com/ranbousto2 | https://note.com/vast_plover989/n/ne30d4ed63141,0.86,fact,True,Auto-collected from a public X profile. Review generated bio and pinned-post hints. Profile HTML did not expose a pinned-post URL; configure pinned_post_url in data/x_profile_sources.json to attach a generated pinned-post hint. Authenticated X following collection was requested but skipped: Authenticated following page redirected to X login.
rate-beauty,x,affiliation,Profile links point to X.,https://x.com/rate_beauty,0.86,fact,True,Auto-collected from a public X profile. Review generated bio and pinned-post hints. Profile HTML did not expose a pinned-post URL; configure pinned_post_url in data/x_profile_sources.json to attach a generated pinned-post hint. Authenticated X following collection was requested but skipped: Authenticated following page redirected to X login.
real-nampa,x,affiliation,Profile links point to X.,https://x.com/real_nampa,0.86,fact,True,Auto-collected from a public X profile. Review generated bio and pinned-post hints. Profile HTML did not expose a pinned-post URL; configure pinned_post_url in data/x_profile_sources.json to attach a generated pinned-post hint. Authenticated X following collection was requested but skipped: Authenticated following page redirected to X login.
reborn-pua,x,affiliation,Profile links point to X.,https://x.com/reborn_pua,0.86,fact,True,Auto-collected from a public X profile. Review generated bio and pinned-post hints. Profile HTML did not expose a pinned-post URL; configure pinned_post_url in data/x_profile_sources.json to attach a generated pinned-post hint. Authenticated X following collection was requested but skipped: Authenticated following page redirected to X login.
reborn-pua,yutty-pua,influence,Public X profile explicitly identifies this account as a Yutty long-term course student.,https://x.com/reborn_pua,0.74,fact,False,Auto-collected from a public X profile. Review generated bio and pinned-post hints. Profile HTML did not expose a pinned-post URL; configure pinned_post_url in data/x_profile_sources.json to attach a generated pinned-post hint. Authenticated X following collection was requested but skipped: Authenticated following page redirected to X login.
recoa-nanpa,x,affiliation,Profile links point to X.,https://x.com/recoa_nanpa,0.86,fact,True,Auto-collected from a public X profile. Review generated bio and pinned-post hints. Profile HTML did not expose a pinned-post URL; configure pinned_post_url in data/x_profile_sources.json to attach a generated pinned-post hint. Authenticated X following collection was requested but skipped: Authenticated following page redirected to X login.
recoa-nanpa,gureran-m,affiliation,Public X profile explicitly links @gureran_m as a related account.,https://x.com/recoa_nanpa,0.72,fact,False,Auto-collected from a public X profile. Review generated bio and pinned-post hints. Profile HTML did not expose a pinned-post URL; configure pinned_post_url in data/x_profile_sources.json to attach a generated pinned-post hint. Authenticated X following collection was requested but skipped: Authenticated following page redirected to X login.
rei-app-pua,x,affiliation,Profile links point to X.,https://x.com/rei_app_pua,0.86,fact,True,Auto-collected from a public X profile. Review generated bio and pinned-post hints. Profile HTML did not expose a pinned-post URL; configure pinned_post_url in data/x_profile_sources.json to attach a generated pinned-post hint. Authenticated X following collection was requested but skipped: Authenticated following page redirected to X login.
reiy-brushup,x,affiliation,Profile links point to X.,https://x.com/reiy_brushup,0.86,fact,True,Auto-collected from a public X profile. Review generated bio and pinned-post hints. Profile HTML did not expose a pinned-post URL; configure pinned_post_url in data/x_profile_sources.json to attach a generated pinned-post hint. Authenticated X following collection was requested but skipped: Authenticated following page redirected to X login.
renren-pua,x,affiliation,Profile links point to X.,https://x.com/Renren_pua,0.86,fact,True,Auto-collected from a public X profile. Review generated bio and pinned-post hints. Profile HTML did not expose a pinned-post URL; configure pinned_post_url in data/x_profile_sources.json to attach a generated pinned-post hint. Authenticated X following collection was requested but skipped: Authenticated following page redirected to X login.
resunnme,x,affiliation,Profile links point to X.,https://x.com/resunnme,0.86,fact,True,Auto-collected from a public X profile. Review generated bio and pinned-post hints. Profile HTML did not expose a pinned-post URL; configure pinned_post_url in data/x_profile_sources.json to attach a generated pinned-post hint. Authenticated X following collection was requested but skipped: Authenticated following page redirected to X login.
rice-bread-1,x,affiliation,Profile links point to X.,https://x.com/rice_bread_1,0.86,fact,True,Auto-collected from a public X profile. Review generated bio and pinned-post hints. Profile HTML did not expose a pinned-post URL; configure pinned_post_url in data/x_profile_sources.json to attach a generated pinned-post hint. Authenticated X following collection was requested but skipped: Authenticated following page redirected to X login.
rice-bread-1,line,affiliation,Profile links point to LINE.,https://x.com/rice_bread_1 | https://lin.ee/YbLk5KS,0.86,fact,True,Auto-collected from a public X profile. Review generated bio and pinned-post hints. Profile HTML did not expose a pinned-post URL; configure pinned_post_url in data/x_profile_sources.json to attach a generated pinned-post hint. Authenticated X following collection was requested but skipped: Authenticated following page redirected to X login.
right-pua,x,affiliation,Profile links point to X.,https://x.com/right_pua_,0.86,fact,True,Auto-collected from a public X profile. Review generated bio and pinned-post hints. Profile HTML did not expose a pinned-post URL; configure pinned_post_url in data/x_profile_sources.json to attach a generated pinned-post hint. Authenticated X following collection was requested but skipped: Authenticated following page redirected to X login.
riku-pua,x,affiliation,Profile links point to X.,https://x.com/riku_pua,0.86,fact,True,Auto-collected from a public X profile. Review generated bio and pinned-post hints. Profile HTML did not expose a pinned-post URL; configure pinned_post_url in data/x_profile_sources.json to attach a generated pinned-post hint. Authenticated X following collection was requested but skipped: Authenticated following page redirected to X login.
riku-pua0801,x,affiliation,Profile links point to X.,https://x.com/riku_pua0801,0.86,fact,True,Auto-collected from a public X profile. Review generated bio and pinned-post hints. Profile HTML did not expose a pinned-post URL; configure pinned_post_url in data/x_profile_sources.json to attach a generated pinned-post hint. Authenticated X following collection was requested but skipped: Authenticated following page redirected to X login.
riokun-pua,x,affiliation,Profile links point to X.,https://x.com/riokun_pua,0.86,fact,True,Auto-collected from a public X profile. Review generated bio and pinned-post hints. Profile HTML did not expose a pinned-post URL; configure pinned_post_url in data/x_profile_sources.json to attach a generated pinned-post hint. Authenticated X following collection was requested but skipped: Authenticated following page redirected to X login.
riokun-pua,riokun-pua-sub,affiliation,Public X profile explicitly links @riokun_pua_sub as the related side account.,https://x.com/riokun_pua,0.72,fact,False,Auto-collected from a public X profile. Review generated bio and pinned-post hints. Profile HTML did not expose a pinned-post URL; configure pinned_post_url in data/x_profile_sources.json to attach a generated pinned-post hint. Authenticated X following collection was requested but skipped: Authenticated following page redirected to X login.
riokun-pua-sub,x,affiliation,Profile links point to X.,https://x.com/riokun_pua_sub,0.86,fact,True,Auto-collected from a public X profile. Review generated bio and pinned-post hints. Profile HTML did not expose a pinned-post URL; configure pinned_post_url in data/x_profile_sources.json to attach a generated pinned-post hint. Authenticated X following collection was requested but skipped: Authenticated following page redirected to X login.
river-p823,x,affiliation,Profile links point to X.,https://x.com/River_p823,0.86,fact,True,Auto-collected from a public X profile. Review generated bio and pinned-post hints. Profile HTML did not expose a pinned-post URL; configure pinned_post_url in data/x_profile_sources.json to attach a generated pinned-post hint. Authenticated X following collection was requested but skipped: Authenticated following page redirected to X login.
rizin-pua,x,affiliation,Profile links point to X.,https://x.com/rizin_pua,0.86,fact,True,Auto-collected from a public X profile. Review generated bio and pinned-post hints. Profile HTML did not expose a pinned-post URL; configure pinned_post_url in data/x_profile_sources.json to attach a generated pinned-post hint. Authenticated X following collection was requested but skipped: Authenticated following page redirected to X login.
rk0613i,x,affiliation,Profile links point to X.,https://x.com/rk0613i,0.86,fact,True,Auto-collected from a public X profile. Review generated bio and pinned-post hints. Profile HTML did not expose a pinned-post URL; configure pinned_post_url in data/x_profile_sources.json to attach a generated pinned-post hint. Authenticated X following collection was requested but skipped: Authenticated following page redirected to X login.
roa-pua,x,affiliation,Profile links point to X.,https://x.com/roa_pua,0.86,fact,True,Auto-collected from a public X profile. Review generated bio and pinned-post hints. Profile HTML did not expose a pinned-post URL; configure pinned_post_url in data/x_profile_sources.json to attach a generated pinned-post hint. Authenticated X following collection was requested but skipped: Authenticated following page redirected to X login.
rockpua-sub,x,affiliation,Profile links point to X.,https://x.com/rockpua_sub,0.86,fact,True,Auto-collected from a public X profile. Review generated bio and pinned-post hints. Profile HTML did not expose a pinned-post URL; configure pinned_post_url in data/x_profile_sources.json to attach a generated pinned-post hint. Authenticated X following collection was requested but skipped: Authenticated following page redirected to X login.
roco-neko,x,affiliation,Profile links point to X.,https://x.com/roco_neko_,0.86,fact,True,Auto-collected from a public X profile. Review generated bio and pinned-post hints. Profile HTML did not expose a pinned-post URL; configure pinned_post_url in data/x_profile_sources.json to attach a generated pinned-post hint. Authenticated X following collection was requested but skipped: Authenticated following page redirected to X login.
roco-neko,line,affiliation,Profile links point to LINE.,https://x.com/roco_neko_ | https://lin.ee/hsqDCCh,0.86,fact,True,Auto-collected from a public X profile. Review generated bio and pinned-post hints. Profile HTML did not expose a pinned-post URL; configure pinned_post_url in data/x_profile_sources.json to attach a generated pinned-post hint. Authenticated X following collection was requested but skipped: Authenticated following page redirected to X login.
roco-neko,roco-neko-ura,affiliation,Public X profile explicitly links @roco_neko_ura as the related side account.,https://x.com/roco_neko_,0.72,fact,False,Auto-collected from a public X profile. Review generated bio and pinned-post hints. Profile HTML did not expose a pinned-post URL; configure pinned_post_url in data/x_profile_sources.json to attach a generated pinned-post hint. Authenticated X following collection was requested but skipped: Authenticated following page redirected to X login.
roco-neko-ura,x,affiliation,Profile links point to X.,https://x.com/roco_neko_ura,0.86,fact,True,Auto-collected from a public X profile. Review generated bio and pinned-post hints. Profile HTML did not expose a pinned-post URL; configure pinned_post_url in data/x_profile_sources.json to attach a generated pinned-post hint. Authenticated X following collection was requested but skipped: Authenticated following page redirected to X login.
rojou-ski,x,affiliation,Profile links point to X.,https://x.com/rojou_ski,0.86,fact,True,Auto-collected from a public X profile. Review generated bio and pinned-post hints. Profile HTML did not expose a pinned-post URL; configure pinned_post_url in data/x_profile_sources.json to attach a generated pinned-post hint. Authenticated X following collection was requested but skipped: Authenticated following page redirected to X login.
rojupua,x,affiliation,Profile links point to X.,https://x.com/rojupua,0.86,fact,True,Auto-collected from a public X profile. Review generated bio and pinned-post hints. Profile HTML did not expose a pinned-post URL; configure pinned_post_url in data/x_profile_sources.json to attach a generated pinned-post hint. Authenticated X following collection was requested but skipped: Authenticated following page redirected to X login.
romiromi630,x,affiliation,Profile links point to X.,https://x.com/romiromi630,0.86,fact,True,Auto-collected from a public X profile. Review generated bio and pinned-post hints. Profile HTML did not expose a pinned-post URL; configure pinned_post_url in data/x_profile_sources.json to attach a generated pinned-post hint. Authenticated X following collection was requested but skipped: Authenticated following page redirected to X login.
roppongi-makino,x,affiliation,Profile links point to X.,https://x.com/roppongi_makino,0.86,fact,True,Auto-collected from a public X profile. Review generated bio and pinned-post hints. Profile HTML did not expose a pinned-post URL; configure pinned_post_url in data/x_profile_sources.json to attach a generated pinned-post hint. Authenticated X following collection was requested but skipped: Authenticated following page redirected to X login.
royal-rail7313,x,affiliation,Profile links point to X.,https://x.com/royal_rail7313,0.86,fact,True,Auto-collected from a public X profile. Review generated bio and pinned-post hints. Profile HTML did not expose a pinned-post URL; configure pinned_post_url in data/x_profile_sources.json to attach a generated pinned-post hint. Authenticated X following collection was requested but skipped: Authenticated following page redirected to X login.
rui0808-pua,x,affiliation,Profile links point to X.,https://x.com/rui0808_pua,0.86,fact,True,Auto-collected from a public X profile. Review generated bio and pinned-post hints. Profile HTML did not expose a pinned-post URL; configure pinned_post_url in data/x_profile_sources.json to attach a generated pinned-post hint. Authenticated X following collection was requested but skipped: Authenticated following page redirected to X login.
ruisboss,x,affiliation,Profile links point to X.,https://x.com/ruisboss,0.86,fact,True,Auto-collected from a public X profile. Review generated bio and pinned-post hints. Profile HTML did not expose a pinned-post URL; configure pinned_post_url in data/x_profile_sources.json to attach a generated pinned-post hint. Authenticated X following collection was requested but skipped: Authenticated following page redirected to X login.
ruto10-pua,x,affiliation,Profile links point to X.,https://x.com/ruto10_pua,0.86,fact,True,Auto-collected from a public X profile. Review generated bio and pinned-post hints. Profile HTML did not expose a pinned-post URL; configure pinned_post_url in data/x_profile_sources.json to attach a generated pinned-post hint. Authenticated X following collection was requested but skipped: Authenticated following page redirected to X login.
ryepua,x,affiliation,Profile links point to X.,https://x.com/ryepua,0.86,fact,True,Auto-collected from a public X profile. Review generated bio and pinned-post hints. Profile HTML did not expose a pinned-post URL; configure pinned_post_url in data/x_profile_sources.json to attach a generated pinned-post hint. Authenticated X following collection was requested but skipped: Authenticated following page redirected to X login.
ryepua,inpsub,affiliation,Public X profile explicitly links @inpsub as a related account.,https://x.com/ryepua,0.72,fact,False,Auto-collected from a public X profile. Review generated bio and pinned-post hints. Profile HTML did not expose a pinned-post URL; configure pinned_post_url in data/x_profile_sources.json to attach a generated pinned-post hint. Authenticated X following collection was requested but skipped: Authenticated following page redirected to X login.
ryo-mindup,x,affiliation,Profile links point to X.,https://x.com/ryo_mindup,0.86,fact,True,Auto-collected from a public X profile. Review generated bio and pinned-post hints. Profile HTML did not expose a pinned-post URL; configure pinned_post_url in data/x_profile_sources.json to attach a generated pinned-post hint. Authenticated X following collection was requested but skipped: Authenticated following page redirected to X login.
ryo-mindup,note,affiliation,Profile links point to note.,https://x.com/ryo_mindup | https://note.com/hosokipua,0.86,fact,True,Auto-collected from a public X profile. Review generated bio and pinned-post hints. Profile HTML did not expose a pinned-post URL; configure pinned_post_url in data/x_profile_sources.json to attach a generated pinned-post hint. Authenticated X following collection was requested but skipped: Authenticated following page redirected to X login.
ryosuke-street2,x,affiliation,Profile links point to X.,https://x.com/ryosuke_street2,0.86,fact,True,Auto-collected from a public X profile. Review generated bio and pinned-post hints. Profile HTML did not expose a pinned-post URL; configure pinned_post_url in data/x_profile_sources.json to attach a generated pinned-post hint. Authenticated X following collection was requested but skipped: Authenticated following page redirected to X login.
ryu-8585,x,affiliation,Profile links point to X.,https://x.com/ryu_8585_,0.86,fact,True,Auto-collected from a public X profile. Review generated bio and pinned-post hints. Profile HTML did not expose a pinned-post URL; configure pinned_post_url in data/x_profile_sources.json to attach a generated pinned-post hint. Authenticated X following collection was requested but skipped: Authenticated following page redirected to X login.
ryuse-pua,x,affiliation,Profile links point to X.,https://x.com/ryuse_pua,0.86,fact,True,Auto-collected from a public X profile. Review generated bio and pinned-post hints. Profile HTML did not expose a pinned-post URL; configure pinned_post_url in data/x_profile_sources.json to attach a generated pinned-post hint. Authenticated X following collection was requested but skipped: Authenticated following page redirected to X login.
ryusei-pua,x,affiliation,Profile links point to X.,https://x.com/ryusei_pua,0.86,fact,True,Auto-collected from a public X profile. Review generated bio and pinned-post hints. Profile HTML did not expose a pinned-post URL; configure pinned_post_url in data/x_profile_sources.json to attach a generated pinned-post hint. Authenticated X following collection was requested but skipped: Authenticated following page redirected to X login.
ryuuk-pua,x,affiliation,Profile links point to X.,https://x.com/ryuuk_pua,0.86,fact,True,Auto-collected from a public X profile. Review generated bio and pinned-post hints. Profile HTML did not expose a pinned-post URL; configure pinned_post_url in data/x_profile_sources.json to attach a generated pinned-post hint. Authenticated X following collection was requested but skipped: Authenticated following page redirected to X login.
rz-tekito,x,affiliation,Profile links point to X.,https://x.com/rz_tekito,0.86,fact,True,Auto-collected from a public X profile. Review generated bio and pinned-post hints. Profile HTML did not expose a pinned-post URL; configure pinned_post_url in data/x_profile_sources.json to attach a generated pinned-post hint. Authenticated X following collection was requested but skipped: Authenticated following page redirected to X login.
s-mote-money,x,affiliation,Profile links point to X.,https://x.com/s_mote_money,0.86,fact,True,Auto-collected from a public X profile. Review generated bio and pinned-post hints. Profile HTML did not expose a pinned-post URL; configure pinned_post_url in data/x_profile_sources.json to attach a generated pinned-post hint. Authenticated X following collection was requested but skipped: Authenticated following page redirected to X login.
s-pua0213,x,affiliation,Profile links point to X.,https://x.com/s_pua0213,0.86,fact,True,Auto-collected from a public X profile. Review generated bio and pinned-post hints. Profile HTML did not expose a pinned-post URL; configure pinned_post_url in data/x_profile_sources.json to attach a generated pinned-post hint. Authenticated X following collection was requested but skipped: Authenticated following page redirected to X login.
s01183496,x,affiliation,Profile links point to X.,https://x.com/s01183496,0.86,fact,True,Auto-collected from a public X profile. Review generated bio and pinned-post hints. Profile HTML did not expose a pinned-post URL; configure pinned_post_url in data/x_profile_sources.json to attach a generated pinned-post hint. Authenticated X following collection was requested but skipped: Authenticated following page redirected to X login.
saikyo-sutoti,x,affiliation,Profile links point to X.,https://x.com/Saikyo_sutoti,0.86,fact,True,Auto-collected from a public X profile. Review generated bio and pinned-post hints. Profile HTML did not expose a pinned-post URL; configure pinned_post_url in data/x_profile_sources.json to attach a generated pinned-post hint. Authenticated X following collection was requested but skipped: Authenticated following page redirected to X login.
saikyo-sutoti,line,affiliation,Profile links point to LINE.,https://x.com/Saikyo_sutoti | https://lin.ee/9rgyQ68,0.86,fact,True,Auto-collected from a public X profile. Review generated bio and pinned-post hints. Profile HTML did not expose a pinned-post URL; configure pinned_post_url in data/x_profile_sources.json to attach a generated pinned-post hint. Authenticated X following collection was requested but skipped: Authenticated following page redirected to X login.
saku-pua,x,affiliation,Profile links point to X.,https://x.com/saku_pua,0.86,fact,True,Auto-collected from a public X profile. Review generated bio and pinned-post hints. Profile HTML did not expose a pinned-post URL; configure pinned_post_url in data/x_profile_sources.json to attach a generated pinned-post hint. Authenticated X following collection was requested but skipped: Authenticated following page redirected to X login.
saku-pua,tokyo-stonan-kai,affiliation,Public X profile uses an @東京ストナン会 label in the display name.,https://x.com/saku_pua,0.76,fact,False,Auto-collected from a public X profile. Review generated bio and pinned-post hints. Profile HTML did not expose a pinned-post URL; configure pinned_post_url in data/x_profile_sources.json to attach a generated pinned-post hint. Authenticated X following collection was requested but skipped: Authenticated following page redirected to X login.
salmon-nnp,x,affiliation,Profile links point to X.,https://x.com/salmon_nnp,0.86,fact,True,Auto-collected from a public X profile. Review generated bio and pinned-post hints. Profile HTML did not expose a pinned-post URL; configure pinned_post_url in data/x_profile_sources.json to attach a generated pinned-post hint. Authenticated X following collection was requested but skipped: Authenticated following page redirected to X login.
sandarupua,x,affiliation,Profile links point to X.,https://x.com/sandarupua,0.86,fact,True,Auto-collected from a public X profile. Review generated bio and pinned-post hints. Profile HTML did not expose a pinned-post URL; configure pinned_post_url in data/x_profile_sources.json to attach a generated pinned-post hint. Authenticated X following collection was requested but skipped: Authenticated following page redirected to X login.
sati-pua,x,affiliation,Profile links point to X.,https://x.com/sati_pua,0.86,fact,True,Auto-collected from a public X profile. Review generated bio and pinned-post hints. Profile HTML did not expose a pinned-post URL; configure pinned_post_url in data/x_profile_sources.json to attach a generated pinned-post hint. Authenticated X following collection was requested but skipped: Authenticated following page redirected to X login.
sati-pua,note,affiliation,Profile links point to note.,https://x.com/sati_pua | https://note.com/sati_pua/,0.86,fact,True,Auto-collected from a public X profile. Review generated bio and pinned-post hints. Profile HTML did not expose a pinned-post URL; configure pinned_post_url in data/x_profile_sources.json to attach a generated pinned-post hint. Authenticated X following collection was requested but skipped: Authenticated following page redirected to X login.
sato-legend,x,affiliation,Profile links point to X.,https://x.com/sato_legend,0.86,fact,True,Auto-collected from a public X profile. Review generated bio and pinned-post hints. Profile HTML did not expose a pinned-post URL; configure pinned_post_url in data/x_profile_sources.json to attach a generated pinned-post hint. Authenticated X following collection was requested but skipped: Authenticated following page redirected to X login.
sato-legend,5sato-pua,affiliation,Public X profile explicitly links @5sato_pua as a related account.,https://x.com/sato_legend,0.72,fact,False,Auto-collected from a public X profile. Review generated bio and pinned-post hints. Profile HTML did not expose a pinned-post URL; configure pinned_post_url in data/x_profile_sources.json to attach a generated pinned-post hint. Authenticated X following collection was requested but skipped: Authenticated following page redirected to X login.
schon-nannpa,x,affiliation,Profile links point to X.,https://x.com/schon_nannpa,0.86,fact,True,Auto-collected from a public X profile. Review generated bio and pinned-post hints. Profile HTML did not expose a pinned-post URL; configure pinned_post_url in data/x_profile_sources.json to attach a generated pinned-post hint. Authenticated X following collection was requested but skipped: Authenticated following page redirected to X login.
schon-nannpa,note,affiliation,Profile links point to note.,https://x.com/schon_nannpa | https://note.com/schon_nannpa,0.86,fact,True,Auto-collected from a public X profile. Review generated bio and pinned-post hints. Profile HTML did not expose a pinned-post URL; configure pinned_post_url in data/x_profile_sources.json to attach a generated pinned-post hint. Authenticated X following collection was requested but skipped: Authenticated following page redirected to X login.
scream-pua,x,affiliation,Profile links point to X.,https://x.com/scream_pua,0.86,fact,True,Auto-collected from a public X profile. Review generated bio and pinned-post hints. Profile HTML did not expose a pinned-post URL; configure pinned_post_url in data/x_profile_sources.json to attach a generated pinned-post hint. Authenticated X following collection was requested but skipped: Authenticated following page redirected to X login.
sei-pua1,x,affiliation,Profile links point to X.,https://x.com/sei_pua1,0.86,fact,True,Auto-collected from a public X profile. Review generated bio and pinned-post hints. Profile HTML did not expose a pinned-post URL; configure pinned_post_url in data/x_profile_sources.json to attach a generated pinned-post hint. Authenticated X following collection was requested but skipped: Authenticated following page redirected to X login.
sei-pua1,youtube,affiliation,Profile links point to YouTube.,https://x.com/sei_pua1 | https://youtube.com/@seiya_np?si=ZQHP9ctTOioLYNDs,0.86,fact,True,Auto-collected from a public X profile. Review generated bio and pinned-post hints. Profile HTML did not expose a pinned-post URL; configure pinned_post_url in data/x_profile_sources.json to attach a generated pinned-post hint. Authenticated X following collection was requested but skipped: Authenticated following page redirected to X login.
seiya-np,x,affiliation,Profile links point to X.,https://x.com/seiya_np,0.86,fact,True,Auto-collected from a public X profile. Review generated bio and pinned-post hints. Profile HTML did not expose a pinned-post URL; configure pinned_post_url in data/x_profile_sources.json to attach a generated pinned-post hint. Authenticated X following collection was requested but skipped: Authenticated following page redirected to X login.
seiyoku-genkai,x,affiliation,Profile links point to X.,https://x.com/seiyoku_genkai,0.86,fact,True,Auto-collected from a public X profile. Review generated bio and pinned-post hints. Profile HTML did not expose a pinned-post URL; configure pinned_post_url in data/x_profile_sources.json to attach a generated pinned-post hint. Authenticated X following collection was requested but skipped: Authenticated following page redirected to X login.
seizitunanpa,x,affiliation,Profile links point to X.,https://x.com/seizitunanpa,0.86,fact,True,Auto-collected from a public X profile. Review generated bio and pinned-post hints. Profile HTML did not expose a pinned-post URL; configure pinned_post_url in data/x_profile_sources.json to attach a generated pinned-post hint. Authenticated X following collection was requested but skipped: Authenticated following page redirected to X login.
sen-xxv,x,affiliation,Profile links point to X.,https://x.com/sen_xxv,0.86,fact,True,Auto-collected from a public X profile. Review generated bio and pinned-post hints. Profile HTML did not expose a pinned-post URL; configure pinned_post_url in data/x_profile_sources.json to attach a generated pinned-post hint. Authenticated X following collection was requested but skipped: Authenticated following page redirected to X login.
sendainanpa1234,x,affiliation,Profile links point to X.,https://x.com/sendainanpa1234,0.86,fact,True,Auto-collected from a public X profile. Review generated bio and pinned-post hints. Profile HTML did not expose a pinned-post URL; configure pinned_post_url in data/x_profile_sources.json to attach a generated pinned-post hint. Authenticated X following collection was requested but skipped: Authenticated following page redirected to X login.
senga-pua,x,affiliation,Profile links point to X.,https://x.com/senga_pua,0.86,fact,True,Auto-collected from a public X profile. Review generated bio and pinned-post hints. Profile HTML did not expose a pinned-post URL; configure pinned_post_url in data/x_profile_sources.json to attach a generated pinned-post hint. Authenticated X following collection was requested but skipped: Authenticated following page redirected to X login.
senju-insta,x,affiliation,Profile links point to X.,https://x.com/Senju_Insta,0.86,fact,True,Auto-collected from a public X profile. Review generated bio and pinned-post hints. Profile HTML did not expose a pinned-post URL; configure pinned_post_url in data/x_profile_sources.json to attach a generated pinned-post hint. Authenticated X following collection was requested but skipped: Authenticated following page redirected to X login.
senju-insta,line,affiliation,Profile links point to LINE.,https://x.com/Senju_Insta | https://lin.ee/zzI5AY3,0.86,fact,True,Auto-collected from a public X profile. Review generated bio and pinned-post hints. Profile HTML did not expose a pinned-post URL; configure pinned_post_url in data/x_profile_sources.json to attach a generated pinned-post hint. Authenticated X following collection was requested but skipped: Authenticated following page redirected to X login.
senju-insta,sen-xxv,profile_mention,Public X profile explicitly labels @sen_xxv as a side account.,https://x.com/Senju_Insta,0.74,fact,False,Auto-collected from a public X profile. Review generated bio and pinned-post hints. Profile HTML did not expose a pinned-post URL; configure pinned_post_url in data/x_profile_sources.json to attach a generated pinned-post hint. Authenticated X following collection was requested but skipped: Authenticated following page redirected to X login.
sexercisepua,x,affiliation,Profile links point to X.,https://x.com/SEXercisePUA,0.86,fact,True,Auto-collected from a public X profile. Review generated bio and pinned-post hints. Profile HTML did not expose a pinned-post URL; configure pinned_post_url in data/x_profile_sources.json to attach a generated pinned-post hint. Authenticated X following collection was requested but skipped: Authenticated following page redirected to X login.
sexercisepua,line,affiliation,Profile links point to LINE.,https://x.com/SEXercisePUA | https://lin.ee/XDGn34P,0.86,fact,True,Auto-collected from a public X profile. Review generated bio and pinned-post hints. Profile HTML did not expose a pinned-post URL; configure pinned_post_url in data/x_profile_sources.json to attach a generated pinned-post hint. Authenticated X following collection was requested but skipped: Authenticated following page redirected to X login.
sg-pua,x,affiliation,Profile links point to X.,https://x.com/SG_pua,0.86,fact,True,Auto-collected from a public X profile. Review generated bio and pinned-post hints. Profile HTML did not expose a pinned-post URL; configure pinned_post_url in data/x_profile_sources.json to attach a generated pinned-post hint. Authenticated X following collection was requested but skipped: Authenticated following page redirected to X login.
shelly4821,x,affiliation,Profile links point to X.,https://x.com/shelly4821,0.86,fact,True,Auto-collected from a public X profile. Review generated bio and pinned-post hints. Profile HTML did not expose a pinned-post URL; configure pinned_post_url in data/x_profile_sources.json to attach a generated pinned-post hint. Authenticated X following collection was requested but skipped: Authenticated following page redirected to X login.
shelly4821,line,affiliation,Profile links point to LINE.,https://x.com/shelly4821 | https://lin.ee/7DhyB1L,0.86,fact,True,Auto-collected from a public X profile. Review generated bio and pinned-post hints. Profile HTML did not expose a pinned-post URL; configure pinned_post_url in data/x_profile_sources.json to attach a generated pinned-post hint. Authenticated X following collection was requested but skipped: Authenticated following page redirected to X login.
shelly4821,matching-apps,activity,Public X profile explicitly says this account works as a matching-app photographer.,https://x.com/shelly4821,0.68,fact,False,Auto-collected from a public X profile. Review generated bio and pinned-post hints. Profile HTML did not expose a pinned-post URL; configure pinned_post_url in data/x_profile_sources.json to attach a generated pinned-post hint. Authenticated X following collection was requested but skipped: Authenticated following page redirected to X login.
shibuya,x,affiliation,Profile links point to X.,https://www.city.shibuya.tokyo.jp/ | https://x.com/city_shibuya,0.86,fact,True,Auto-collected from a public X profile. Review generated bio and pinned-post hints. Profile HTML did not expose a pinned-post URL; configure pinned_post_url in data/x_profile_sources.json to attach a generated pinned-post hint. Authenticated X following collection was requested but skipped: Authenticated following page redirected to X login. Auto-collected from a public page. Review before relying on inferred meaning. Generated snapshot differs from manual fields: profile_url.
shibuya,kanto,affiliation,Shibuya is grouped under the Kanto region cluster for geographic browsing.,https://www.city.shibuya.tokyo.jp/,0.98,fact,False,Auto-collected from a public X profile. Review generated bio and pinned-post hints. Profile HTML did not expose a pinned-post URL; configure pinned_post_url in data/x_profile_sources.json to attach a generated pinned-post hint. Authenticated X following collection was requested but skipped: Authenticated following page redirected to X login. Auto-collected from a public page. Review before relying on inferred meaning. Generated snapshot differs from manual fields: profile_url.
shime-pua,x,affiliation,Profile links point to X.,https://x.com/shime_pua,0.86,fact,True,Auto-collected from a public X profile. Review generated bio and pinned-post hints. Profile HTML did not expose a pinned-post URL; configure pinned_post_url in data/x_profile_sources.json to attach a generated pinned-post hint. Authenticated X following collection was requested but skipped: Authenticated following page redirected to X login.
shingen-pua,x,affiliation,Profile links point to X.,https://x.com/shingen_pua,0.86,fact,True,Auto-collected from a public X profile. Review generated bio and pinned-post hints. Profile HTML did not expose a pinned-post URL; configure pinned_post_url in data/x_profile_sources.json to attach a generated pinned-post hint. Authenticated X following collection was requested but skipped: Authenticated following page redirected to X login.
shinjuku,x,affiliation,Profile links point to X.,https://www.city.shinjuku.lg.jp/ | https://x.com/shinjuku_info,0.86,fact,True,Auto-collected from a public X profile. Review generated bio and pinned-post hints. Profile HTML did not expose a pinned-post URL; configure pinned_post_url in data/x_profile_sources.json to attach a generated pinned-post hint. Authenticated X following collection was requested but skipped: Authenticated following page redirected to X login. Auto-collected from a public page. Review before relying on inferred meaning. Generated snapshot differs from manual fields: profile_url.
shinjuku,kanto,affiliation,Shinjuku is grouped under the Kanto region cluster for geographic browsing.,https://www.city.shinjuku.lg.jp/,0.98,fact,False,Auto-collected from a public X profile. Review generated bio and pinned-post hints. Profile HTML did not expose a pinned-post URL; configure pinned_post_url in data/x_profile_sources.json to attach a generated pinned-post hint. Authenticated X following collection was requested but skipped: Authenticated following page redirected to X login. Auto-collected from a public page. Review before relying on inferred meaning. Generated snapshot differs from manual fields: profile_url.
shinjuku-visitors,shinjuku,activity,"Approved review candidate from summary, profile_text mentioning Shinjuku.",https://www.kanko-shinjuku.jp/en/,0.4,interpretation,False,Approved from review candidate shinjuku-visitors__shinjuku__activity. Original evidence: Shinjuku Convention & Visitors Bureau Welcome to Shinjuku !! Approval note: Reviewed from the official visitors bureau page.
shinjukuashura,x,affiliation,Profile links point to X.,https://x.com/ShinjukuAshura,0.86,fact,True,Auto-collected from a public X profile. Review generated bio and pinned-post hints. Profile HTML did not expose a pinned-post URL; configure pinned_post_url in data/x_profile_sources.json to attach a generated pinned-post hint. Authenticated X following collection was requested but skipped: Authenticated following page redirected to X login.
shinjukuashura,kageki-ashura,affiliation,Public X profile explicitly links @kageki_ashura as a related account.,https://x.com/ShinjukuAshura | https://s.lmes.jp/landing-qr/2002174017-8K5bzBro?uLand=ZLkojw,0.72,fact,False,Auto-collected from a public X profile. Review generated bio and pinned-post hints. Profile HTML did not expose a pinned-post URL; configure pinned_post_url in data/x_profile_sources.json to attach a generated pinned-post hint. Authenticated X following collection was requested but skipped: Authenticated following page redirected to X login.
shinjukuashura,mote-ren-ai7,affiliation,Public X profile explicitly links @mote_ren_ai7 as a related account.,https://x.com/ShinjukuAshura | https://s.lmes.jp/landing-qr/2002174017-8K5bzBro?uLand=ZLkojw,0.72,fact,False,Auto-collected from a public X profile. Review generated bio and pinned-post hints. Profile HTML did not expose a pinned-post URL; configure pinned_post_url in data/x_profile_sources.json to attach a generated pinned-post hint. Authenticated X following collection was requested but skipped: Authenticated following page redirected to X login.
shinkawa-pua,x,affiliation,Profile links point to X.,https://x.com/shinkawa_pua,0.86,fact,True,Auto-collected from a public X profile. Review generated bio and pinned-post hints. Profile HTML did not expose a pinned-post URL; configure pinned_post_url in data/x_profile_sources.json to attach a generated pinned-post hint. Authenticated X following collection was requested but skipped: Authenticated following page redirected to X login.
shinkawa-pua,korilla-pua,affiliation,Public X profile explicitly identifies this account as part of the Korilla M-shi course cluster.,https://x.com/shinkawa_pua,0.68,mixed,False,Auto-collected from a public X profile. Review generated bio and pinned-post hints. Profile HTML did not expose a pinned-post URL; configure pinned_post_url in data/x_profile_sources.json to attach a generated pinned-post hint. Authenticated X following collection was requested but skipped: Authenticated following page redirected to X login.
shinkawa-pua,puro-nampa,profile_mention,"Approved review candidate from summary, profile_text mentioning M氏.",https://x.com/shinkawa_pua,0.4,interpretation,False,"Approved from review candidate shinkawa-pua__puro-nampa__profile_mention. Original evidence: 新川氏🌟@こりらM氏講習 (@shinkawa_pua)
通算86即（スト21即） #こりらM氏講習
Location: 🐙 Approval note: Public X profile explicitly names this group or lesson."
shouri-ikb,x,affiliation,Profile links point to X.,https://x.com/shouri_ikb,0.86,fact,True,Auto-collected from a public X profile. Review generated bio and pinned-post hints. Profile HTML did not expose a pinned-post URL; configure pinned_post_url in data/x_profile_sources.json to attach a generated pinned-post hint. Authenticated X following collection was requested but skipped: Authenticated following page redirected to X login.
shouri-ikb,tips,affiliation,Profile links point to Tips.,https://x.com/shouri_ikb | https://tips.jp/s/We0xNx,0.86,fact,True,Auto-collected from a public X profile. Review generated bio and pinned-post hints. Profile HTML did not expose a pinned-post URL; configure pinned_post_url in data/x_profile_sources.json to attach a generated pinned-post hint. Authenticated X following collection was requested but skipped: Authenticated following page redirected to X login.
shsm-2024,x,affiliation,Profile links point to X.,https://x.com/SHSM2024,0.86,fact,True,Auto-collected from a public X profile. Review generated bio and pinned-post hints. Profile HTML did not expose a pinned-post URL; configure pinned_post_url in data/x_profile_sources.json to attach a generated pinned-post hint. Authenticated X following collection was requested but skipped: Authenticated following page redirected to X login.
shu-pua,x,affiliation,Profile links point to X.,https://x.com/shu_pua,0.86,fact,True,Auto-collected from a public X profile. Review generated bio and pinned-post hints. Profile HTML did not expose a pinned-post URL; configure pinned_post_url in data/x_profile_sources.json to attach a generated pinned-post hint. Authenticated X following collection was requested but skipped: Authenticated following page redirected to X login.
shunon-street,x,affiliation,Profile links point to X.,https://x.com/shunon_street,0.86,fact,True,Auto-collected from a public X profile. Review generated bio and pinned-post hints. Profile HTML did not expose a pinned-post URL; configure pinned_post_url in data/x_profile_sources.json to attach a generated pinned-post hint. Authenticated X following collection was requested but skipped: Authenticated following page redirected to X login.
shunon-street,juru-pua,influence,Public X profile explicitly identifies this account as a ジュルマ一門 member who started street pickup after a one-off lesson.,https://x.com/shunon_street,0.74,fact,False,Auto-collected from a public X profile. Review generated bio and pinned-post hints. Profile HTML did not expose a pinned-post URL; configure pinned_post_url in data/x_profile_sources.json to attach a generated pinned-post hint. Authenticated X following collection was requested but skipped: Authenticated following page redirected to X login.
shuri-pua,x,affiliation,Profile links point to X.,https://x.com/shuri_pua,0.86,fact,True,Auto-collected from a public X profile. Review generated bio and pinned-post hints. Profile HTML did not expose a pinned-post URL; configure pinned_post_url in data/x_profile_sources.json to attach a generated pinned-post hint. Authenticated X following collection was requested but skipped: Authenticated following page redirected to X login.
shuri-pua,line,affiliation,Profile links point to LINE.,https://x.com/shuri_pua | https://lin.ee/H21c1hh,0.86,fact,True,Auto-collected from a public X profile. Review generated bio and pinned-post hints. Profile HTML did not expose a pinned-post URL; configure pinned_post_url in data/x_profile_sources.json to attach a generated pinned-post hint. Authenticated X following collection was requested but skipped: Authenticated following page redirected to X login.
shuta-pua,x,affiliation,Profile links point to X.,https://x.com/shuta_pua,0.86,fact,True,Auto-collected from a public X profile. Review generated bio and pinned-post hints. Profile HTML did not expose a pinned-post URL; configure pinned_post_url in data/x_profile_sources.json to attach a generated pinned-post hint. Authenticated X following collection was requested but skipped: Authenticated following page redirected to X login.
simba-pua,x,affiliation,Profile links point to X.,https://x.com/Simba_pua,0.86,fact,True,Auto-collected from a public X profile. Review generated bio and pinned-post hints. Profile HTML did not expose a pinned-post URL; configure pinned_post_url in data/x_profile_sources.json to attach a generated pinned-post hint. Authenticated X following collection was requested but skipped: Authenticated following page redirected to X login.
siofkn-pua,x,affiliation,Profile links point to X.,https://x.com/siofkn_pua,0.86,fact,True,Auto-collected from a public X profile. Review generated bio and pinned-post hints. Profile HTML did not expose a pinned-post URL; configure pinned_post_url in data/x_profile_sources.json to attach a generated pinned-post hint. Authenticated X following collection was requested but skipped: Authenticated following page redirected to X login.
slice-pua,x,affiliation,Profile links point to X.,https://x.com/slice_pua,0.86,fact,True,Auto-collected from a public X profile. Review generated bio and pinned-post hints. Profile HTML did not expose a pinned-post URL; configure pinned_post_url in data/x_profile_sources.json to attach a generated pinned-post hint. Authenticated X following collection was requested but skipped: Authenticated following page redirected to X login.
slinky-pua,x,affiliation,Profile links point to X.,https://x.com/slinky_pua,0.86,fact,True,Auto-collected from a public X profile. Review generated bio and pinned-post hints. Profile HTML did not expose a pinned-post URL; configure pinned_post_url in data/x_profile_sources.json to attach a generated pinned-post hint. Authenticated X following collection was requested but skipped: Authenticated following page redirected to X login.
slinky-pua,bantan-pua,influence,Public X profile explicitly labels @bantan_pua as one of this account's mentors.,https://x.com/slinky_pua,0.74,fact,False,Auto-collected from a public X profile. Review generated bio and pinned-post hints. Profile HTML did not expose a pinned-post URL; configure pinned_post_url in data/x_profile_sources.json to attach a generated pinned-post hint. Authenticated X following collection was requested but skipped: Authenticated following page redirected to X login.
sn-wars245,x,affiliation,Profile links point to X.,https://x.com/sn_wars245,0.86,fact,True,Auto-collected from a public X profile. Review generated bio and pinned-post hints. Profile HTML did not expose a pinned-post URL; configure pinned_post_url in data/x_profile_sources.json to attach a generated pinned-post hint. Authenticated X following collection was requested but skipped: Authenticated following page redirected to X login.
so-pua,x,affiliation,Profile links point to X.,https://x.com/so_pua,0.86,fact,True,Auto-collected from a public X profile. Review generated bio and pinned-post hints. Profile HTML did not expose a pinned-post URL; configure pinned_post_url in data/x_profile_sources.json to attach a generated pinned-post hint. Authenticated X following collection was requested but skipped: Authenticated following page redirected to X login.
so-pua,tokyo-stonan-kai,affiliation,Public X profile lists the #東京ストナン会 hashtag with an @東京ストナン会 display label.,https://x.com/so_pua,0.78,fact,False,Auto-collected from a public X profile. Review generated bio and pinned-post hints. Profile HTML did not expose a pinned-post URL; configure pinned_post_url in data/x_profile_sources.json to attach a generated pinned-post hint. Authenticated X following collection was requested but skipped: Authenticated following page redirected to X login.
sobakara-gaykid,x,affiliation,Profile links point to X.,https://x.com/sobakara_gaykid,0.86,fact,True,Auto-collected from a public X profile. Review generated bio and pinned-post hints. Profile HTML did not expose a pinned-post URL; configure pinned_post_url in data/x_profile_sources.json to attach a generated pinned-post hint. Authenticated X following collection was requested but skipped: Authenticated following page redirected to X login.
socool55555,x,affiliation,Profile links point to X.,https://x.com/socool55555,0.86,fact,True,Auto-collected from a public X profile. Review generated bio and pinned-post hints. Profile HTML did not expose a pinned-post URL; configure pinned_post_url in data/x_profile_sources.json to attach a generated pinned-post hint. Authenticated X following collection was requested but skipped: Authenticated following page redirected to X login.
soku-worker2,x,affiliation,Profile links point to X.,https://x.com/soku_worker2,0.86,fact,True,Auto-collected from a public X profile. Review generated bio and pinned-post hints. Profile HTML did not expose a pinned-post URL; configure pinned_post_url in data/x_profile_sources.json to attach a generated pinned-post hint. Authenticated X following collection was requested but skipped: Authenticated following page redirected to X login.
solty-tinder,x,affiliation,Profile links point to X.,https://x.com/solty_tinder,0.86,fact,True,Auto-collected from a public X profile. Review generated bio and pinned-post hints. Profile HTML did not expose a pinned-post URL; configure pinned_post_url in data/x_profile_sources.json to attach a generated pinned-post hint. Authenticated X following collection was requested but skipped: Authenticated following page redirected to X login.
sora-korean-boy,x,affiliation,Profile links point to X.,https://x.com/sora_korean_boy,0.86,fact,True,Auto-collected from a public X profile. Review generated bio and pinned-post hints. Profile HTML did not expose a pinned-post URL; configure pinned_post_url in data/x_profile_sources.json to attach a generated pinned-post hint. Authenticated X following collection was requested but skipped: Authenticated following page redirected to X login.
sorakaze12,x,affiliation,Profile links point to X.,https://x.com/sorakaze12,0.86,fact,True,Auto-collected from a public X profile. Review generated bio and pinned-post hints. Profile HTML did not expose a pinned-post URL; configure pinned_post_url in data/x_profile_sources.json to attach a generated pinned-post hint. Authenticated X following collection was requested but skipped: Authenticated following page redirected to X login.
soshi-mote-pua,x,affiliation,Profile links point to X.,https://x.com/soshi_mote_pua,0.86,fact,True,Auto-collected from a public X profile. Review generated bio and pinned-post hints. Profile HTML did not expose a pinned-post URL; configure pinned_post_url in data/x_profile_sources.json to attach a generated pinned-post hint. Authenticated X following collection was requested but skipped: Authenticated following page redirected to X login.
soshi-pua,x,affiliation,Profile links point to X.,https://x.com/soshi_pua,0.86,fact,True,Auto-collected from a public X profile. Review generated bio and pinned-post hints. Profile HTML did not expose a pinned-post URL; configure pinned_post_url in data/x_profile_sources.json to attach a generated pinned-post hint. Authenticated X following collection was requested but skipped: Authenticated following page redirected to X login.
soshi-pua,youtube,affiliation,Profile links point to YouTube.,https://x.com/soshi_pua | https://www.youtube.com/@soshi_mote_pua,0.86,fact,True,Auto-collected from a public X profile. Review generated bio and pinned-post hints. Profile HTML did not expose a pinned-post URL; configure pinned_post_url in data/x_profile_sources.json to attach a generated pinned-post hint. Authenticated X following collection was requested but skipped: Authenticated following page redirected to X login.
souyonesou,x,affiliation,Profile links point to X.,https://x.com/souyonesou,0.86,fact,True,Auto-collected from a public X profile. Review generated bio and pinned-post hints. Profile HTML did not expose a pinned-post URL; configure pinned_post_url in data/x_profile_sources.json to attach a generated pinned-post hint. Authenticated X following collection was requested but skipped: Authenticated following page redirected to X login.
speedstarsora,x,affiliation,Profile links point to X.,https://x.com/speedstarsora,0.86,fact,True,Auto-collected from a public X profile. Review generated bio and pinned-post hints. Profile HTML did not expose a pinned-post URL; configure pinned_post_url in data/x_profile_sources.json to attach a generated pinned-post hint. Authenticated X following collection was requested but skipped: Authenticated following page redirected to X login.
speedstarsora,note,affiliation,Profile links point to note.,https://x.com/speedstarsora | https://note.com/sobakara_gaykid/,0.86,fact,True,Auto-collected from a public X profile. Review generated bio and pinned-post hints. Profile HTML did not expose a pinned-post URL; configure pinned_post_url in data/x_profile_sources.json to attach a generated pinned-post hint. Authenticated X following collection was requested but skipped: Authenticated following page redirected to X login.
speedstarsora,pika-pua,influence,Public X profile explicitly identifies this account as currently taking Pika's appearance consulting course.,https://x.com/speedstarsora,0.74,fact,False,Auto-collected from a public X profile. Review generated bio and pinned-post hints. Profile HTML did not expose a pinned-post URL; configure pinned_post_url in data/x_profile_sources.json to attach a generated pinned-post hint. Authenticated X following collection was requested but skipped: Authenticated following page redirected to X login.
srs-pua-main,x,affiliation,Profile links point to X.,https://x.com/srs_pua_,0.86,fact,True,Auto-collected from a public X profile. Review generated bio and pinned-post hints. Profile HTML did not expose a pinned-post URL; configure pinned_post_url in data/x_profile_sources.json to attach a generated pinned-post hint. Authenticated X following collection was requested but skipped: Authenticated following page redirected to X login.
srs-pua-main,srs-pua-sub,affiliation,Public X profile explicitly links @srs_pua as the side account behind this profile.,https://x.com/srs_pua_,0.72,fact,False,Auto-collected from a public X profile. Review generated bio and pinned-post hints. Profile HTML did not expose a pinned-post URL; configure pinned_post_url in data/x_profile_sources.json to attach a generated pinned-post hint. Authenticated X following collection was requested but skipped: Authenticated following page redirected to X login.
srs-pua-sub,x,affiliation,Profile links point to X.,https://x.com/srs_pua,0.86,fact,True,Auto-collected from a public X profile. Review generated bio and pinned-post hints. Profile HTML did not expose a pinned-post URL; configure pinned_post_url in data/x_profile_sources.json to attach a generated pinned-post hint. Authenticated X following collection was requested but skipped: Authenticated following page redirected to X login.
ssb,x,affiliation,Profile links point to X.,https://x.com/SSB,0.86,fact,True,Auto-collected from a public X profile. Review generated bio and pinned-post hints. Profile HTML did not expose a pinned-post URL; configure pinned_post_url in data/x_profile_sources.json to attach a generated pinned-post hint. Authenticated X following collection was requested but skipped: Authenticated following page redirected to X login.
sshi-pua,x,affiliation,Profile links point to X.,https://x.com/sshi_pua,0.86,fact,True,Auto-collected from a public X profile. Review generated bio and pinned-post hints. Profile HTML did not expose a pinned-post URL; configure pinned_post_url in data/x_profile_sources.json to attach a generated pinned-post hint. Authenticated X following collection was requested but skipped: Authenticated following page redirected to X login.
ssjmind,x,affiliation,Profile links point to X.,https://x.com/ssjmind,0.86,fact,True,Auto-collected from a public X profile. Review generated bio and pinned-post hints. Profile HTML did not expose a pinned-post URL; configure pinned_post_url in data/x_profile_sources.json to attach a generated pinned-post hint. Authenticated X following collection was requested but skipped: Authenticated following page redirected to X login.
st-r0817,x,affiliation,Profile links point to X.,https://x.com/st_r0817,0.86,fact,True,Auto-collected from a public X profile. Review generated bio and pinned-post hints. Profile HTML did not expose a pinned-post URL; configure pinned_post_url in data/x_profile_sources.json to attach a generated pinned-post hint. Authenticated X following collection was requested but skipped: Authenticated following page redirected to X login.
st-r0817,line,affiliation,Profile links point to LINE.,https://x.com/st_r0817 | https://lin.ee/UZ0mZNA,0.86,fact,True,Auto-collected from a public X profile. Review generated bio and pinned-post hints. Profile HTML did not expose a pinned-post URL; configure pinned_post_url in data/x_profile_sources.json to attach a generated pinned-post hint. Authenticated X following collection was requested but skipped: Authenticated following page redirected to X login.
street-fami,x,affiliation,Profile links point to X.,https://x.com/street_Fami,0.86,fact,True,Auto-collected from a public X profile. Review generated bio and pinned-post hints. Profile HTML did not expose a pinned-post URL; configure pinned_post_url in data/x_profile_sources.json to attach a generated pinned-post hint. Authenticated X following collection was requested but skipped: Authenticated following page redirected to X login.
street-fami,note,affiliation,Profile links point to note.,https://x.com/street_Fami | https://note.com/faminanpa,0.86,fact,True,Auto-collected from a public X profile. Review generated bio and pinned-post hints. Profile HTML did not expose a pinned-post URL; configure pinned_post_url in data/x_profile_sources.json to attach a generated pinned-post hint. Authenticated X following collection was requested but skipped: Authenticated following page redirected to X login.
street-fami,fami-ver2,affiliation,Public X profile explicitly links @fami_ver2 as a related account.,https://x.com/street_Fami | https://note.com/faminanpa,0.72,fact,False,Auto-collected from a public X profile. Review generated bio and pinned-post hints. Profile HTML did not expose a pinned-post URL; configure pinned_post_url in data/x_profile_sources.json to attach a generated pinned-post hint. Authenticated X following collection was requested but skipped: Authenticated following page redirected to X login.
street-fami,nonchama-pro,profile_mention,"Approved review candidate from summary, profile_text mentioning のんちゃま.",https://x.com/street_Fami | https://note.com/faminanpa,0.4,interpretation,False,"Approved from review candidate street-fami__nonchama-pro__profile_mention. Original evidence: ファミチキ🍗弾丸即マシン (@street_Fami)
味噌mスト部/弾丸即マシン/通算400over/無敵のトーク×無敵の人/21年65get/22年170get/23年99get/24年45get/#のんちゃま一門/プライベートと即報→@fami_ver2
Location: 味噌m Approval note: Public X profile explicitly names this group or lesson."
street-ryouta,x,affiliation,Profile links point to X.,https://x.com/street_ryouta,0.86,fact,True,Auto-collected from a public X profile. Review generated bio and pinned-post hints. Profile HTML did not expose a pinned-post URL; configure pinned_post_url in data/x_profile_sources.json to attach a generated pinned-post hint. Authenticated X following collection was requested but skipped: Authenticated following page redirected to X login.
street-win-pua,x,affiliation,Profile links point to X.,https://x.com/street_win_pua,0.86,fact,True,Auto-collected from a public X profile. Review generated bio and pinned-post hints. Profile HTML did not expose a pinned-post URL; configure pinned_post_url in data/x_profile_sources.json to attach a generated pinned-post hint. Authenticated X following collection was requested but skipped: Authenticated following page redirected to X login.
street-win-pua,nonchama-pro,profile_mention,Approved review candidate from profile_text mentioning のんちゃま.,https://x.com/street_win_pua,0.4,interpretation,False,"Approved from review candidate street-win-pua__nonchama-pro__profile_mention. Original evidence: 死ぬまでヤッ太郎(故win)@のんちゃま一門 (@street_win_pua)
スト値上げ部 部長
Location: level 69/100🐙 Approval note: Public X profile explicitly names this group or lesson."
streetbucha,x,affiliation,Profile links point to X.,https://x.com/streetbucha,0.86,fact,True,Auto-collected from a public X profile. Review generated bio and pinned-post hints. Profile HTML did not expose a pinned-post URL; configure pinned_post_url in data/x_profile_sources.json to attach a generated pinned-post hint. Authenticated X following collection was requested but skipped: Authenticated following page redirected to X login.
streetkyo,x,affiliation,Profile links point to X.,https://x.com/streetkyo,0.86,fact,True,Auto-collected from a public X profile. Review generated bio and pinned-post hints. Profile HTML did not expose a pinned-post URL; configure pinned_post_url in data/x_profile_sources.json to attach a generated pinned-post hint. Authenticated X following collection was requested but skipped: Authenticated following page redirected to X login.
streets-bach,x,affiliation,Profile links point to X.,https://x.com/streets_bach,0.86,fact,True,Auto-collected from a public X profile. Review generated bio and pinned-post hints. Profile HTML did not expose a pinned-post URL; configure pinned_post_url in data/x_profile_sources.json to attach a generated pinned-post hint. Authenticated X following collection was requested but skipped: Authenticated following page redirected to X login.
streets-bach,note,affiliation,Profile links point to note.,https://x.com/streets_bach | https://note.com/streets_bach/,0.86,fact,True,Auto-collected from a public X profile. Review generated bio and pinned-post hints. Profile HTML did not expose a pinned-post URL; configure pinned_post_url in data/x_profile_sources.json to attach a generated pinned-post hint. Authenticated X following collection was requested but skipped: Authenticated following page redirected to X login.
streets-bach,bach-sokuhou,affiliation,Public X profile explicitly links @bach_sokuhou as the side account.,https://x.com/streets_bach,0.72,fact,False,Auto-collected from a public X profile. Review generated bio and pinned-post hints. Profile HTML did not expose a pinned-post URL; configure pinned_post_url in data/x_profile_sources.json to attach a generated pinned-post hint. Authenticated X following collection was requested but skipped: Authenticated following page redirected to X login.
streets-bach,nonchama-pro,influence,Public X profile explicitly identifies this account with Nonchama's long-term course and group.,https://x.com/streets_bach,0.74,fact,False,Auto-collected from a public X profile. Review generated bio and pinned-post hints. Profile HTML did not expose a pinned-post URL; configure pinned_post_url in data/x_profile_sources.json to attach a generated pinned-post hint. Authenticated X following collection was requested but skipped: Authenticated following page redirected to X login.
ststst-pua,x,affiliation,Profile links point to X.,https://x.com/ststst_pua,0.86,fact,True,Auto-collected from a public X profile. Review generated bio and pinned-post hints. Profile HTML did not expose a pinned-post URL; configure pinned_post_url in data/x_profile_sources.json to attach a generated pinned-post hint. Authenticated X following collection was requested but skipped: Authenticated following page redirected to X login.
ststst-pua,tips,affiliation,Profile links point to Tips.,https://x.com/ststst_pua | https://tips.jp/s/uie0zc,0.86,fact,True,Auto-collected from a public X profile. Review generated bio and pinned-post hints. Profile HTML did not expose a pinned-post URL; configure pinned_post_url in data/x_profile_sources.json to attach a generated pinned-post hint. Authenticated X following collection was requested but skipped: Authenticated following page redirected to X login.
sub-chilll,x,affiliation,Profile links point to X.,https://x.com/sub_chilll,0.86,fact,True,Auto-collected from a public X profile. Review generated bio and pinned-post hints. Profile HTML did not expose a pinned-post URL; configure pinned_post_url in data/x_profile_sources.json to attach a generated pinned-post hint. Authenticated X following collection was requested but skipped: Authenticated following page redirected to X login.
sub-chilll,palace-chilll,affiliation,Public X profile explicitly identifies @palace_chilll as the representative business account.,https://x.com/sub_chilll,0.74,fact,False,Auto-collected from a public X profile. Review generated bio and pinned-post hints. Profile HTML did not expose a pinned-post URL; configure pinned_post_url in data/x_profile_sources.json to attach a generated pinned-post hint. Authenticated X following collection was requested but skipped: Authenticated following page redirected to X login.
sub-kurita,x,affiliation,Profile links point to X.,https://x.com/sub_kurita,0.86,fact,True,Auto-collected from a public X profile. Review generated bio and pinned-post hints. Profile HTML did not expose a pinned-post URL; configure pinned_post_url in data/x_profile_sources.json to attach a generated pinned-post hint. Authenticated X following collection was requested but skipped: Authenticated following page redirected to X login.
sub-kurita,note,affiliation,Profile links point to note.,https://x.com/sub_kurita | https://note.com/kurita_pua,0.86,fact,True,Auto-collected from a public X profile. Review generated bio and pinned-post hints. Profile HTML did not expose a pinned-post URL; configure pinned_post_url in data/x_profile_sources.json to attach a generated pinned-post hint. Authenticated X following collection was requested but skipped: Authenticated following page redirected to X login.
sub-riddle,x,affiliation,Profile links point to X.,https://x.com/sub_riddle,0.86,fact,True,Auto-collected from a public X profile. Review generated bio and pinned-post hints. Profile HTML did not expose a pinned-post URL; configure pinned_post_url in data/x_profile_sources.json to attach a generated pinned-post hint. Authenticated X following collection was requested but skipped: Authenticated following page redirected to X login.
sub-riddle,tomu-riddle,affiliation,Public X profile explicitly links @tomu_riddle as a related account.,https://x.com/sub_riddle,0.72,fact,False,Auto-collected from a public X profile. Review generated bio and pinned-post hints. Profile HTML did not expose a pinned-post URL; configure pinned_post_url in data/x_profile_sources.json to attach a generated pinned-post hint. Authenticated X following collection was requested but skipped: Authenticated following page redirected to X login.
suihanki-pua,x,affiliation,Profile links point to X.,https://x.com/suihanki_pua,0.86,fact,True,Auto-collected from a public X profile. Review generated bio and pinned-post hints. Profile HTML did not expose a pinned-post URL; configure pinned_post_url in data/x_profile_sources.json to attach a generated pinned-post hint. Authenticated X following collection was requested but skipped: Authenticated following page redirected to X login.
suisei-nanpa,x,affiliation,Profile links point to X.,https://x.com/suiseinanpa,0.86,fact,True,Auto-collected from a public X profile. Review generated bio and pinned-post hints. Profile HTML did not expose a pinned-post URL; configure pinned_post_url in data/x_profile_sources.json to attach a generated pinned-post hint. Authenticated X following collection was requested but skipped: Authenticated following page redirected to X login.
suisei-nanpa,line,affiliation,Profile links point to LINE.,https://x.com/suiseinanpa | https://lin.ee/WZEzkfS,0.86,fact,True,Auto-collected from a public X profile. Review generated bio and pinned-post hints. Profile HTML did not expose a pinned-post URL; configure pinned_post_url in data/x_profile_sources.json to attach a generated pinned-post hint. Authenticated X following collection was requested but skipped: Authenticated following page redirected to X login.
suto-taro,x,affiliation,Profile links point to X.,https://x.com/suto_taro,0.86,fact,True,Auto-collected from a public X profile. Review generated bio and pinned-post hints. Profile HTML did not expose a pinned-post URL; configure pinned_post_url in data/x_profile_sources.json to attach a generated pinned-post hint. Authenticated X following collection was requested but skipped: Authenticated following page redirected to X login.
suzuniki-pua,x,affiliation,Profile links point to X.,https://x.com/suzuniki_pua,0.86,fact,True,Auto-collected from a public X profile. Review generated bio and pinned-post hints. Profile HTML did not expose a pinned-post URL; configure pinned_post_url in data/x_profile_sources.json to attach a generated pinned-post hint. Authenticated X following collection was requested but skipped: Authenticated following page redirected to X login.
suzuniki-pua,matching-apps,activity,Public X profile explicitly says the main field includes matching apps.,https://x.com/suzuniki_pua,0.7,fact,False,Auto-collected from a public X profile. Review generated bio and pinned-post hints. Profile HTML did not expose a pinned-post URL; configure pinned_post_url in data/x_profile_sources.json to attach a generated pinned-post hint. Authenticated X following collection was requested but skipped: Authenticated following page redirected to X login.
suzuniki-pua,tokyo,activity,Public X profile explicitly says the main field includes Tokyo street activity.,https://x.com/suzuniki_pua,0.62,fact,False,Auto-collected from a public X profile. Review generated bio and pinned-post hints. Profile HTML did not expose a pinned-post URL; configure pinned_post_url in data/x_profile_sources.json to attach a generated pinned-post hint. Authenticated X following collection was requested but skipped: Authenticated following page redirected to X login.
suzuniki-pua,s-mote-money,affiliation,Public X profile labels @s_mote_money as the linked side account.,https://x.com/suzuniki_pua,0.72,fact,False,Auto-collected from a public X profile. Review generated bio and pinned-post hints. Profile HTML did not expose a pinned-post URL; configure pinned_post_url in data/x_profile_sources.json to attach a generated pinned-post hint. Authenticated X following collection was requested but skipped: Authenticated following page redirected to X login.
syahudearu,x,affiliation,Profile links point to X.,https://x.com/syahudearu,0.86,fact,True,Auto-collected from a public X profile. Review generated bio and pinned-post hints. Profile HTML did not expose a pinned-post URL; configure pinned_post_url in data/x_profile_sources.json to attach a generated pinned-post hint. Authenticated X following collection was requested but skipped: Authenticated following page redirected to X login.
syahudearu,note,affiliation,Profile links point to note.,https://x.com/syahudearu | https://note.com/preview/nb259f9784320?prev_access_key=cbbf71f392b0a8c7887fde6930ace3be,0.86,fact,True,Auto-collected from a public X profile. Review generated bio and pinned-post hints. Profile HTML did not expose a pinned-post URL; configure pinned_post_url in data/x_profile_sources.json to attach a generated pinned-post hint. Authenticated X following collection was requested but skipped: Authenticated following page redirected to X login.
syahudearu,minorun-ceo,affiliation,Public X profile explicitly links @minorun_ceo as a related account.,https://x.com/syahudearu | https://note.com/preview/nb259f9784320?prev_access_key=cbbf71f392b0a8c7887fde6930ace3be,0.72,fact,False,Auto-collected from a public X profile. Review generated bio and pinned-post hints. Profile HTML did not expose a pinned-post URL; configure pinned_post_url in data/x_profile_sources.json to attach a generated pinned-post hint. Authenticated X following collection was requested but skipped: Authenticated following page redirected to X login.
syou-nanpa,x,affiliation,Profile links point to X.,https://x.com/SYOUnanpa,0.86,fact,True,Auto-collected from a public X profile. Review generated bio and pinned-post hints. Profile HTML did not expose a pinned-post URL; configure pinned_post_url in data/x_profile_sources.json to attach a generated pinned-post hint. Authenticated X following collection was requested but skipped: Authenticated following page redirected to X login.
syu-puanet,x,affiliation,Profile links point to X.,https://x.com/syu_puanet,0.86,fact,True,Auto-collected from a public X profile. Review generated bio and pinned-post hints. Profile HTML did not expose a pinned-post URL; configure pinned_post_url in data/x_profile_sources.json to attach a generated pinned-post hint. Authenticated X following collection was requested but skipped: Authenticated following page redirected to X login.
taichi-pua,x,affiliation,Profile links point to X.,https://x.com/taichi_pua,0.86,fact,True,Auto-collected from a public X profile. Review generated bio and pinned-post hints. Profile HTML did not expose a pinned-post URL; configure pinned_post_url in data/x_profile_sources.json to attach a generated pinned-post hint. Authenticated X following collection was requested but skipped: Authenticated following page redirected to X login.
taka815,x,affiliation,Profile links point to X.,https://x.com/taka815,0.86,fact,True,Auto-collected from a public X profile. Review generated bio and pinned-post hints. Profile HTML did not expose a pinned-post URL; configure pinned_post_url in data/x_profile_sources.json to attach a generated pinned-post hint. Authenticated X following collection was requested but skipped: Authenticated following page redirected to X login.
takenaka-pua,x,affiliation,Profile links point to X.,https://x.com/takenaka__pua,0.86,fact,True,Auto-collected from a public X profile. Review generated bio and pinned-post hints. Profile HTML did not expose a pinned-post URL; configure pinned_post_url in data/x_profile_sources.json to attach a generated pinned-post hint. Authenticated X following collection was requested but skipped: Authenticated following page redirected to X login.
takenaka-pua,note,affiliation,Profile links point to note.,https://x.com/takenaka__pua | https://note.com/lucky_tern262,0.86,fact,True,Auto-collected from a public X profile. Review generated bio and pinned-post hints. Profile HTML did not expose a pinned-post URL; configure pinned_post_url in data/x_profile_sources.json to attach a generated pinned-post hint. Authenticated X following collection was requested but skipped: Authenticated following page redirected to X login.
taku-lol,x,affiliation,Profile links point to X.,https://x.com/taku__lol,0.86,fact,True,Auto-collected from a public X profile. Review generated bio and pinned-post hints. Profile HTML did not expose a pinned-post URL; configure pinned_post_url in data/x_profile_sources.json to attach a generated pinned-post hint. Authenticated X following collection was requested but skipped: Authenticated following page redirected to X login.
taku-pua,x,affiliation,Profile links point to X.,https://x.com/taku__pua,0.86,fact,True,Auto-collected from a public X profile. Review generated bio and pinned-post hints. Profile HTML did not expose a pinned-post URL; configure pinned_post_url in data/x_profile_sources.json to attach a generated pinned-post hint. Authenticated X following collection was requested but skipped: Authenticated following page redirected to X login.
taku-pua,tokyo-stonan-kai,affiliation,Public X profile dates membership text alongside the #東京ストナン会 hashtag.,https://x.com/taku__pua,0.8,fact,False,Auto-collected from a public X profile. Review generated bio and pinned-post hints. Profile HTML did not expose a pinned-post URL; configure pinned_post_url in data/x_profile_sources.json to attach a generated pinned-post hint. Authenticated X following collection was requested but skipped: Authenticated following page redirected to X login.
tantan-pua,x,affiliation,Profile links point to X.,https://x.com/tantan_pua_,0.86,fact,True,Auto-collected from a public X profile. Review generated bio and pinned-post hints. Profile HTML did not expose a pinned-post URL; configure pinned_post_url in data/x_profile_sources.json to attach a generated pinned-post hint. Authenticated X following collection was requested but skipped: Authenticated following page redirected to X login.
tantan-pua,line,affiliation,Profile links point to LINE.,https://x.com/tantan_pua_ | https://lin.ee/WiyTSo1,0.86,fact,True,Auto-collected from a public X profile. Review generated bio and pinned-post hints. Profile HTML did not expose a pinned-post URL; configure pinned_post_url in data/x_profile_sources.json to attach a generated pinned-post hint. Authenticated X following collection was requested but skipped: Authenticated following page redirected to X login.
tantan-pua,tantan-ura,affiliation,Public X profile explicitly links @tantan_ura__ as the side account.,https://x.com/tantan_pua_,0.72,fact,False,Auto-collected from a public X profile. Review generated bio and pinned-post hints. Profile HTML did not expose a pinned-post URL; configure pinned_post_url in data/x_profile_sources.json to attach a generated pinned-post hint. Authenticated X following collection was requested but skipped: Authenticated following page redirected to X login.
tantan-ura,x,affiliation,Profile links point to X.,https://x.com/tantan_ura__,0.86,fact,True,Auto-collected from a public X profile. Review generated bio and pinned-post hints. Profile HTML did not expose a pinned-post URL; configure pinned_post_url in data/x_profile_sources.json to attach a generated pinned-post hint. Authenticated X following collection was requested but skipped: Authenticated following page redirected to X login.
tapdepoipoi,x,affiliation,Profile links point to X.,https://x.com/tapdepoipoi,0.86,fact,True,Auto-collected from a public X profile. Review generated bio and pinned-post hints. Profile HTML did not expose a pinned-post URL; configure pinned_post_url in data/x_profile_sources.json to attach a generated pinned-post hint. Authenticated X following collection was requested but skipped: Authenticated following page redirected to X login.
tapdepoipoi,line,affiliation,Profile links point to LINE.,https://x.com/tapdepoipoi | https://lin.ee/8RqjImA,0.86,fact,True,Auto-collected from a public X profile. Review generated bio and pinned-post hints. Profile HTML did not expose a pinned-post URL; configure pinned_post_url in data/x_profile_sources.json to attach a generated pinned-post hint. Authenticated X following collection was requested but skipped: Authenticated following page redirected to X login.
taru-pua,x,affiliation,Profile links point to X.,https://x.com/taru_pua,0.86,fact,True,Auto-collected from a public X profile. Review generated bio and pinned-post hints. Profile HTML did not expose a pinned-post URL; configure pinned_post_url in data/x_profile_sources.json to attach a generated pinned-post hint. Authenticated X following collection was requested but skipped: Authenticated following page redirected to X login.
task-pua,x,affiliation,Profile links point to X.,https://x.com/task_pua,0.86,fact,True,Auto-collected from a public X profile. Review generated bio and pinned-post hints. Profile HTML did not expose a pinned-post URL; configure pinned_post_url in data/x_profile_sources.json to attach a generated pinned-post hint. Authenticated X following collection was requested but skipped: Authenticated following page redirected to X login.
task-pua,note,affiliation,Profile links point to note.,https://x.com/task_pua | https://note.com/notes,0.86,fact,True,Auto-collected from a public X profile. Review generated bio and pinned-post hints. Profile HTML did not expose a pinned-post URL; configure pinned_post_url in data/x_profile_sources.json to attach a generated pinned-post hint. Authenticated X following collection was requested but skipped: Authenticated following page redirected to X login.
tatsuyoshibokki,x,affiliation,Profile links point to X.,https://x.com/tatsuyoshibokki,0.86,fact,True,Auto-collected from a public X profile. Review generated bio and pinned-post hints. Profile HTML did not expose a pinned-post URL; configure pinned_post_url in data/x_profile_sources.json to attach a generated pinned-post hint. Authenticated X following collection was requested but skipped: Authenticated following page redirected to X login.
tatsuyoshibokki,igaku-sato,profile_mention,Public X profile explicitly recommends @igaku_sato.,https://x.com/tatsuyoshibokki,0.72,fact,False,Auto-collected from a public X profile. Review generated bio and pinned-post hints. Profile HTML did not expose a pinned-post URL; configure pinned_post_url in data/x_profile_sources.json to attach a generated pinned-post hint. Authenticated X following collection was requested but skipped: Authenticated following page redirected to X login.
tenma-pua,x,affiliation,Profile links point to X.,https://x.com/tenma_pua,0.86,fact,True,Auto-collected from a public X profile. Review generated bio and pinned-post hints. Profile HTML did not expose a pinned-post URL; configure pinned_post_url in data/x_profile_sources.json to attach a generated pinned-post hint. Authenticated X following collection was requested but skipped: Authenticated following page redirected to X login.
tenpanonanpa,x,affiliation,Profile links point to X.,https://x.com/tenpanonanpa,0.86,fact,True,Auto-collected from a public X profile. Review generated bio and pinned-post hints. Profile HTML did not expose a pinned-post URL; configure pinned_post_url in data/x_profile_sources.json to attach a generated pinned-post hint. Authenticated X following collection was requested but skipped: Authenticated following page redirected to X login.
tenpanonanpa,note,affiliation,Profile links point to note.,https://x.com/tenpanonanpa | https://note.com/temper/m/mf41f8cabd689,0.86,fact,True,Auto-collected from a public X profile. Review generated bio and pinned-post hints. Profile HTML did not expose a pinned-post URL; configure pinned_post_url in data/x_profile_sources.json to attach a generated pinned-post hint. Authenticated X following collection was requested but skipped: Authenticated following page redirected to X login.
tensai-nanpa4,x,affiliation,Profile links point to X.,https://x.com/tensai_nanpa4,0.86,fact,True,Auto-collected from a public X profile. Review generated bio and pinned-post hints. Profile HTML did not expose a pinned-post URL; configure pinned_post_url in data/x_profile_sources.json to attach a generated pinned-post hint. Authenticated X following collection was requested but skipped: Authenticated following page redirected to X login.
tinder-ban,x,affiliation,Profile links point to X.,https://x.com/tinder_ban,0.86,fact,True,Auto-collected from a public X profile. Review generated bio and pinned-post hints. Profile HTML did not expose a pinned-post URL; configure pinned_post_url in data/x_profile_sources.json to attach a generated pinned-post hint. Authenticated X following collection was requested but skipped: Authenticated following page redirected to X login.
tinder-ban,tips,affiliation,Profile links point to Tips.,https://x.com/tinder_ban | https://tips.jp/u/tinder_ban,0.86,fact,True,Auto-collected from a public X profile. Review generated bio and pinned-post hints. Profile HTML did not expose a pinned-post URL; configure pinned_post_url in data/x_profile_sources.json to attach a generated pinned-post hint. Authenticated X following collection was requested but skipped: Authenticated following page redirected to X login.
tinder-god,x,affiliation,Profile links point to X.,https://x.com/Tinder_god_2,0.86,fact,True,Auto-collected from a public X profile. Review generated bio and pinned-post hints. Profile HTML did not expose a pinned-post URL; configure pinned_post_url in data/x_profile_sources.json to attach a generated pinned-post hint. Authenticated X following collection was requested but skipped: Authenticated following page redirected to X login.
tinder-god,tips,affiliation,Profile links point to Tips.,https://x.com/Tinder_god_2 | https://tips.jp/u/Tinder_god/a/0lYtZhbE,0.86,fact,True,Auto-collected from a public X profile. Review generated bio and pinned-post hints. Profile HTML did not expose a pinned-post URL; configure pinned_post_url in data/x_profile_sources.json to attach a generated pinned-post hint. Authenticated X following collection was requested but skipped: Authenticated following page redirected to X login.
tinder-god,matching-apps,activity,"Public X profile explicitly frames Tinder, Pairs, and Tapple攻略 as the account's main field.",https://x.com/Tinder_god_2 | https://tips.jp/u/Tinder_god/a/0lYtZhbE,0.72,fact,False,Auto-collected from a public X profile. Review generated bio and pinned-post hints. Profile HTML did not expose a pinned-post URL; configure pinned_post_url in data/x_profile_sources.json to attach a generated pinned-post hint. Authenticated X following collection was requested but skipped: Authenticated following page redirected to X login.
tinder-god,feitan-sub,affiliation,Public X profile labels @Feitan_sub as the linked side account.,https://x.com/Tinder_god_2,0.72,fact,False,Auto-collected from a public X profile. Review generated bio and pinned-post hints. Profile HTML did not expose a pinned-post URL; configure pinned_post_url in data/x_profile_sources.json to attach a generated pinned-post hint. Authenticated X following collection was requested but skipped: Authenticated following page redirected to X login.
tinder109,x,affiliation,Profile links point to X.,https://x.com/tinder109,0.86,fact,True,Auto-collected from a public X profile. Review generated bio and pinned-post hints. Profile HTML did not expose a pinned-post URL; configure pinned_post_url in data/x_profile_sources.json to attach a generated pinned-post hint. Authenticated X following collection was requested but skipped: Authenticated following page redirected to X login.
tinder109,line,affiliation,Profile links point to LINE.,https://x.com/tinder109 | https://lin.ee/NeVry4Q,0.86,fact,True,Auto-collected from a public X profile. Review generated bio and pinned-post hints. Profile HTML did not expose a pinned-post URL; configure pinned_post_url in data/x_profile_sources.json to attach a generated pinned-post hint. Authenticated X following collection was requested but skipped: Authenticated following page redirected to X login.
tinder109,hachi-tinder02,affiliation,Public X profile explicitly links @hachi_tinder02 as the side account.,https://x.com/tinder109,0.72,fact,False,Auto-collected from a public X profile. Review generated bio and pinned-post hints. Profile HTML did not expose a pinned-post URL; configure pinned_post_url in data/x_profile_sources.json to attach a generated pinned-post hint. Authenticated X following collection was requested but skipped: Authenticated following page redirected to X login.
tips,x,affiliation,Profile links point to X.,https://tips.jp/ | https://twitter.com/Tips_infojp,0.86,fact,True,Auto-collected from a public page. Review before relying on inferred meaning.
to-suto-tore,x,affiliation,Profile links point to X.,https://x.com/to_suto_tore,0.86,fact,True,Auto-collected from a public X profile. Review generated bio and pinned-post hints. Profile HTML did not expose a pinned-post URL; configure pinned_post_url in data/x_profile_sources.json to attach a generated pinned-post hint. Authenticated X following collection was requested but skipped: Authenticated following page redirected to X login.
to-suto-tore,tokyo-stonan-kai,affiliation,Public X profile uses an @東京ストナン会 label in the display name.,https://x.com/to_suto_tore,0.76,fact,False,Auto-collected from a public X profile. Review generated bio and pinned-post hints. Profile HTML did not expose a pinned-post URL; configure pinned_post_url in data/x_profile_sources.json to attach a generated pinned-post hint. Authenticated X following collection was requested but skipped: Authenticated following page redirected to X login.
tohokupua,x,affiliation,Profile links point to X.,https://x.com/tohokupua,0.86,fact,True,Auto-collected from a public X profile. Review generated bio and pinned-post hints. Profile HTML did not expose a pinned-post URL; configure pinned_post_url in data/x_profile_sources.json to attach a generated pinned-post hint. Authenticated X following collection was requested but skipped: Authenticated following page redirected to X login.
tokumei-pua,x,affiliation,Profile links point to X.,https://x.com/tokumei_pua_,0.86,fact,True,Auto-collected from a public X profile. Review generated bio and pinned-post hints. Profile HTML did not expose a pinned-post URL; configure pinned_post_url in data/x_profile_sources.json to attach a generated pinned-post hint. Authenticated X following collection was requested but skipped: Authenticated following page redirected to X login.
tokyo,kanto,affiliation,Tokyo is grouped under the Kanto region cluster for geographic browsing.,https://www.metro.tokyo.lg.jp/,0.98,fact,False,
tokyo-stonan-kai,x,affiliation,Profile links point to X.,https://x.com/4meakg,0.86,fact,False,
tomo-pua11,x,affiliation,Profile links point to X.,https://x.com/tomo_pua11,0.86,fact,True,Auto-collected from a public X profile. Review generated bio and pinned-post hints. Profile HTML did not expose a pinned-post URL; configure pinned_post_url in data/x_profile_sources.json to attach a generated pinned-post hint. Authenticated X following collection was requested but skipped: Authenticated following page redirected to X login.
tomu-riddle,x,affiliation,Profile links point to X.,https://x.com/tomu_riddle,0.86,fact,True,Auto-collected from a public X profile. Review generated bio and pinned-post hints. Profile HTML did not expose a pinned-post URL; configure pinned_post_url in data/x_profile_sources.json to attach a generated pinned-post hint. Authenticated X following collection was requested but skipped: Authenticated following page redirected to X login.
tomu-riddle,sub-riddle,affiliation,Public X profile explicitly links @sub_riddle as a related account.,https://x.com/tomu_riddle,0.72,fact,False,Auto-collected from a public X profile. Review generated bio and pinned-post hints. Profile HTML did not expose a pinned-post URL; configure pinned_post_url in data/x_profile_sources.json to attach a generated pinned-post hint. Authenticated X following collection was requested but skipped: Authenticated following page redirected to X login.
tonpamiso,x,affiliation,Profile links point to X.,https://x.com/tonpamiso,0.86,fact,True,Auto-collected from a public X profile. Review generated bio and pinned-post hints. Profile HTML did not expose a pinned-post URL; configure pinned_post_url in data/x_profile_sources.json to attach a generated pinned-post hint. Authenticated X following collection was requested but skipped: Authenticated following page redirected to X login.
top-of-himo,x,affiliation,Profile links point to X.,https://x.com/Top_of_himo,0.86,fact,True,Auto-collected from a public X profile. Review generated bio and pinned-post hints. Profile HTML did not expose a pinned-post URL; configure pinned_post_url in data/x_profile_sources.json to attach a generated pinned-post hint. Authenticated X following collection was requested but skipped: Authenticated following page redirected to X login.
toushirou-app,x,affiliation,Profile links point to X.,https://x.com/toushirou_app,0.86,fact,True,Auto-collected from a public X profile. Review generated bio and pinned-post hints. Profile HTML did not expose a pinned-post URL; configure pinned_post_url in data/x_profile_sources.json to attach a generated pinned-post hint. Authenticated X following collection was requested but skipped: Authenticated following page redirected to X login.
toushirou-app,tips,affiliation,Profile links point to Tips.,https://x.com/toushirou_app | https://tips.jp/s/aTmxY7,0.86,fact,True,Auto-collected from a public X profile. Review generated bio and pinned-post hints. Profile HTML did not expose a pinned-post URL; configure pinned_post_url in data/x_profile_sources.json to attach a generated pinned-post hint. Authenticated X following collection was requested but skipped: Authenticated following page redirected to X login.
toushirou-app,matching-apps,activity,Public X profile explicitly says this account's main field is chat-app strategy for meeting women online.,https://x.com/toushirou_app,0.68,mixed,False,Auto-collected from a public X profile. Review generated bio and pinned-post hints. Profile HTML did not expose a pinned-post URL; configure pinned_post_url in data/x_profile_sources.json to attach a generated pinned-post hint. Authenticated X following collection was requested but skipped: Authenticated following page redirected to X login.
training-pua,x,affiliation,Profile links point to X.,https://x.com/training_pua,0.86,fact,True,Auto-collected from a public X profile. Review generated bio and pinned-post hints. Profile HTML did not expose a pinned-post URL; configure pinned_post_url in data/x_profile_sources.json to attach a generated pinned-post hint. Authenticated X following collection was requested but skipped: Authenticated following page redirected to X login.
try-pua,x,affiliation,Profile links point to X.,https://x.com/try_pua,0.86,fact,True,Auto-collected from a public X profile. Review generated bio and pinned-post hints. Profile HTML did not expose a pinned-post URL; configure pinned_post_url in data/x_profile_sources.json to attach a generated pinned-post hint. Authenticated X following collection was requested but skipped: Authenticated following page redirected to X login.
tryc6,x,affiliation,Profile links point to X.,https://x.com/tryc6,0.86,fact,True,Auto-collected from a public X profile. Review generated bio and pinned-post hints. Profile HTML did not expose a pinned-post URL; configure pinned_post_url in data/x_profile_sources.json to attach a generated pinned-post hint. Authenticated X following collection was requested but skipped: Authenticated following page redirected to X login.
tsunada-pua,x,affiliation,Profile links point to X.,https://x.com/tsunada_pua,0.86,fact,True,Auto-collected from a public X profile. Review generated bio and pinned-post hints. Profile HTML did not expose a pinned-post URL; configure pinned_post_url in data/x_profile_sources.json to attach a generated pinned-post hint. Authenticated X following collection was requested but skipped: Authenticated following page redirected to X login.
tyopa-pua,x,affiliation,Profile links point to X.,https://x.com/tyopa_pua,0.86,fact,True,Auto-collected from a public X profile. Review generated bio and pinned-post hints. Profile HTML did not expose a pinned-post URL; configure pinned_post_url in data/x_profile_sources.json to attach a generated pinned-post hint. Authenticated X following collection was requested but skipped: Authenticated following page redirected to X login.
tyopa-pua,tyopa-sub,affiliation,Public X profile explicitly links @tyopa_sub as the side account for close mutuals.,https://x.com/tyopa_pua,0.72,fact,False,Auto-collected from a public X profile. Review generated bio and pinned-post hints. Profile HTML did not expose a pinned-post URL; configure pinned_post_url in data/x_profile_sources.json to attach a generated pinned-post hint. Authenticated X following collection was requested but skipped: Authenticated following page redirected to X login.
tyopa-pua,streetkyo,profile_mention,Public X profile explicitly references @streetkyo as a related account in the profile summary.,https://x.com/tyopa_pua,0.68,fact,False,Auto-collected from a public X profile. Review generated bio and pinned-post hints. Profile HTML did not expose a pinned-post URL; configure pinned_post_url in data/x_profile_sources.json to attach a generated pinned-post hint. Authenticated X following collection was requested but skipped: Authenticated following page redirected to X login.
tyopa-sub,x,affiliation,Profile links point to X.,https://x.com/tyopa_sub,0.86,fact,True,Auto-collected from a public X profile. Review generated bio and pinned-post hints. Profile HTML did not expose a pinned-post URL; configure pinned_post_url in data/x_profile_sources.json to attach a generated pinned-post hint. Authenticated X following collection was requested but skipped: Authenticated following page redirected to X login.
ugly-pua,x,affiliation,Profile links point to X.,https://x.com/ugly_pua,0.86,fact,True,Auto-collected from a public X profile. Review generated bio and pinned-post hints. Profile HTML did not expose a pinned-post URL; configure pinned_post_url in data/x_profile_sources.json to attach a generated pinned-post hint. Authenticated X following collection was requested but skipped: Authenticated following page redirected to X login.
untracemind,x,affiliation,Profile links point to X.,https://x.com/untracemind,0.86,fact,True,Auto-collected from a public X profile. Review generated bio and pinned-post hints. Profile HTML did not expose a pinned-post URL; configure pinned_post_url in data/x_profile_sources.json to attach a generated pinned-post hint. Authenticated X following collection was requested but skipped: Authenticated following page redirected to X login.
untracemind,line,affiliation,Profile links point to LINE.,https://x.com/untracemind | https://lin.ee/hcRyuCQ,0.86,fact,True,Auto-collected from a public X profile. Review generated bio and pinned-post hints. Profile HTML did not expose a pinned-post URL; configure pinned_post_url in data/x_profile_sources.json to attach a generated pinned-post hint. Authenticated X following collection was requested but skipped: Authenticated following page redirected to X login.
ura-aka-nanpa,x,affiliation,Profile links point to X.,https://x.com/ura_aka_nanpa,0.86,fact,True,Auto-collected from a public X profile. Review generated bio and pinned-post hints. Profile HTML did not expose a pinned-post URL; configure pinned_post_url in data/x_profile_sources.json to attach a generated pinned-post hint. Authenticated X following collection was requested but skipped: Authenticated following page redirected to X login.
ura-kaneki-pua,x,affiliation,Profile links point to X.,https://x.com/ura_kaneki_pua,0.86,fact,True,Auto-collected from a public X profile. Review generated bio and pinned-post hints. Profile HTML did not expose a pinned-post URL; configure pinned_post_url in data/x_profile_sources.json to attach a generated pinned-post hint. Authenticated X following collection was requested but skipped: Authenticated following page redirected to X login.
ura-kaneki-pua,tips,affiliation,Profile links point to Tips.,https://x.com/ura_kaneki_pua | https://tips.jp/u/ayasuke32131/a/kaneki_puapua,0.86,fact,True,Auto-collected from a public X profile. Review generated bio and pinned-post hints. Profile HTML did not expose a pinned-post URL; configure pinned_post_url in data/x_profile_sources.json to attach a generated pinned-post hint. Authenticated X following collection was requested but skipped: Authenticated following page redirected to X login.
ura-osugi-pua,x,affiliation,Profile links point to X.,https://x.com/ura_osugipua,0.86,fact,True,Auto-collected from a public X profile. Review generated bio and pinned-post hints. Profile HTML did not expose a pinned-post URL; configure pinned_post_url in data/x_profile_sources.json to attach a generated pinned-post hint. Authenticated X following collection was requested but skipped: Authenticated following page redirected to X login.
uraca-pua,x,affiliation,Profile links point to X.,https://x.com/uraca_pua,0.86,fact,True,Auto-collected from a public X profile. Review generated bio and pinned-post hints. Profile HTML did not expose a pinned-post URL; configure pinned_post_url in data/x_profile_sources.json to attach a generated pinned-post hint. Authenticated X following collection was requested but skipped: Authenticated following page redirected to X login.
ururunpua,x,affiliation,Profile links point to X.,https://x.com/ururunpua,0.86,fact,True,Auto-collected from a public X profile. Review generated bio and pinned-post hints. Profile HTML did not expose a pinned-post URL; configure pinned_post_url in data/x_profile_sources.json to attach a generated pinned-post hint. Authenticated X following collection was requested but skipped: Authenticated following page redirected to X login.
utaa-pua,x,affiliation,Profile links point to X.,https://x.com/utaa_pua,0.86,fact,True,Auto-collected from a public X profile. Review generated bio and pinned-post hints. Profile HTML did not expose a pinned-post URL; configure pinned_post_url in data/x_profile_sources.json to attach a generated pinned-post hint. Authenticated X following collection was requested but skipped: Authenticated following page redirected to X login.
utaa-pua,elsta,affiliation,Public X profile explicitly identifies this account as an Elsta camera / body-make instructor.,https://x.com/utaa_pua,0.78,fact,False,Auto-collected from a public X profile. Review generated bio and pinned-post hints. Profile HTML did not expose a pinned-post URL; configure pinned_post_url in data/x_profile_sources.json to attach a generated pinned-post hint. Authenticated X following collection was requested but skipped: Authenticated following page redirected to X login.
utopua2,x,affiliation,Profile links point to X.,https://x.com/utopua2,0.86,fact,True,Auto-collected from a public X profile. Review generated bio and pinned-post hints. Profile HTML did not expose a pinned-post URL; configure pinned_post_url in data/x_profile_sources.json to attach a generated pinned-post hint. Authenticated X following collection was requested but skipped: Authenticated following page redirected to X login. Generated snapshot differs from manual fields: profile_text.
utopua2,elsta,affiliation,Public X profile explicitly identifies this account as an Elsta sub-instructor.,https://x.com/utopua2,0.78,fact,False,Auto-collected from a public X profile. Review generated bio and pinned-post hints. Profile HTML did not expose a pinned-post URL; configure pinned_post_url in data/x_profile_sources.json to attach a generated pinned-post hint. Authenticated X following collection was requested but skipped: Authenticated following page redirected to X login. Generated snapshot differs from manual fields: profile_text.
vast-plover989,x,affiliation,Profile links point to X.,https://x.com/vast_plover989,0.86,fact,True,Auto-collected from a public X profile. Review generated bio and pinned-post hints. Profile HTML did not expose a pinned-post URL; configure pinned_post_url in data/x_profile_sources.json to attach a generated pinned-post hint. Authenticated X following collection was requested but skipped: Authenticated following page redirected to X login.
vegeta-street,x,affiliation,Profile links point to X.,https://x.com/vegeta_street_,0.86,fact,True,Auto-collected from a public X profile. Review generated bio and pinned-post hints. Profile HTML did not expose a pinned-post URL; configure pinned_post_url in data/x_profile_sources.json to attach a generated pinned-post hint. Authenticated X following collection was requested but skipped: Authenticated following page redirected to X login.
vegeta-street,note,affiliation,Profile links point to note.,https://x.com/vegeta_street_ | https://note.com/vpua,0.86,fact,True,Auto-collected from a public X profile. Review generated bio and pinned-post hints. Profile HTML did not expose a pinned-post URL; configure pinned_post_url in data/x_profile_sources.json to attach a generated pinned-post hint. Authenticated X following collection was requested but skipped: Authenticated following page redirected to X login.
vegetst,x,affiliation,Profile links point to X.,https://x.com/vegetst,0.86,fact,True,Auto-collected from a public X profile. Review generated bio and pinned-post hints. Profile HTML did not expose a pinned-post URL; configure pinned_post_url in data/x_profile_sources.json to attach a generated pinned-post hint. Authenticated X following collection was requested but skipped: Authenticated following page redirected to X login.
vegetst,note,affiliation,Profile links point to note.,https://x.com/vegetst | https://note.com/vegetst,0.86,fact,True,Auto-collected from a public X profile. Review generated bio and pinned-post hints. Profile HTML did not expose a pinned-post URL; configure pinned_post_url in data/x_profile_sources.json to attach a generated pinned-post hint. Authenticated X following collection was requested but skipped: Authenticated following page redirected to X login.
vo-nampa,x,affiliation,Profile links point to X.,https://x.com/vo_nampa,0.86,fact,True,Auto-collected from a public X profile. Review generated bio and pinned-post hints. Profile HTML did not expose a pinned-post URL; configure pinned_post_url in data/x_profile_sources.json to attach a generated pinned-post hint. Authenticated X following collection was requested but skipped: Authenticated following page redirected to X login.
vo-nampa,tips,affiliation,Profile links point to Tips.,https://x.com/vo_nampa | http://tips.jp/s/mRJ2bG,0.86,fact,True,Auto-collected from a public X profile. Review generated bio and pinned-post hints. Profile HTML did not expose a pinned-post URL; configure pinned_post_url in data/x_profile_sources.json to attach a generated pinned-post hint. Authenticated X following collection was requested but skipped: Authenticated following page redirected to X login.
vo-nampa,tokyo,activity,Public X profile explicitly identifies this account with the 帝都 cluster.,https://x.com/vo_nampa,0.68,mixed,False,Auto-collected from a public X profile. Review generated bio and pinned-post hints. Profile HTML did not expose a pinned-post URL; configure pinned_post_url in data/x_profile_sources.json to attach a generated pinned-post hint. Authenticated X following collection was requested but skipped: Authenticated following page redirected to X login.
weekly-nanpa,x,affiliation,Profile links point to X.,https://x.com/weekly_nanpa,0.86,fact,True,Auto-collected from a public X profile. Review generated bio and pinned-post hints. Profile HTML did not expose a pinned-post URL; configure pinned_post_url in data/x_profile_sources.json to attach a generated pinned-post hint. Authenticated X following collection was requested but skipped: Authenticated following page redirected to X login.
weekly-nanpa,note,affiliation,Profile links point to note.,https://x.com/weekly_nanpa | https://note.com/nantech,0.86,fact,True,Auto-collected from a public X profile. Review generated bio and pinned-post hints. Profile HTML did not expose a pinned-post URL; configure pinned_post_url in data/x_profile_sources.json to attach a generated pinned-post hint. Authenticated X following collection was requested but skipped: Authenticated following page redirected to X login.
west-pua,x,affiliation,Profile links point to X.,https://x.com/west_pua,0.86,fact,True,Auto-collected from a public X profile. Review generated bio and pinned-post hints. Profile HTML did not expose a pinned-post URL; configure pinned_post_url in data/x_profile_sources.json to attach a generated pinned-post hint. Authenticated X following collection was requested but skipped: Authenticated following page redirected to X login.
west-pua,pochama-tuwaou,influence,Public X profile explicitly identifies this account with the 留年ポチャマ講習 course.,https://x.com/west_pua,0.74,fact,False,Auto-collected from a public X profile. Review generated bio and pinned-post hints. Profile HTML did not expose a pinned-post URL; configure pinned_post_url in data/x_profile_sources.json to attach a generated pinned-post hint. Authenticated X following collection was requested but skipped: Authenticated following page redirected to X login.
whity-dogging-pua,x,affiliation,Profile links point to X.,https://x.com/WhityDoggingPUA,0.86,fact,True,Auto-collected from a public X profile. Review generated bio and pinned-post hints. Profile HTML did not expose a pinned-post URL; configure pinned_post_url in data/x_profile_sources.json to attach a generated pinned-post hint. Authenticated X following collection was requested but skipped: Authenticated following page redirected to X login.
wing-nampa,x,affiliation,Profile links point to X.,https://x.com/wing__nampa,0.86,fact,True,Auto-collected from a public X profile. Review generated bio and pinned-post hints. Profile HTML did not expose a pinned-post URL; configure pinned_post_url in data/x_profile_sources.json to attach a generated pinned-post hint. Authenticated X following collection was requested but skipped: Authenticated following page redirected to X login.
wlkrndstrt,x,affiliation,Profile links point to X.,https://x.com/wlkrndstrt,0.86,fact,True,Auto-collected from a public X profile. Review generated bio and pinned-post hints. Profile HTML did not expose a pinned-post URL; configure pinned_post_url in data/x_profile_sources.json to attach a generated pinned-post hint. Authenticated X following collection was requested but skipped: Authenticated following page redirected to X login.
wllt8o,x,affiliation,Profile links point to X.,https://x.com/Wllt8O,0.86,fact,True,Auto-collected from a public X profile. Review generated bio and pinned-post hints. Profile HTML did not expose a pinned-post URL; configure pinned_post_url in data/x_profile_sources.json to attach a generated pinned-post hint. Authenticated X following collection was requested but skipped: Authenticated following page redirected to X login.
xcandee,x,affiliation,Profile links point to X.,https://x.com/_xCandee,0.86,fact,True,Auto-collected from a public X profile. Review generated bio and pinned-post hints. Profile HTML did not expose a pinned-post URL; configure pinned_post_url in data/x_profile_sources.json to attach a generated pinned-post hint. Authenticated X following collection was requested but skipped: Authenticated following page redirected to X login.
xcandee,line,affiliation,Profile links point to LINE.,https://x.com/_xCandee | https://lin.ee/xnKdLzN,0.86,fact,True,Auto-collected from a public X profile. Review generated bio and pinned-post hints. Profile HTML did not expose a pinned-post URL; configure pinned_post_url in data/x_profile_sources.json to attach a generated pinned-post hint. Authenticated X following collection was requested but skipped: Authenticated following page redirected to X login.
xcandee,elsta,affiliation,Public X profile explicitly identifies this account as an Elsta appearance-improvement instructor.,https://x.com/_xCandee,0.78,fact,False,Auto-collected from a public X profile. Review generated bio and pinned-post hints. Profile HTML did not expose a pinned-post URL; configure pinned_post_url in data/x_profile_sources.json to attach a generated pinned-post hint. Authenticated X following collection was requested but skipped: Authenticated following page redirected to X login.
xcandee,machapua3,profile_mention,Public X profile explicitly mentions @machapua3.,https://x.com/_xCandee,0.7,fact,False,Auto-collected from a public X profile. Review generated bio and pinned-post hints. Profile HTML did not expose a pinned-post URL; configure pinned_post_url in data/x_profile_sources.json to attach a generated pinned-post hint. Authenticated X following collection was requested but skipped: Authenticated following page redirected to X login.
xxxxxxxxxyyyeee,x,affiliation,Profile links point to X.,https://x.com/xxxxxxxxxyyyeee,0.86,fact,True,Auto-collected from a public X profile. Review generated bio and pinned-post hints. Profile HTML did not expose a pinned-post URL; configure pinned_post_url in data/x_profile_sources.json to attach a generated pinned-post hint. Authenticated X following collection was requested but skipped: Authenticated following page redirected to X login.
yabuki-nampa,x,affiliation,Profile links point to X.,https://x.com/yabuki335,0.86,fact,True,Auto-collected from a public X profile. Review generated bio and pinned-post hints. Profile HTML did not expose a pinned-post URL; configure pinned_post_url in data/x_profile_sources.json to attach a generated pinned-post hint. Authenticated X following collection was requested but skipped: Authenticated following page redirected to X login.
yabuki-nampa,ebisu,activity,"Approved review candidate from summary, profile_text mentioning 恵比寿.",https://x.com/yabuki335 | https://www.life-enjoy.site/,0.4,interpretation,False,Approved from review candidate yabuki-nampa__ebisu__activity. Approval note: Explicitly stated in the public X profile bio.
yabuki-nampa,ikebukuro,activity,"Approved review candidate from summary, profile_text mentioning 池袋.",https://x.com/yabuki335 | https://www.life-enjoy.site/,0.4,interpretation,False,Approved from review candidate yabuki-nampa__ikebukuro__activity. Approval note: Explicitly stated in the public X profile bio.
yabuki-nampa,shibuya,activity,"Approved review candidate from summary, profile_text mentioning 渋谷.",https://x.com/yabuki335 | https://www.life-enjoy.site/,0.4,interpretation,False,Approved from review candidate yabuki-nampa__shibuya__activity. Approval note: Explicitly stated in the public X profile bio.
yabuki-nampa,shinjuku,activity,"Approved review candidate from summary, profile_text mentioning 新宿.",https://x.com/yabuki335 | https://www.life-enjoy.site/,0.4,interpretation,False,Approved from review candidate yabuki-nampa__shinjuku__activity. Approval note: Explicitly stated in the public X profile bio.
yagami-tinder,x,affiliation,Profile links point to X.,https://x.com/Yagami_tinder,0.86,fact,True,Auto-collected from a public X profile. Review generated bio and pinned-post hints. Profile HTML did not expose a pinned-post URL; configure pinned_post_url in data/x_profile_sources.json to attach a generated pinned-post hint. Authenticated X following collection was requested but skipped: Authenticated following page redirected to X login.
yagi31,x,affiliation,Profile links point to X.,https://x.com/yagi31,0.86,fact,True,Auto-collected from a public X profile. Review generated bio and pinned-post hints. Profile HTML did not expose a pinned-post URL; configure pinned_post_url in data/x_profile_sources.json to attach a generated pinned-post hint. Authenticated X following collection was requested but skipped: Authenticated following page redirected to X login.
yarimokutoma2,x,affiliation,Profile links point to X.,https://x.com/yarimokutoma2,0.86,fact,True,Auto-collected from a public X profile. Review generated bio and pinned-post hints. Profile HTML did not expose a pinned-post URL; configure pinned_post_url in data/x_profile_sources.json to attach a generated pinned-post hint. Authenticated X following collection was requested but skipped: Authenticated following page redirected to X login.
yaseibyebye,x,affiliation,Profile links point to X.,https://x.com/yaseibyebye,0.86,fact,True,Auto-collected from a public X profile. Review generated bio and pinned-post hints. Profile HTML did not expose a pinned-post URL; configure pinned_post_url in data/x_profile_sources.json to attach a generated pinned-post hint. Authenticated X following collection was requested but skipped: Authenticated following page redirected to X login.
yato-mote,x,affiliation,Profile links point to X.,https://x.com/yato_mote,0.86,fact,True,Auto-collected from a public X profile. Review generated bio and pinned-post hints. Profile HTML did not expose a pinned-post URL; configure pinned_post_url in data/x_profile_sources.json to attach a generated pinned-post hint. Authenticated X following collection was requested but skipped: Authenticated following page redirected to X login.
yayaya-zyakudan,x,affiliation,Profile links point to X.,https://x.com/yayaya_zyakudan,0.86,fact,True,Auto-collected from a public X profile. Review generated bio and pinned-post hints. Profile HTML did not expose a pinned-post URL; configure pinned_post_url in data/x_profile_sources.json to attach a generated pinned-post hint. Authenticated X following collection was requested but skipped: Authenticated following page redirected to X login.
yk-yamate,x,affiliation,Profile links point to X.,https://x.com/yk_yamate,0.86,fact,True,Auto-collected from a public X profile. Review generated bio and pinned-post hints. Profile HTML did not expose a pinned-post URL; configure pinned_post_url in data/x_profile_sources.json to attach a generated pinned-post hint. Authenticated X following collection was requested but skipped: Authenticated following page redirected to X login.
yk-yamate,line,affiliation,Profile links point to LINE.,https://x.com/yk_yamate | https://lin.ee/y407OT7,0.86,fact,True,Auto-collected from a public X profile. Review generated bio and pinned-post hints. Profile HTML did not expose a pinned-post URL; configure pinned_post_url in data/x_profile_sources.json to attach a generated pinned-post hint. Authenticated X following collection was requested but skipped: Authenticated following page redirected to X login.
yk-yamate,tokyo-stonan-kai,affiliation,Public X profile says this relay account covers NNKK and Tokyo Stonan-kai field activity.,https://x.com/yk_yamate,0.8,fact,False,Auto-collected from a public X profile. Review generated bio and pinned-post hints. Profile HTML did not expose a pinned-post URL; configure pinned_post_url in data/x_profile_sources.json to attach a generated pinned-post hint. Authenticated X following collection was requested but skipped: Authenticated following page redirected to X login.
yk-yamate,pua-co,collaboration,Public X profile describes this account as the joint activity feed for a street duo that includes @pua_co.,https://x.com/yk_yamate,0.78,fact,False,Auto-collected from a public X profile. Review generated bio and pinned-post hints. Profile HTML did not expose a pinned-post URL; configure pinned_post_url in data/x_profile_sources.json to attach a generated pinned-post hint. Authenticated X following collection was requested but skipped: Authenticated following page redirected to X login.
yk-yamate,bangedaisuki,collaboration,Public X profile pairs @yk_yamate with @bangedaisuki as the two halves of the same Y&K street duo (よぶんが side).,https://x.com/yk_yamate,0.76,fact,False,Auto-collected from a public X profile. Review generated bio and pinned-post hints. Profile HTML did not expose a pinned-post URL; configure pinned_post_url in data/x_profile_sources.json to attach a generated pinned-post hint. Authenticated X following collection was requested but skipped: Authenticated following page redirected to X login.
yobi-gunn,x,affiliation,Profile links point to X.,https://x.com/yobi_gunn,0.86,fact,True,Auto-collected from a public X profile. Review generated bio and pinned-post hints. Profile HTML did not expose a pinned-post URL; configure pinned_post_url in data/x_profile_sources.json to attach a generated pinned-post hint. Authenticated X following collection was requested but skipped: Authenticated following page redirected to X login.
yokono-pua,x,affiliation,Profile links point to X.,https://x.com/yokono_pua,0.86,fact,True,Auto-collected from a public X profile. Review generated bio and pinned-post hints. Profile HTML did not expose a pinned-post URL; configure pinned_post_url in data/x_profile_sources.json to attach a generated pinned-post hint. Authenticated X following collection was requested but skipped: Authenticated following page redirected to X login.
yolu-pua,x,affiliation,Profile links point to X.,https://x.com/yolu_pua,0.86,fact,True,Auto-collected from a public X profile. Review generated bio and pinned-post hints. Profile HTML did not expose a pinned-post URL; configure pinned_post_url in data/x_profile_sources.json to attach a generated pinned-post hint. Authenticated X following collection was requested but skipped: Authenticated following page redirected to X login.
yolu-pua,yolusub,affiliation,Public X profile explicitly links @yolusub as a related account.,https://x.com/yolu_pua,0.72,fact,False,Auto-collected from a public X profile. Review generated bio and pinned-post hints. Profile HTML did not expose a pinned-post URL; configure pinned_post_url in data/x_profile_sources.json to attach a generated pinned-post hint. Authenticated X following collection was requested but skipped: Authenticated following page redirected to X login.
yolusub,x,affiliation,Profile links point to X.,https://x.com/yolusub,0.86,fact,True,Auto-collected from a public X profile. Review generated bio and pinned-post hints. Profile HTML did not expose a pinned-post URL; configure pinned_post_url in data/x_profile_sources.json to attach a generated pinned-post hint. Authenticated X following collection was requested but skipped: Authenticated following page redirected to X login.
yomaru-street,x,affiliation,Profile links point to X.,https://x.com/yomaru_street,0.86,fact,True,Auto-collected from a public X profile. Review generated bio and pinned-post hints. Profile HTML did not expose a pinned-post URL; configure pinned_post_url in data/x_profile_sources.json to attach a generated pinned-post hint. Authenticated X following collection was requested but skipped: Authenticated following page redirected to X login.
yossy-pua,x,affiliation,Profile links point to X.,https://x.com/yossy_pua,0.86,fact,True,Auto-collected from a public X profile. Review generated bio and pinned-post hints. Profile HTML did not expose a pinned-post URL; configure pinned_post_url in data/x_profile_sources.json to attach a generated pinned-post hint. Authenticated X following collection was requested but skipped: Authenticated following page redirected to X login.
yossy-st19,x,affiliation,Profile links point to X.,https://x.com/yossy_st19,0.86,fact,True,Auto-collected from a public X profile. Review generated bio and pinned-post hints. Profile HTML did not expose a pinned-post URL; configure pinned_post_url in data/x_profile_sources.json to attach a generated pinned-post hint. Authenticated X following collection was requested but skipped: Authenticated following page redirected to X login.
youkun-pua,x,affiliation,Profile links point to X.,https://x.com/youkun_pua,0.86,fact,True,Auto-collected from a public X profile. Review generated bio and pinned-post hints. Profile HTML did not expose a pinned-post URL; configure pinned_post_url in data/x_profile_sources.json to attach a generated pinned-post hint. Authenticated X following collection was requested but skipped: Authenticated following page redirected to X login.
youtube,x,affiliation,Profile links point to X.,https://x.com/YouTube,0.86,fact,True,Auto-collected from a public X profile. Review generated bio and pinned-post hints. Profile HTML did not expose a pinned-post URL; configure pinned_post_url in data/x_profile_sources.json to attach a generated pinned-post hint. Authenticated X following collection was requested but skipped: Authenticated following page redirected to X login. Auto-collected from a public page. Review before relying on inferred meaning.
yuki100-pua,x,affiliation,Profile links point to X.,https://x.com/yuki100_pua,0.86,fact,True,Auto-collected from a public X profile. Review generated bio and pinned-post hints. Profile HTML did not expose a pinned-post URL; configure pinned_post_url in data/x_profile_sources.json to attach a generated pinned-post hint. Authenticated X following collection was requested but skipped: Authenticated following page redirected to X login.
yukishiro-yuki,x,affiliation,Profile links point to X.,https://x.com/Yukishiro_yuki_,0.86,fact,True,Auto-collected from a public X profile. Review generated bio and pinned-post hints. Profile HTML did not expose a pinned-post URL; configure pinned_post_url in data/x_profile_sources.json to attach a generated pinned-post hint. Authenticated X following collection was requested but skipped: Authenticated following page redirected to X login.
yumaru-pua,x,affiliation,Profile links point to X.,https://x.com/yumaru_pua,0.86,fact,True,Auto-collected from a public X profile. Review generated bio and pinned-post hints. Profile HTML did not expose a pinned-post URL; configure pinned_post_url in data/x_profile_sources.json to attach a generated pinned-post hint. Authenticated X following collection was requested but skipped: Authenticated following page redirected to X login.
yuta-pua,x,affiliation,Profile links point to X.,https://x.com/yuta__pua,0.86,fact,True,Auto-collected from a public X profile. Review generated bio and pinned-post hints. Profile HTML did not expose a pinned-post URL; configure pinned_post_url in data/x_profile_sources.json to attach a generated pinned-post hint. Authenticated X following collection was requested but skipped: Authenticated following page redirected to X login.
yutayuta-pua,x,affiliation,Profile links point to X.,https://x.com/yutayuta_pua,0.86,fact,True,Auto-collected from a public X profile. Review generated bio and pinned-post hints. Profile HTML did not expose a pinned-post URL; configure pinned_post_url in data/x_profile_sources.json to attach a generated pinned-post hint. Authenticated X following collection was requested but skipped: Authenticated following page redirected to X login.
yutayuta-pua,wing-nampa,affiliation,Public X profile explicitly identifies this account with the Atsu-Street Salon represented by wing.,https://x.com/yutayuta_pua,0.68,mixed,False,Auto-collected from a public X profile. Review generated bio and pinned-post hints. Profile HTML did not expose a pinned-post URL; configure pinned_post_url in data/x_profile_sources.json to attach a generated pinned-post hint. Authenticated X following collection was requested but skipped: Authenticated following page redirected to X login.
yutty-pua,x,affiliation,Profile links point to X.,https://x.com/yutty_pua,0.86,fact,True,Auto-collected from a public X profile. Review generated bio and pinned-post hints. Profile HTML did not expose a pinned-post URL; configure pinned_post_url in data/x_profile_sources.json to attach a generated pinned-post hint. Authenticated X following collection was requested but skipped: Authenticated following page redirected to X login.
yutty-pua,note,affiliation,Profile links point to note.,https://x.com/yutty_pua | https://note.com/yutty_nanpa,0.86,fact,True,Auto-collected from a public X profile. Review generated bio and pinned-post hints. Profile HTML did not expose a pinned-post URL; configure pinned_post_url in data/x_profile_sources.json to attach a generated pinned-post hint. Authenticated X following collection was requested but skipped: Authenticated following page redirected to X login.
yuu-renai,x,affiliation,Profile links point to X.,https://x.com/yuuuu_renai,0.86,fact,True,Auto-collected from a public X profile. Review generated bio and pinned-post hints. Profile HTML did not expose a pinned-post URL; configure pinned_post_url in data/x_profile_sources.json to attach a generated pinned-post hint. Authenticated X following collection was requested but skipped: Authenticated following page redirected to X login.
yuu-renai,line,affiliation,Profile links point to LINE.,https://x.com/yuuuu_renai | https://lin.ee/iNEc0rw,0.86,fact,True,Auto-collected from a public X profile. Review generated bio and pinned-post hints. Profile HTML did not expose a pinned-post URL; configure pinned_post_url in data/x_profile_sources.json to attach a generated pinned-post hint. Authenticated X following collection was requested but skipped: Authenticated following page redirected to X login.
yuu5-pua,x,affiliation,Profile links point to X.,https://x.com/yuu5_pua,0.86,fact,True,Auto-collected from a public X profile. Review generated bio and pinned-post hints. Profile HTML did not expose a pinned-post URL; configure pinned_post_url in data/x_profile_sources.json to attach a generated pinned-post hint. Authenticated X following collection was requested but skipped: Authenticated following page redirected to X login.
zenitsu-tinder,x,affiliation,Profile links point to X.,https://x.com/zenitsu_tinder,0.86,fact,True,Auto-collected from a public X profile. Review generated bio and pinned-post hints. Profile HTML did not expose a pinned-post URL; configure pinned_post_url in data/x_profile_sources.json to attach a generated pinned-post hint. Authenticated X following collection was requested but skipped: Authenticated following page redirected to X login.
zero-n2,x,affiliation,Profile links point to X.,https://x.com/zero_N2,0.86,fact,True,Auto-collected from a public X profile. Review generated bio and pinned-post hints. Profile HTML did not expose a pinned-post URL; configure pinned_post_url in data/x_profile_sources.json to attach a generated pinned-post hint. Authenticated X following collection was requested but skipped: Authenticated following page redirected to X login.
zero-pua,x,affiliation,Profile links point to X.,https://x.com/zero_pua,0.86,fact,True,Auto-collected from a public X profile. Review generated bio and pinned-post hints. Profile HTML did not expose a pinned-post URL; configure pinned_post_url in data/x_profile_sources.json to attach a generated pinned-post hint. Authenticated X following collection was requested but skipped: Authenticated following page redirected to X login.
ziyuunotsubasa1,x,affiliation,Profile links point to X.,https://x.com/ziyuunotsubasa1,0.86,fact,True,Auto-collected from a public X profile. Review generated bio and pinned-post hints. Profile HTML did not expose a pinned-post URL; configure pinned_post_url in data/x_profile_sources.json to attach a generated pinned-post hint. Authenticated X following collection was requested but skipped: Authenticated following page redirected to X login.
zushi-tokyo,x,affiliation,Profile links point to X.,https://x.com/zushi_tokyo,0.86,fact,True,Auto-collected from a public X profile. Review generated bio and pinned-post hints. Profile HTML did not expose a pinned-post URL; configure pinned_post_url in data/x_profile_sources.json to attach a generated pinned-post hint. Authenticated X following collection was requested but skipped: Authenticated following page redirected to X login.
11goacemenc,rockpua-sub,profile_mention,公開プロフィール・概要・固定ポストの文本から @リー への言及として推定（自動）。,https://x.com/11goacemenc,0.4,interpretation,True,"Generated review candidate consolidated from summary, profile_text via mention match 'リー'. This is review-only and not part of the canonical graph."
1tensaipua1,tokyo,activity,公開プロフィール等の文本に活動地域・フィールドとして「東京」の言及があるとして推定（自動）。,https://x.com/1tensaipua1,0.4,interpretation,True,Generated review candidate consolidated from profile_text via mention match '東京'. This is review-only and not part of the canonical graph.
5sato-pua,omamco-pua2,profile_mention,公開プロフィール・概要・固定ポストの文本から @える への言及として推定（自動）。,https://x.com/5sato_pua | https://note.com/nemunemu_neet,0.4,interpretation,True,"Generated review candidate consolidated from summary, profile_text via mention match 'える'. This is review-only and not part of the canonical graph."
5sato-pua,sato-legend,profile_mention,公開プロフィール・概要・固定ポストの文本から @sato_legend への言及として推定（自動）。,https://x.com/5sato_pua | https://note.com/nemunemu_neet,0.4,interpretation,True,"Generated review candidate consolidated from summary, profile_text via mention match '@sato_legend, sato_legend'. This is review-only and not part of the canonical graph."
aizen-pua,aizen-puasub,profile_mention,公開プロフィール・概要・固定ポストの文本から @aizen_puasub への言及として推定（自動）。,https://x.com/aizen_pua,0.4,interpretation,True,"Generated review candidate consolidated from summary, profile_text via mention match '@aizen_puasub, aizen_puasub'. This is review-only and not part of the canonical graph."
aizen-pua,bossnn-pua,profile_mention,公開プロフィール・概要・固定ポストの文本から @bossnn_pua への言及として推定（自動）。,https://x.com/aizen_pua,0.4,interpretation,True,"Generated review candidate consolidated from summary, profile_text via mention match '@bossnn_pua, bossnn_pua'. This is review-only and not part of the canonical graph."
aizen-pua,hancho-pua,profile_mention,公開プロフィール・概要・固定ポストの文本から @はんちょう への言及として推定（自動）。,https://x.com/aizen_pua,0.4,interpretation,True,Generated review candidate consolidated from profile_text via mention match 'はんちょう'. This is review-only and not part of the canonical graph.
aizen-pua,nami-pua,profile_mention,公開プロフィール・概要・固定ポストの文本から @nami__pua への言及として推定（自動）。,https://x.com/aizen_pua,0.4,interpretation,True,"Generated review candidate consolidated from summary, profile_text via mention match '@nami__pua, nami__pua'. This is review-only and not part of the canonical graph."
aizen-puasub,aizen-pua,profile_mention,公開プロフィール・概要・固定ポストの文本から @aizen_pua への言及として推定（自動）。,https://x.com/aizen_puasub,0.4,interpretation,True,"Generated review candidate consolidated from summary, profile_text via mention match '@aizen_pua, aizen_pua'. This is review-only and not part of the canonical graph."
akagi-subpua,rockpua-sub,profile_mention,公開プロフィール・概要・固定ポストの文本から @リー への言及として推定（自動）。,https://x.com/akagi_subpua,0.4,interpretation,True,"Generated review candidate consolidated from summary, profile_text via mention match 'リー'. This is review-only and not part of the canonical graph."
ale-puapua,tokyo,activity,公開プロフィール等の文本に活動地域・フィールドとして「Tokyo」の言及があるとして推定（自動）。,https://x.com/ale_puapua,0.4,interpretation,True,"Generated review candidate consolidated from profile_text via mention match 'Tokyo, tokyo'. This is review-only and not part of the canonical graph."
ale-puapua,kyo,profile_mention,公開プロフィール・概要・固定ポストの文本から @kyo への言及として推定（自動）。,https://x.com/ale_puapua,0.4,interpretation,True,Generated review candidate consolidated from profile_text via mention match 'kyo'. This is review-only and not part of the canonical graph.
ale-puapua,streetkyo,profile_mention,公開プロフィール・概要・固定ポストの文本から @kyo への言及として推定（自動）。,https://x.com/ale_puapua,0.4,interpretation,True,Generated review candidate consolidated from profile_text via mention match 'kyo'. This is review-only and not part of the canonical graph.
alpha-nanpa,tokyo,activity,公開プロフィール等の文本に活動地域・フィールドとして「東京」の言及があるとして推定（自動）。,https://x.com/alpha_nanpa | https://www.youtube.com/c/alpha_nanpa,0.4,interpretation,True,Generated review candidate consolidated from profile_text via mention match '東京'. This is review-only and not part of the canonical graph.
alpha-nanpa,pua-shin,profile_mention,公開プロフィール・概要・固定ポストの文本から @シン への言及として推定（自動）。,https://x.com/alpha_nanpa | https://www.youtube.com/c/alpha_nanpa,0.4,interpretation,True,Generated review candidate consolidated from profile_text via mention match 'シン'. This is review-only and not part of the canonical graph.
anus-asterisk,pua-shin,profile_mention,公開プロフィール・概要・固定ポストの文本から @シン への言及として推定（自動）。,https://x.com/anus_asterisk,0.4,interpretation,True,"Generated review candidate consolidated from summary, profile_text via mention match 'シン'. This is review-only and not part of the canonical graph."
asahi-sao-pua,ao-pua,profile_mention,公開プロフィール・概要・固定ポストの文本から @ao_pua への言及として推定（自動）。,https://x.com/asahi_sao_pua,0.4,interpretation,True,Generated review candidate consolidated from profile_text via mention match 'ao_pua'. This is review-only and not part of the canonical graph.
asahilove77,tokyo,activity,公開プロフィール等の文本に活動地域・フィールドとして「東京」の言及があるとして推定（自動）。,https://x.com/asahilove77,0.4,interpretation,True,"Generated review candidate consolidated from summary, profile_text via mention match '東京'. This is review-only and not part of the canonical graph."
ashikaga-street,shinjuku,activity,公開プロフィール等の文本に活動地域・フィールドとして「新宿区」の言及があるとして推定（自動）。,https://x.com/ashikaga_street,0.4,interpretation,True,"Generated review candidate consolidated from profile_text via mention match '新宿区, 新宿'. This is review-only and not part of the canonical graph."
ashikaga-street,tokyo,activity,公開プロフィール等の文本に活動地域・フィールドとして「東京」の言及があるとして推定（自動）。,https://x.com/ashikaga_street,0.4,interpretation,True,Generated review candidate consolidated from profile_text via mention match '東京'. This is review-only and not part of the canonical graph.
ashikaga-street,rockpua-sub,profile_mention,公開プロフィール・概要・固定ポストの文本から @リー への言及として推定（自動）。,https://x.com/ashikaga_street,0.4,interpretation,True,"Generated review candidate consolidated from summary, profile_text via mention match 'リー'. This is review-only and not part of the canonical graph."
asumi-pua,tokyo,activity,公開プロフィール等の文本に活動地域・フィールドとして「東京」の言及があるとして推定（自動）。,https://x.com/asumi_pua,0.4,interpretation,True,"Generated review candidate consolidated from summary, profile_text via mention match '東京'. This is review-only and not part of the canonical graph."
asumi-pua,tokyo-stonan-kai,profile_mention,公開プロフィール・概要・固定ポストの文本から @#東京ストナン会 への言及として推定（自動）。,https://x.com/asumi_pua,0.4,interpretation,True,"Generated review candidate consolidated from summary, profile_text via mention match '#東京ストナン会, 東京ストナン会'. This is review-only and not part of the canonical graph."
atannon-nampa,osaka,activity,公開プロフィール等の文本に活動地域・フィールドとして「大阪」の言及があるとして推定（自動）。,https://x.com/atannon_nampa | https://note.com/peben/n/n020d213fe82e,0.4,interpretation,True,Generated review candidate consolidated from profile_text via mention match '大阪'. This is review-only and not part of the canonical graph.
atari100pua,ataru969,profile_mention,公開プロフィール・概要・固定ポストの文本から @ataru969 への言及として推定（自動）。,https://x.com/atari100pua | https://note.com/ataru969,0.4,interpretation,True,Generated review candidate consolidated from profile_text via mention match 'ataru969'. This is review-only and not part of the canonical graph.
ayato-691,matching-apps,activity,公開プロフィール等の文本に活動地域・フィールドとして「マッチングアプリ」の言及があるとして推定（自動）。,https://x.com/ayato691 | https://lit.link/ayato691,0.4,interpretation,True,"Generated review candidate consolidated from summary, profile_text via mention match 'マッチングアプリ'. This is review-only and not part of the canonical graph."
ayato-691,otaku-pua,profile_mention,公開プロフィール・概要・固定ポストの文本から @オタク への言及として推定（自動）。,https://x.com/ayato691 | https://lit.link/ayato691,0.4,interpretation,True,"Generated review candidate consolidated from summary, profile_text via mention match 'オタク'. This is review-only and not part of the canonical graph."
bakunakioji,tindertips1000,profile_mention,公開プロフィール・概要・固定ポストの文本から @TinderTips1000 への言及として推定（自動）。,https://x.com/bakunakioji | https://lin.ee/SmfOEtb,0.4,interpretation,True,"Generated review candidate consolidated from profile_text via mention match '@TinderTips1000, @tindertips1000, TinderTips1000, tindertips1000'. This is review-only and not part of the canonical graph."
bale-pua,ststst-pua,profile_mention,公開プロフィール・概要・固定ポストの文本から @アシリパ への言及として推定（自動）。,https://x.com/bale_pua,0.4,interpretation,True,"Generated review candidate consolidated from summary, profile_text via mention match 'アシリパ'. This is review-only and not part of the canonical graph."
banabanasan,tokyo,activity,公開プロフィール等の文本に活動地域・フィールドとして「Tokyo」の言及があるとして推定（自動）。,https://x.com/banabanasan | https://lit.link/tachibanasan,0.4,interpretation,True,"Generated review candidate consolidated from summary, profile_text via mention match 'Tokyo, tokyo'. This is review-only and not part of the canonical graph."
banabanasan,kyo,profile_mention,公開プロフィール・概要・固定ポストの文本から @kyo への言及として推定（自動）。,https://x.com/banabanasan | https://lit.link/tachibanasan,0.4,interpretation,True,"Generated review candidate consolidated from summary, profile_text via mention match 'kyo'. This is review-only and not part of the canonical graph."
banabanasan,streetkyo,profile_mention,公開プロフィール・概要・固定ポストの文本から @kyo への言及として推定（自動）。,https://x.com/banabanasan | https://lit.link/tachibanasan,0.4,interpretation,True,"Generated review candidate consolidated from summary, profile_text via mention match 'kyo'. This is review-only and not part of the canonical graph."
be-street-pua,street-pua,profile_mention,公開プロフィール・概要・固定ポストの文本から @street_pua への言及として推定（自動）。,https://x.com/Be_Street_pua,0.4,interpretation,True,Generated review candidate consolidated from profile_text via mention match 'street_pua'. This is review-only and not part of the canonical graph.
betty-boopua,kansai,activity,公開プロフィール等の文本に活動地域・フィールドとして「関西」の言及があるとして推定（自動）。,https://x.com/Betty_boopua,0.4,interpretation,True,"Generated review candidate consolidated from summary, profile_text via mention match '関西'. This is review-only and not part of the canonical graph."
bird-pua,tokyo,activity,公開プロフィール等の文本に活動地域・フィールドとして「東京」の言及があるとして推定（自動）。,https://x.com/bird_pua | https://note.com/fsljk_daisuki/all,0.4,interpretation,True,"Generated review candidate consolidated from summary, profile_text via mention match '東京'. This is review-only and not part of the canonical graph."
bird-pua,rockpua-sub,profile_mention,公開プロフィール・概要・固定ポストの文本から @リー への言及として推定（自動）。,https://x.com/bird_pua | https://note.com/fsljk_daisuki/all,0.4,interpretation,True,"Generated review candidate consolidated from summary, profile_text via mention match 'リー'. This is review-only and not part of the canonical graph."
bluexxxpua,ao-nampa,profile_mention,公開プロフィール・概要・固定ポストの文本から @あお への言及として推定（自動）。,https://x.com/bluexxxpua,0.4,interpretation,True,Generated review candidate consolidated from profile_text via mention match 'あお'. This is review-only and not part of the canonical graph.
boc-125,tokyo,activity,公開プロフィール等の文本に活動地域・フィールドとして「東京」の言及があるとして推定（自動）。,https://x.com/boc_125,0.4,interpretation,True,Generated review candidate consolidated from profile_text via mention match '東京'. This is review-only and not part of the canonical graph.
bonds-wwww,nagoya,activity,公開プロフィール等の文本に活動地域・フィールドとして「Nagoya」の言及があるとして推定（自動）。,https://x.com/Bonds_wwww,0.4,interpretation,True,"Generated review candidate consolidated from profile_text via mention match 'Nagoya, nagoya'. This is review-only and not part of the canonical graph."
bossnn-pua,aizen-pua,profile_mention,公開プロフィール・概要・固定ポストの文本から @aizen_pua への言及として推定（自動）。,https://x.com/bossnn_pua,0.4,interpretation,True,"Generated review candidate consolidated from summary, profile_text via mention match '@aizen_pua, aizen_pua'. This is review-only and not part of the canonical graph."
carbii-pua,rockpua-sub,profile_mention,公開プロフィール・概要・固定ポストの文本から @リー への言及として推定（自動）。,https://x.com/carbii_pua,0.4,interpretation,True,"Generated review candidate consolidated from summary, profile_text via mention match 'リー'. This is review-only and not part of the canonical graph."
chamuranaoto,tokyo,activity,公開プロフィール等の文本に活動地域・フィールドとして「東京」の言及があるとして推定（自動）。,https://x.com/chamuranaoto,0.4,interpretation,True,"Generated review candidate consolidated from summary, profile_text via mention match '東京'. This is review-only and not part of the canonical graph."
chamuranaoto,pua-co,profile_mention,公開プロフィール・概要・固定ポストの文本から @pua_co への言及として推定（自動）。,https://x.com/chamuranaoto,0.4,interpretation,True,"Generated review candidate consolidated from summary, profile_text via mention match '@pua_co, pua_co'. This is review-only and not part of the canonical graph."
chamuranaoto,tokyo-stonan-kai,profile_mention,公開プロフィール・概要・固定ポストの文本から @#東京ストナン会 への言及として推定（自動）。,https://x.com/chamuranaoto,0.4,interpretation,True,"Generated review candidate consolidated from summary, profile_text via mention match '#東京ストナン会, 東京ストナン会'. This is review-only and not part of the canonical graph."
chiba-gqn,rockpua-sub,profile_mention,公開プロフィール・概要・固定ポストの文本から @リー への言及として推定（自動）。,https://x.com/chiba_gqn | https://chi-secret.com/links/,0.4,interpretation,True,"Generated review candidate consolidated from summary, profile_text via mention match 'リー'. This is review-only and not part of the canonical graph."
chiroru-pua,chiroru-pua-main,profile_mention,公開プロフィール・概要・固定ポストの文本から @chiroru_pua への言及として推定（自動）。,https://x.com/chiroru_pua_,0.4,interpretation,True,"Generated review candidate consolidated from summary, profile_text via mention match '@chiroru_pua, chiroru_pua'. This is review-only and not part of the canonical graph."
chiroru-pua-main,chiroru-pua,profile_mention,公開プロフィール・概要・固定ポストの文本から @chiroru_pua への言及として推定（自動）。,https://x.com/chiroru_pua,0.4,interpretation,True,"Generated review candidate consolidated from profile_text via mention match '@chiroru_pua, chiroru_pua'. This is review-only and not part of the canonical graph."
chiroru-pua-main,nonchama-pro,profile_mention,公開プロフィール・概要・固定ポストの文本から @のんちゃま への言及として推定（自動）。,https://x.com/chiroru_pua,0.4,interpretation,True,"Generated review candidate consolidated from summary, profile_text via mention match 'のんちゃま'. This is review-only and not part of the canonical graph."
chiroru-pua-main,yutty-pua,profile_mention,公開プロフィール・概要・固定ポストの文本から @yutty_pua への言及として推定（自動）。,https://x.com/chiroru_pua,0.4,interpretation,True,"Generated review candidate consolidated from summary, profile_text via mention match '@yutty_pua, yutty_pua'. This is review-only and not part of the canonical graph."
chomechome-pua,nsj,influence,公開文本から師匠・参考・影響表明（一致語: nsj）に基づく関係として推定（自動）。,https://x.com/chomechome_pua | https://note.com/chome_chome1919,0.4,interpretation,True,Generated review candidate consolidated from profile_text via mention match 'nsj'. This is review-only and not part of the canonical graph.
chomechome-pua,rockpua-sub,influence,公開文本から師匠・参考・影響表明（一致語: リー）に基づく関係として推定（自動）。,https://x.com/chomechome_pua | https://note.com/chome_chome1919,0.4,interpretation,True,"Generated review candidate consolidated from summary, profile_text via mention match 'リー'. This is review-only and not part of the canonical graph."
choppy-nanpa,bonds-wwww,profile_mention,公開プロフィール・概要・固定ポストの文本から @suke への言及として推定（自動）。,https://x.com/choppy_nanpa,0.4,interpretation,True,"Generated review candidate consolidated from summary, profile_text via mention match 'suke'. This is review-only and not part of the canonical graph."
chouun-pua,ikebukuro,activity,公開プロフィール等の文本に活動地域・フィールドとして「Ikebukuro」の言及があるとして推定（自動）。,https://x.com/chouun_pua | https://tips.jp/u/chouun_pua/a/ikebukuro_howto_pickup,0.4,interpretation,True,"Generated review candidate consolidated from profile_text via mention match 'Ikebukuro, ikebukuro'. This is review-only and not part of the canonical graph."
chouun-pua,rockpua-sub,profile_mention,公開プロフィール・概要・固定ポストの文本から @リー への言及として推定（自動）。,https://x.com/chouun_pua | https://tips.jp/u/chouun_pua/a/ikebukuro_howto_pickup,0.4,interpretation,True,"Generated review candidate consolidated from summary, profile_text via mention match 'リー'. This is review-only and not part of the canonical graph."
cx-lm5,rockpua-sub,profile_mention,公開プロフィール・概要・固定ポストの文本から @リー への言及として推定（自動）。,https://x.com/cx_lm5,0.4,interpretation,True,"Generated review candidate consolidated from summary, profile_text via mention match 'リー'. This is review-only and not part of the canonical graph."
daigakusei-pua,hantenkinoyama,profile_mention,公開プロフィール・概要・固定ポストの文本から @hantenkinoyama への言及として推定（自動）。,https://x.com/daigakusei_pua,0.4,interpretation,True,"Generated review candidate consolidated from summary, profile_text via mention match '@hantenkinoyama, hantenkinoyama'. This is review-only and not part of the canonical graph."
daruma-nnp,kanto,activity,公開プロフィール等の文本に活動地域・フィールドとして「関東」の言及があるとして推定（自動）。,https://x.com/daruma_nnp,0.4,interpretation,True,Generated review candidate consolidated from profile_text via mention match '関東'. This is review-only and not part of the canonical graph.
daruma-nnp,gash01nx,profile_mention,公開プロフィール・概要・固定ポストの文本から @gash01nx への言及として推定（自動）。,https://x.com/daruma_nnp,0.4,interpretation,True,"Generated review candidate consolidated from summary, profile_text via mention match '@gash01nx, Gash01NX, gash01nx'. This is review-only and not part of the canonical graph."
dd-mote,zero-n2,profile_mention,公開プロフィール・概要・固定ポストの文本から @ゼロ への言及として推定（自動）。,https://x.com/dd_mote,0.4,interpretation,True,"Generated review candidate consolidated from summary, profile_text via mention match 'ゼロ'. This is review-only and not part of the canonical graph."
doc-mote,nsj,profile_mention,公開プロフィール・概要・固定ポストの文本から @nsj への言及として推定（自動）。,https://x.com/doc_mote,0.4,interpretation,True,"Generated review candidate consolidated from summary, profile_text via mention match 'nsj'. This is review-only and not part of the canonical graph."
dogma-pua666,kansai,activity,公開プロフィール等の文本に活動地域・フィールドとして「関西」の言及があるとして推定（自動）。,https://x.com/dogmapua666 | https://singlebed666.hatenablog.com/,0.4,interpretation,True,"Generated review candidate consolidated from summary, profile_text via mention match '関西'. This is review-only and not part of the canonical graph."
dogma-pua666,matching-apps,activity,公開プロフィール等の文本に活動地域・フィールドとして「マッチングアプリ」の言及があるとして推定（自動）。,https://x.com/dogmapua666 | https://singlebed666.hatenablog.com/,0.4,interpretation,True,Generated review candidate consolidated from profile_text via mention match 'マッチングアプリ'. This is review-only and not part of the canonical graph.
dogma-pua666,tokyo,activity,公開プロフィール等の文本に活動地域・フィールドとして「東京」の言及があるとして推定（自動）。,https://x.com/dogmapua666 | https://singlebed666.hatenablog.com/,0.4,interpretation,True,Generated review candidate consolidated from profile_text via mention match '東京'. This is review-only and not part of the canonical graph.
doraemon-pua,kei-pua,profile_mention,公開プロフィール・概要・固定ポストの文本から @けい への言及として推定（自動）。,https://x.com/doraemon_pua,0.4,interpretation,True,Generated review candidate consolidated from profile_text via mention match 'けい'. This is review-only and not part of the canonical graph.
doraemon-pua,nonchama-pro,profile_mention,公開プロフィール・概要・固定ポストの文本から @のんちゃま への言及として推定（自動）。,https://x.com/doraemon_pua,0.4,interpretation,True,"Generated review candidate consolidated from summary, profile_text via mention match 'のんちゃま'. This is review-only and not part of the canonical graph."
dt-moteo,zero-n2,profile_mention,公開プロフィール・概要・固定ポストの文本から @ゼロ への言及として推定（自動）。,https://x.com/dt_moteo | https://lin.ee/VfqEBWS,0.4,interpretation,True,"Generated review candidate consolidated from summary, profile_text via mention match 'ゼロ'. This is review-only and not part of the canonical graph."
emuchi-pua,puro-nampa,profile_mention,公開プロフィール・概要・固定ポストの文本から @puro_nanpa への言及として推定（自動）。,https://x.com/emuchi_pua,0.4,interpretation,True,"Generated review candidate consolidated from summary, profile_text via mention match '@puro_nanpa, puro_nanpa'. This is review-only and not part of the canonical graph."
etokyojam,tokyo,activity,公開プロフィール等の文本に活動地域・フィールドとして「Tokyo」の言及があるとして推定（自動）。,https://x.com/etokyojam,0.4,interpretation,True,"Generated review candidate consolidated from summary, profile_text via mention match 'Tokyo, tokyo'. This is review-only and not part of the canonical graph."
etokyojam,kyo,profile_mention,公開プロフィール・概要・固定ポストの文本から @kyo への言及として推定（自動）。,https://x.com/etokyojam,0.4,interpretation,True,"Generated review candidate consolidated from summary, profile_text via mention match 'kyo'. This is review-only and not part of the canonical graph."
etokyojam,streetkyo,profile_mention,公開プロフィール・概要・固定ポストの文本から @kyo への言及として推定（自動）。,https://x.com/etokyojam,0.4,interpretation,True,"Generated review candidate consolidated from summary, profile_text via mention match 'kyo'. This is review-only and not part of the canonical graph."
fami-ver2,kyo,profile_mention,公開プロフィール・概要・固定ポストの文本から @kyo への言及として推定（自動）。,https://x.com/fami_ver2,0.4,interpretation,True,"Generated review candidate consolidated from profile_text via mention match '@kyo, kyo'. This is review-only and not part of the canonical graph."
fami-ver2,street-fami,profile_mention,公開プロフィール・概要・固定ポストの文本から @street_fami への言及として推定（自動）。,https://x.com/fami_ver2,0.4,interpretation,True,"Generated review candidate consolidated from summary, profile_text via mention match '@street_fami, street_Fami, street_fami'. This is review-only and not part of the canonical graph."
fami-ver2,streetkyo,profile_mention,公開プロフィール・概要・固定ポストの文本から @kyo への言及として推定（自動）。,https://x.com/fami_ver2,0.4,interpretation,True,Generated review candidate consolidated from profile_text via mention match 'kyo'. This is review-only and not part of the canonical graph.
feitan-sub,tinder-god,profile_mention,公開プロフィール・概要・固定ポストの文本から @Tinder_god_2 への言及として推定（自動）。,https://x.com/Feitan_sub | https://tips.jp/u/Tinder_god/a/0lYtZhbE,0.4,interpretation,True,"Generated review candidate consolidated from summary, profile_text via mention match '@Tinder_god_2, Tinder_god_2, @tinder_god, tinder_god, フェイタン'. This is review-only and not part of the canonical graph."
ffk0772,matching-apps,activity,公開プロフィール等の文本に活動地域・フィールドとして「マチアプ」の言及があるとして推定（自動）。,https://x.com/FFk0772 | https://www.youtube.com/@ichijo_rin,0.4,interpretation,True,"Generated review candidate consolidated from summary, profile_text via mention match 'マチアプ'. This is review-only and not part of the canonical graph."
foy-jibunmigaki,osaka,activity,公開プロフィール等の文本に活動地域・フィールドとして「大阪」の言及があるとして推定（自動）。,https://x.com/foy_jibunmigaki | https://note.com/foy_jibunmigaki,0.4,interpretation,True,"Generated review candidate consolidated from summary, profile_text via mention match '大阪'. This is review-only and not part of the canonical graph."
foy-jikokensan,foy-jibunmigaki,profile_mention,公開プロフィール・概要・固定ポストの文本から @foy_jibunmigaki への言及として推定（自動）。,https://x.com/foy_jikokensan | https://note.com/foy_jibunmigaki,0.4,interpretation,True,"Generated review candidate consolidated from summary, profile_text via mention match '@foy_jibunmigaki, foy_jibunmigaki'. This is review-only and not part of the canonical graph."
fuku-third,fuku-second,profile_mention,公開プロフィール・概要・固定ポストの文本から @fuku_second への言及として推定（自動）。,https://x.com/fuku_third,0.4,interpretation,True,"Generated review candidate consolidated from summary, profile_text via mention match '@fuku_second, fuku_second'. This is review-only and not part of the canonical graph."
fukunaga-pua,matching-apps,activity,公開プロフィール等の文本に活動地域・フィールドとして「マッチングアプリ」の言及があるとして推定（自動）。,https://x.com/fukunaga_pua | https://tips.jp/u/fukunaga/a/tapple_love,0.4,interpretation,True,Generated review candidate consolidated from profile_text via mention match 'マッチングアプリ'. This is review-only and not part of the canonical graph.
futaro-pua,rockpua-sub,profile_mention,公開プロフィール・概要・固定ポストの文本から @リー への言及として推定（自動）。,https://x.com/futaro_pua | https://www.youtube.com/@user-futaro_pua,0.4,interpretation,True,"Generated review candidate consolidated from summary, profile_text via mention match 'リー'. This is review-only and not part of the canonical graph."
gash01nx,tokyo,activity,公開プロフィール等の文本に活動地域・フィールドとして「東京」の言及があるとして推定（自動）。,https://x.com/Gash01NX | https://note.com/taka815/n/nbe0096a514f6,0.4,interpretation,True,"Generated review candidate consolidated from summary, profile_text via mention match '東京'. This is review-only and not part of the canonical graph."
gash01nx,rockpua-sub,profile_mention,公開プロフィール・概要・固定ポストの文本から @リー への言及として推定（自動）。,https://x.com/Gash01NX | https://note.com/taka815/n/nbe0096a514f6,0.4,interpretation,True,"Generated review candidate consolidated from summary, profile_text via mention match 'リー'. This is review-only and not part of the canonical graph."
gatiikepua,pua-shin,profile_mention,公開プロフィール・概要・固定ポストの文本から @シン への言及として推定（自動）。,https://x.com/gatiikepua,0.4,interpretation,True,Generated review candidate consolidated from profile_text via mention match 'シン'. This is review-only and not part of the canonical graph.
gatiikepua,simba-pua,profile_mention,公開プロフィール・概要・固定ポストの文本から @simba_pua への言及として推定（自動）。,https://x.com/gatiikepua,0.4,interpretation,True,"Generated review candidate consolidated from summary, profile_text via mention match '@simba_pua, Simba_pua, simba_pua, シンバ'. This is review-only and not part of the canonical graph."
genki-japan,omamco-pua2,profile_mention,公開プロフィール・概要・固定ポストの文本から @える への言及として推定（自動）。,https://x.com/genkiforfun | https://lin.ee/5CvMOtg,0.4,interpretation,True,"Generated review candidate consolidated from summary, profile_text via mention match 'える'. This is review-only and not part of the canonical graph."
gintoki-street,minigola-street,profile_mention,公開プロフィール・概要・固定ポストの文本から @minigola_street への言及として推定（自動）。,https://x.com/gintoki_street | https://puasupergolazo.hatenablog.com,0.4,interpretation,True,"Generated review candidate consolidated from summary, profile_text via mention match '@minigola_street, minigola_street'. This is review-only and not part of the canonical graph."
gintoki-street,rockpua-sub,profile_mention,公開プロフィール・概要・固定ポストの文本から @リー への言及として推定（自動）。,https://x.com/gintoki_street | https://puasupergolazo.hatenablog.com,0.4,interpretation,True,"Generated review candidate consolidated from summary, profile_text via mention match 'リー'. This is review-only and not part of the canonical graph."
goda-pua,elsta,profile_mention,公開プロフィール・概要・固定ポストの文本から @えるスタ への言及として推定（自動）。,https://x.com/goda_pua,0.4,interpretation,True,"Generated review candidate consolidated from summary, profile_text via mention match 'えるスタ'. This is review-only and not part of the canonical graph."
goda-pua,omamco-pua2,profile_mention,公開プロフィール・概要・固定ポストの文本から @える への言及として推定（自動）。,https://x.com/goda_pua,0.4,interpretation,True,"Generated review candidate consolidated from summary, profile_text via mention match 'える'. This is review-only and not part of the canonical graph."
gokun-pua,krt,profile_mention,公開プロフィール・概要・固定ポストの文本から @KRT への言及として推定（自動）。,https://x.com/GOKUN_pua,0.4,interpretation,True,"Generated review candidate consolidated from profile_text via mention match '@KRT, @krt, KRT, krt'. This is review-only and not part of the canonical graph."
gokun-pua,kurita-pua,profile_mention,公開プロフィール・概要・固定ポストの文本から @栗田 への言及として推定（自動）。,https://x.com/GOKUN_pua,0.4,interpretation,True,"Generated review candidate consolidated from summary, profile_text via mention match '栗田'. This is review-only and not part of the canonical graph."
gokun-pua,rockpua-sub,profile_mention,公開プロフィール・概要・固定ポストの文本から @リー への言及として推定（自動）。,https://x.com/GOKUN_pua,0.4,interpretation,True,"Generated review candidate consolidated from summary, profile_text via mention match 'リー'. This is review-only and not part of the canonical graph."
gotokyo-shibuya-guide,kyo,collaboration,公開文本から共演・協業・合同表現（一致語: kyo）に基づく交流として推定（自動）。,https://www.gotokyo.org/en/destinations/western-tokyo/shibuya/index.html | https://twitter.com/share?url=https://www.gotokyo.org/en/&text=The%20Official%20Tokyo%20Guide&hashtags=gotokyo,0.4,interpretation,True,Generated review candidate consolidated from profile_text via mention match 'kyo'. This is review-only and not part of the canonical graph.
gotokyo-shibuya-guide,streetkyo,collaboration,公開文本から共演・協業・合同表現（一致語: kyo）に基づく交流として推定（自動）。,https://www.gotokyo.org/en/destinations/western-tokyo/shibuya/index.html | https://twitter.com/share?url=https://www.gotokyo.org/en/&text=The%20Official%20Tokyo%20Guide&hashtags=gotokyo,0.4,interpretation,True,Generated review candidate consolidated from profile_text via mention match 'kyo'. This is review-only and not part of the canonical graph.
gotokyo-shibuya-guide,tokyo,profile_mention,公開プロフィール・概要・固定ポストの文本から @Tokyo への言及として推定（自動）。,https://www.gotokyo.org/en/destinations/western-tokyo/shibuya/index.html | https://twitter.com/share?url=https://www.gotokyo.org/en/&text=The%20Official%20Tokyo%20Guide&hashtags=gotokyo,0.4,interpretation,True,"Generated review candidate consolidated from profile_text via mention match 'Tokyo, tokyo'. This is review-only and not part of the canonical graph."
gotokyo-shinjuku-guide,kyo,profile_mention,公開プロフィール・概要・固定ポストの文本から @kyo への言及として推定（自動）。,https://www.gotokyo.org/en/destinations/western-tokyo/shinjuku/index.html | https://twitter.com/share?url=https://www.gotokyo.org/en/&text=The%20Official%20Tokyo%20Guide&hashtags=gotokyo,0.4,interpretation,True,"Generated review candidate consolidated from summary, profile_text via mention match 'kyo'. This is review-only and not part of the canonical graph."
gotokyo-shinjuku-guide,streetkyo,profile_mention,公開プロフィール・概要・固定ポストの文本から @kyo への言及として推定（自動）。,https://www.gotokyo.org/en/destinations/western-tokyo/shinjuku/index.html | https://twitter.com/share?url=https://www.gotokyo.org/en/&text=The%20Official%20Tokyo%20Guide&hashtags=gotokyo,0.4,interpretation,True,"Generated review candidate consolidated from summary, profile_text via mention match 'kyo'. This is review-only and not part of the canonical graph."
gotokyo-shinjuku-guide,tokyo,profile_mention,公開プロフィール・概要・固定ポストの文本から @Tokyo への言及として推定（自動）。,https://www.gotokyo.org/en/destinations/western-tokyo/shinjuku/index.html | https://twitter.com/share?url=https://www.gotokyo.org/en/&text=The%20Official%20Tokyo%20Guide&hashtags=gotokyo,0.4,interpretation,True,"Generated review candidate consolidated from summary, profile_text via mention match 'Tokyo, tokyo'. This is review-only and not part of the canonical graph."
greed-pua,greed-pua-sub,profile_mention,公開プロフィール・概要・固定ポストの文本から @greed_pua_sub への言及として推定（自動）。,https://x.com/greed_pua,0.4,interpretation,True,"Generated review candidate consolidated from summary, profile_text via mention match '@greed_pua_sub, greed_pua_sub'. This is review-only and not part of the canonical graph."
greed-pua-sub,greed-pua,profile_mention,公開プロフィール・概要・固定ポストの文本から @greed_pua への言及として推定（自動）。,https://x.com/greed_pua_sub,0.4,interpretation,True,"Generated review candidate consolidated from summary, profile_text via mention match '@greed_pua, greed_pua, 強欲'. This is review-only and not part of the canonical graph."
gupy-pua,mtech,profile_mention,公開プロフィール・概要・固定ポストの文本から @mTech への言及として推定（自動）。,https://x.com/gupy_pua,0.4,interpretation,True,"Generated review candidate consolidated from summary, profile_text via mention match 'mTech, mtech'. This is review-only and not part of the canonical graph."
gureran-m3,gureran-m,profile_mention,公開プロフィール・概要・固定ポストの文本から @gureran_m への言及として推定（自動）。,https://x.com/gureran_m3,0.4,interpretation,True,"Generated review candidate consolidated from profile_text via mention match '@gureran_m, gureran_m'. This is review-only and not part of the canonical graph."
hameyuuuu,matching-apps,activity,公開プロフィール等の文本に活動地域・フィールドとして「マッチングアプリ」の言及があるとして推定（自動）。,https://x.com/hameyuuuu | https://hameyu.com/,0.4,interpretation,True,"Generated review candidate consolidated from summary, profile_text via mention match 'マチアプ, マッチングアプリ'. This is review-only and not part of the canonical graph."
hameyuuuu,yato-mote,profile_mention,公開プロフィール・概要・固定ポストの文本から @夜ト への言及として推定（自動）。,https://x.com/hameyuuuu | https://hameyu.com/,0.4,interpretation,True,"Generated review candidate consolidated from summary, profile_text via mention match '夜ト'. This is review-only and not part of the canonical graph."
hanasikikoka,mendako-pua,profile_mention,公開プロフィール・概要・固定ポストの文本から @めんだこ への言及として推定（自動）。,https://x.com/hanasikikoka__,0.4,interpretation,True,"Generated review candidate consolidated from summary, profile_text via mention match 'めんだこ'. This is review-only and not part of the canonical graph."
hancho-pua,omamco-pua2,profile_mention,公開プロフィール・概要・固定ポストの文本から @える への言及として推定（自動）。,https://x.com/hancho_pua,0.4,interpretation,True,"Generated review candidate consolidated from summary, profile_text via mention match 'える'. This is review-only and not part of the canonical graph."
hantenkinoyama,daigakusei-pua,profile_mention,公開プロフィール・概要・固定ポストの文本から @daigakusei_pua への言及として推定（自動）。,https://x.com/hantenkinoyama,0.4,interpretation,True,"Generated review candidate consolidated from summary, profile_text via mention match '@daigakusei_pua, daigakusei_pua'. This is review-only and not part of the canonical graph."
hanzo-prim,matching-apps,activity,公開プロフィール等の文本に活動地域・フィールドとして「マッチングアプリ」の言及があるとして推定（自動）。,https://x.com/hanzo_prim | https://tips.jp/u/hanzo_tips/p/hanzophoto,0.4,interpretation,True,"Generated review candidate consolidated from summary, profile_text via mention match 'マッチングアプリ'. This is review-only and not part of the canonical graph."
hanzo-prim,hanzo-prim-sub,profile_mention,公開プロフィール・概要・固定ポストの文本から @hanzo_prim_sub への言及として推定（自動）。,https://x.com/hanzo_prim | https://tips.jp/u/hanzo_tips/p/hanzophoto,0.4,interpretation,True,"Generated review candidate consolidated from summary, profile_text via mention match '@hanzo_prim_sub, hanzo_prim_sub'. This is review-only and not part of the canonical graph."
hanzo-prim,otaku-pua,profile_mention,公開プロフィール・概要・固定ポストの文本から @オタク への言及として推定（自動）。,https://x.com/hanzo_prim | https://tips.jp/u/hanzo_tips/p/hanzophoto,0.4,interpretation,True,"Generated review candidate consolidated from summary, profile_text via mention match 'オタク'. This is review-only and not part of the canonical graph."
hanzo-prim-sub,matching-apps,activity,公開プロフィール等の文本に活動地域・フィールドとして「マッチングアプリ」の言及があるとして推定（自動）。,https://x.com/hanzo_prim_sub,0.4,interpretation,True,Generated review candidate consolidated from profile_text via mention match 'マッチングアプリ'. This is review-only and not part of the canonical graph.
hanzo-prim-sub,hanzo-prim,profile_mention,公開プロフィール・概要・固定ポストの文本から @hanzo_prim への言及として推定（自動）。,https://x.com/hanzo_prim_sub,0.4,interpretation,True,"Generated review candidate consolidated from summary, profile_text via mention match '@hanzo_prim, hanzo_prim'. This is review-only and not part of the canonical graph."
happy0210h,rockpua-sub,profile_mention,公開プロフィール・概要・固定ポストの文本から @リー への言及として推定（自動）。,https://x.com/happy0210h,0.4,interpretation,True,"Generated review candidate consolidated from summary, profile_text via mention match 'リー'. This is review-only and not part of the canonical graph."
hapuchantinder,hapuchan,profile_mention,公開プロフィール・概要・固定ポストの文本から @hapuchan への言及として推定（自動）。,https://x.com/hapuchantinder,0.4,interpretation,True,"Generated review candidate consolidated from summary, profile_text via mention match '@hapuchan, hapuchan'. This is review-only and not part of the canonical graph."
harper-0512,matching-apps,activity,公開プロフィール等の文本に活動地域・フィールドとして「マッチングアプリ」の言及があるとして推定（自動）。,https://x.com/harper0512 | https://line.me/ti/g2/WTYDOSvVIUEkqD7xO8RDVY_iqezfaInVSEMELg?utm_source=invitation&utm_medium=link_copy&utm_campaign=default,0.4,interpretation,True,"Generated review candidate consolidated from summary, profile_text via mention match 'マッチングアプリ'. This is review-only and not part of the canonical graph."
hase3nox,mendako-pua,profile_mention,公開プロフィール・概要・固定ポストの文本から @めんだこ への言及として推定（自動）。,https://x.com/hase3nox,0.4,interpretation,True,"Generated review candidate consolidated from summary, profile_text via mention match 'めんだこ'. This is review-only and not part of the canonical graph."
hayato-pua,osaka,activity,公開プロフィール等の文本に活動地域・フィールドとして「大阪」の言及があるとして推定（自動）。,https://x.com/Hayato_pua | https://note.com/hayato_pua,0.4,interpretation,True,"Generated review candidate consolidated from summary, profile_text via mention match '大阪'. This is review-only and not part of the canonical graph."
hayato-pua,shibuya,activity,公開プロフィール等の文本に活動地域・フィールドとして「渋谷」の言及があるとして推定（自動）。,https://x.com/Hayato_pua | https://note.com/hayato_pua,0.4,interpretation,True,"Generated review candidate consolidated from summary, profile_text via mention match '渋谷'. This is review-only and not part of the canonical graph."
hayato-pua,tokyo,activity,公開プロフィール等の文本に活動地域・フィールドとして「東京」の言及があるとして推定（自動）。,https://x.com/Hayato_pua | https://note.com/hayato_pua,0.4,interpretation,True,"Generated review candidate consolidated from summary, profile_text via mention match '東京'. This is review-only and not part of the canonical graph."
himotenohoshi,osaka,activity,公開プロフィール等の文本に活動地域・フィールドとして「大阪」の言及があるとして推定（自動）。,https://x.com/himotenohoshi | https://brain-market.com/u/takuya078934/a/bzgDO1IjMgoTZsNWa0JXY,0.4,interpretation,True,"Generated review candidate consolidated from summary, profile_text via mention match '大阪'. This is review-only and not part of the canonical graph."
himotenohoshi,tokyo,activity,公開プロフィール等の文本に活動地域・フィールドとして「東京」の言及があるとして推定（自動）。,https://x.com/himotenohoshi | https://brain-market.com/u/takuya078934/a/bzgDO1IjMgoTZsNWa0JXY,0.4,interpretation,True,"Generated review candidate consolidated from summary, profile_text via mention match '東京'. This is review-only and not part of the canonical graph."
himotenohoshi,utaa-pua,profile_mention,公開プロフィール・概要・固定ポストの文本から @うた への言及として推定（自動）。,https://x.com/himotenohoshi | https://brain-market.com/u/takuya078934/a/bzgDO1IjMgoTZsNWa0JXY,0.4,interpretation,True,"Generated review candidate consolidated from summary, profile_text via mention match 'うた'. This is review-only and not part of the canonical graph."
inpsub,ryepua,profile_mention,公開プロフィール・概要・固定ポストの文本から @ryepua への言及として推定（自動）。,https://x.com/inpsub,0.4,interpretation,True,"Generated review candidate consolidated from summary, profile_text via mention match '@ryepua, ryepua'. This is review-only and not part of the canonical graph."
inumaki-pua,rockpua-sub,profile_mention,公開プロフィール・概要・固定ポストの文本から @リー への言及として推定（自動）。,https://x.com/inumaki_pua,0.4,interpretation,True,"Generated review candidate consolidated from summary, profile_text via mention match 'リー'. This is review-only and not part of the canonical graph."
jaws-girlhunter,tokyo,activity,公開プロフィール等の文本に活動地域・フィールドとして「東京」の言及があるとして推定（自動）。,https://x.com/jaws_girlhunter,0.4,interpretation,True,"Generated review candidate consolidated from summary, profile_text via mention match '東京'. This is review-only and not part of the canonical graph."
jaws-girlhunter,tokyo-stonan-kai,profile_mention,公開プロフィール・概要・固定ポストの文本から @#東京ストナン会 への言及として推定（自動）。,https://x.com/jaws_girlhunter,0.4,interpretation,True,"Generated review candidate consolidated from summary, profile_text via mention match '#東京ストナン会, 東京ストナン会'. This is review-only and not part of the canonical graph."
kageki-ashura,shinjuku,activity,公開プロフィール等の文本に活動地域・フィールドとして「@shinjuku」の言及があるとして推定（自動）。,https://x.com/kageki_ashura | https://s.lmes.jp/landing-qr/2002174017-8K5bzBro?uLand=ZLkojw,0.4,interpretation,True,"Generated review candidate consolidated from summary, profile_text via mention match '@shinjuku, Shinjuku, shinjuku'. This is review-only and not part of the canonical graph."
kageki-ashura,mote-ren-ai7,profile_mention,公開プロフィール・概要・固定ポストの文本から @mote_ren_ai7 への言及として推定（自動）。,https://x.com/kageki_ashura | https://s.lmes.jp/landing-qr/2002174017-8K5bzBro?uLand=ZLkojw,0.4,interpretation,True,"Generated review candidate consolidated from summary, profile_text via mention match '@mote_ren_ai7, mote_ren_ai7'. This is review-only and not part of the canonical graph."
kageki-ashura,shinjukuashura,profile_mention,公開プロフィール・概要・固定ポストの文本から @shinjukuashura への言及として推定（自動）。,https://x.com/kageki_ashura | https://s.lmes.jp/landing-qr/2002174017-8K5bzBro?uLand=ZLkojw,0.4,interpretation,True,"Generated review candidate consolidated from summary, profile_text via mention match '@shinjukuashura, ShinjukuAshura, shinjukuashura'. This is review-only and not part of the canonical graph."
kaiser-pua,mendako-pua,profile_mention,公開プロフィール・概要・固定ポストの文本から @mendako_pua への言及として推定（自動）。,https://x.com/kaiser_pua,0.4,interpretation,True,"Generated review candidate consolidated from summary, profile_text via mention match '@mendako_pua, mendako_pua'. This is review-only and not part of the canonical graph."
kanbee-pua,kanto,activity,公開プロフィール等の文本に活動地域・フィールドとして「関東」の言及があるとして推定（自動）。,https://x.com/kanbee_pua,0.4,interpretation,True,"Generated review candidate consolidated from summary, profile_text via mention match '関東'. This is review-only and not part of the canonical graph."
karearitaberu,omamco-pua2,profile_mention,公開プロフィール・概要・固定ポストの文本から @える への言及として推定（自動）。,https://x.com/karearitaberu | https://querie.me/user/karearitaberu,0.4,interpretation,True,"Generated review candidate consolidated from summary, profile_text via mention match 'える'. This is review-only and not part of the canonical graph."
katsuki-seikei,katsuki-seike,profile_mention,公開プロフィール・概要・固定ポストの文本から @katsuki_seike への言及として推定（自動）。,https://x.com/katsuki_seikei,0.4,interpretation,True,"Generated review candidate consolidated from profile_text via mention match '@katsuki_seike, katsuki_seike'. This is review-only and not part of the canonical graph."
kawae0021,matching-apps,activity,公開プロフィール等の文本に活動地域・フィールドとして「マッチングアプリ」の言及があるとして推定（自動）。,https://x.com/kawae0021 | https://youtube.com/@kawaeirenai?si=yaW95nl1nI-ZY-_d,0.4,interpretation,True,"Generated review candidate consolidated from summary, profile_text via mention match 'マッチングアプリ'. This is review-only and not part of the canonical graph."
kayakkupua,kayakkupuasub,profile_mention,公開プロフィール・概要・固定ポストの文本から @kayakkupuasub への言及として推定（自動）。,https://x.com/kayakkupua | https://tips.jp/s/u1BTeX,0.4,interpretation,True,"Generated review candidate consolidated from summary, profile_text via mention match '@kayakkupuasub, kayakkupuasub'. This is review-only and not part of the canonical graph."
kayakkupuasub,kayakkupua,profile_mention,公開プロフィール・概要・固定ポストの文本から @kayakkupua への言及として推定（自動）。,https://x.com/kayakkupuasub,0.4,interpretation,True,"Generated review candidate consolidated from summary, profile_text via mention match '@kayakkupua, kayakkupua'. This is review-only and not part of the canonical graph."
kazama-0425,matching-apps,activity,公開プロフィール等の文本に活動地域・フィールドとして「マチアプ」の言及があるとして推定（自動）。,https://x.com/kazama_0425,0.4,interpretation,True,"Generated review candidate consolidated from summary, profile_text via mention match 'マチアプ'. This is review-only and not part of the canonical graph."
kazama-player,kazama-0425,profile_mention,公開プロフィール・概要・固定ポストの文本から @kazama_0425 への言及として推定（自動）。,https://x.com/kazama_player,0.4,interpretation,True,"Generated review candidate consolidated from summary, profile_text via mention match '@kazama_0425, kazama_0425'. This is review-only and not part of the canonical graph."
kazu-consult,one,profile_mention,公開プロフィール・概要・固定ポストの文本から @ONE への言及として推定（自動）。,https://x.com/Kazu_Consult,0.4,interpretation,True,"Generated review candidate consolidated from profile_text via mention match '@ONE, @one, ONE, one'. This is review-only and not part of the canonical graph."
kazunanpa,kazunanpa2,profile_mention,公開プロフィール・概要・固定ポストの文本から @kazunanpa2 への言及として推定（自動）。,https://x.com/kazunanpa,0.4,interpretation,True,"Generated review candidate consolidated from summary, profile_text via mention match '@kazunanpa2, kazunanpa2'. This is review-only and not part of the canonical graph."
kazunanpa,yutty-pua,profile_mention,公開プロフィール・概要・固定ポストの文本から @yutty_pua への言及として推定（自動）。,https://x.com/kazunanpa,0.4,interpretation,True,"Generated review candidate consolidated from summary, profile_text via mention match '@yutty_pua, yutty_pua'. This is review-only and not part of the canonical graph."
kazunanpa2,kazunanpa,profile_mention,公開プロフィール・概要・固定ポストの文本から @kazunanpa への言及として推定（自動）。,https://x.com/kazunanpa2,0.4,interpretation,True,"Generated review candidate consolidated from summary, profile_text via mention match '@kazunanpa, kazunanpa'. This is review-only and not part of the canonical graph."
kei-male-apex,kei-pua,profile_mention,公開プロフィール・概要・固定ポストの文本から @けい への言及として推定（自動）。,https://x.com/kei_male_apex | https://note.com/kei_nanpa/n/naf8692d6b748,0.4,interpretation,True,Generated review candidate consolidated from profile_text via mention match 'けい'. This is review-only and not part of the canonical graph.
kei-male-apex,omamco-pua2,profile_mention,公開プロフィール・概要・固定ポストの文本から @える への言及として推定（自動）。,https://x.com/kei_male_apex | https://note.com/kei_nanpa/n/naf8692d6b748,0.4,interpretation,True,"Generated review candidate consolidated from summary, profile_text via mention match 'える'. This is review-only and not part of the canonical graph."
kei-nanpa,osaka,activity,公開プロフィール等の文本に活動地域・フィールドとして「大阪」の言及があるとして推定（自動）。,https://x.com/kei_nanpa,0.4,interpretation,True,"Generated review candidate consolidated from summary, profile_text via mention match '大阪'. This is review-only and not part of the canonical graph."
kei-nanpa,kei-pua,profile_mention,公開プロフィール・概要・固定ポストの文本から @けい への言及として推定（自動）。,https://x.com/kei_nanpa,0.4,interpretation,True,Generated review candidate consolidated from profile_text via mention match 'けい'. This is review-only and not part of the canonical graph.
kei-pua,eb6lx,profile_mention,公開プロフィール・概要・固定ポストの文本から @eb6lx への言及として推定（自動）。,https://x.com/kei__pua,0.4,interpretation,True,"Generated review candidate consolidated from summary, profile_text via mention match '@eb6lx, eb6lx'. This is review-only and not part of the canonical graph."
kenichi-pua,matching-apps,activity,公開プロフィール等の文本に活動地域・フィールドとして「マッチングアプリ」の言及があるとして推定（自動）。,https://x.com/kenichi_pua | https://lin.ee/UugOeAk,0.4,interpretation,True,"Generated review candidate consolidated from summary, profile_text via mention match 'マッチングアプリ'. This is review-only and not part of the canonical graph."
kgori-0412,bonds-wwww,profile_mention,公開プロフィール・概要・固定ポストの文本から @suke への言及として推定（自動）。,https://x.com/kgori_0412 | https://line.me/R/ti/p/@080uuzcs,0.4,interpretation,True,Generated review candidate consolidated from profile_text via mention match 'suke'. This is review-only and not part of the canonical graph.
kibaaaana,idiot-pua,profile_mention,公開プロフィール・概要・固定ポストの文本から @aaa への言及として推定（自動）。,https://x.com/kibaaaana | https://note.com/kibana1031/,0.4,interpretation,True,Generated review candidate consolidated from profile_text via mention match 'aaa'. This is review-only and not part of the canonical graph.
kimu-himitsu2,4meakg,profile_mention,公開プロフィール・概要・固定ポストの文本から @4meakg への言及として推定（自動）。,https://x.com/kimu__himitsu2,0.4,interpretation,True,"Generated review candidate consolidated from summary, profile_text via mention match '@4meakg, 4meakg'. This is review-only and not part of the canonical graph."
kimu-himitsu2,like-himitsu,profile_mention,公開プロフィール・概要・固定ポストの文本から @like_himitsu への言及として推定（自動）。,https://x.com/kimu__himitsu2,0.4,interpretation,True,"Generated review candidate consolidated from summary, profile_text via mention match '@like_himitsu, like_himitsu'. This is review-only and not part of the canonical graph."
kimu-himitsu2,ziyuunotsubasa1,profile_mention,公開プロフィール・概要・固定ポストの文本から @ziyuunotsubasa1 への言及として推定（自動）。,https://x.com/kimu__himitsu2,0.4,interpretation,True,"Generated review candidate consolidated from summary, profile_text via mention match '@ziyuunotsubasa1, ziyuunotsubasa1'. This is review-only and not part of the canonical graph."
kiri-stomach,rockpua-sub,profile_mention,公開プロフィール・概要・固定ポストの文本から @リー への言及として推定（自動）。,https://x.com/KiriStomach,0.4,interpretation,True,Generated review candidate consolidated from profile_text via mention match 'リー'. This is review-only and not part of the canonical graph.
komanyan28,tokyo,activity,公開プロフィール等の文本に活動地域・フィールドとして「東京」の言及があるとして推定（自動）。,https://x.com/komanyan28,0.4,interpretation,True,Generated review candidate consolidated from profile_text via mention match '東京'. This is review-only and not part of the canonical graph.
komanyan28,kira-pua7,profile_mention,公開プロフィール・概要・固定ポストの文本から @キラ への言及として推定（自動）。,https://x.com/komanyan28,0.4,interpretation,True,"Generated review candidate consolidated from summary, profile_text via mention match 'キラ'. This is review-only and not part of the canonical graph."
konkatsu-nanpa,rui0808-pua,profile_mention,公開プロフィール・概要・固定ポストの文本から @ルイ への言及として推定（自動）。,https://x.com/konkatsu_nanpa | https://note.com/konkatsu_nanpa/n/n6ee667f7e4af,0.4,interpretation,True,"Generated review candidate consolidated from summary, profile_text via mention match 'ルイ'. This is review-only and not part of the canonical graph."
korilla-pua,matching-apps,activity,公開プロフィール等の文本に活動地域・フィールドとして「マッチングアプリ」の言及があるとして推定（自動）。,https://x.com/korilla_pua | https://tips.jp/s/a15OMM,0.4,interpretation,True,"Generated review candidate consolidated from summary, profile_text via mention match 'マッチングアプリ'. This is review-only and not part of the canonical graph."
kuma-661,kansai,activity,公開プロフィール等の文本に活動地域・フィールドとして「関西」の言及があるとして推定（自動）。,https://x.com/kuma661 | https://note.com/iwkm,0.4,interpretation,True,Generated review candidate consolidated from profile_text via mention match '関西'. This is review-only and not part of the canonical graph.
kurita-pua,sub-kurita,profile_mention,公開プロフィール・概要・固定ポストの文本から @sub_kurita への言及として推定（自動）。,https://x.com/kurita_pua | https://note.com/kurita_pua,0.4,interpretation,True,"Generated review candidate consolidated from summary, profile_text via mention match '@sub_kurita, sub_kurita'. This is review-only and not part of the canonical graph."
kuroiwa-45,matching-apps,activity,公開プロフィール等の文本に活動地域・フィールドとして「マッチングアプリ」の言及があるとして推定（自動）。,https://x.com/kuroiwa_45 | https://lin.ee/IgaxiPU,0.4,interpretation,True,"Generated review candidate consolidated from summary, profile_text via mention match 'マッチングアプリ'. This is review-only and not part of the canonical graph."
kuroiwa-45,otaku-pua,profile_mention,公開プロフィール・概要・固定ポストの文本から @オタク への言及として推定（自動）。,https://x.com/kuroiwa_45 | https://lin.ee/IgaxiPU,0.4,interpretation,True,"Generated review candidate consolidated from summary, profile_text via mention match 'オタク'. This is review-only and not part of the canonical graph."
kuroiwa-sub,kuroiwa-45,profile_mention,公開プロフィール・概要・固定ポストの文本から @kuroiwa_45 への言及として推定（自動）。,https://x.com/kuroiwa_sub | https://lin.ee/qRqCwRO,0.4,interpretation,True,"Generated review candidate consolidated from summary, profile_text via mention match '@kuroiwa_45, kuroiwa_45'. This is review-only and not part of the canonical graph."
kurosaka-pua,osaka,activity,公開プロフィール等の文本に活動地域・フィールドとして「Osaka」の言及があるとして推定（自動）。,https://x.com/kurosaka_pua | https://www.youtube.com/@kurosaka_pua_with_you,0.4,interpretation,True,"Generated review candidate consolidated from profile_text via mention match 'Osaka, osaka'. This is review-only and not part of the canonical graph."
kurosaka-pua,kurosaka-pua-wi,profile_mention,公開プロフィール・概要・固定ポストの文本から @kurosaka_pua_with_you への言及として推定（自動）。,https://x.com/kurosaka_pua | https://www.youtube.com/@kurosaka_pua_with_you,0.4,interpretation,True,"Generated review candidate consolidated from profile_text via mention match 'kurosaka_pua_with_you, @kurosaka_pua_wi, kurosaka_pua_wi'. This is review-only and not part of the canonical graph."
kurosaka-pua-wi,osaka,activity,公開プロフィール等の文本に活動地域・フィールドとして「Osaka」の言及があるとして推定（自動）。,https://x.com/kurosaka_pua_wi,0.4,interpretation,True,"Generated review candidate consolidated from summary, profile_text via mention match 'Osaka, osaka'. This is review-only and not part of the canonical graph."
kurosaka-pua-wi,kurosaka-pua,profile_mention,公開プロフィール・概要・固定ポストの文本から @kurosaka_pua への言及として推定（自動）。,https://x.com/kurosaka_pua_wi,0.4,interpretation,True,"Generated review candidate consolidated from summary, profile_text via mention match '@kurosaka_pua, kurosaka_pua'. This is review-only and not part of the canonical graph."
kurosakikun,matching-apps,activity,公開プロフィール等の文本に活動地域・フィールドとして「マッチングアプリ」の言及があるとして推定（自動）。,https://x.com/kurosakikun___ | https://x.gd/8fT5D,0.4,interpretation,True,"Generated review candidate consolidated from summary, profile_text via mention match 'マッチングアプリ'. This is review-only and not part of the canonical graph."
kurosakikun,k-932654,profile_mention,公開プロフィール・概要・固定ポストの文本から @k_932654 への言及として推定（自動）。,https://x.com/kurosakikun___ | https://x.gd/8fT5D,0.4,interpretation,True,"Generated review candidate consolidated from summary, profile_text via mention match '@k_932654, K_932654, k_932654'. This is review-only and not part of the canonical graph."
liberty-pai,matching-apps,activity,公開プロフィール等の文本に活動地域・フィールドとして「マッチングアプリ」の言及があるとして推定（自動）。,https://x.com/liberty_pai,0.4,interpretation,True,"Generated review candidate consolidated from summary, profile_text via mention match 'マッチングアプリ'. This is review-only and not part of the canonical graph."
lillard-motetai,rockpua-sub,profile_mention,公開プロフィール・概要・固定ポストの文本から @リー への言及として推定（自動）。,https://x.com/lillard_motetai,0.4,interpretation,True,"Generated review candidate consolidated from summary, profile_text via mention match 'リー'. This is review-only and not part of the canonical graph."
lonely-stonan,one,profile_mention,公開プロフィール・概要・固定ポストの文本から @ONE への言及として推定（自動）。,https://x.com/lonely_stonan,0.4,interpretation,True,"Generated review candidate consolidated from profile_text via mention match 'ONE, one'. This is review-only and not part of the canonical graph."
mabonasu-pua,nagoya,activity,公開プロフィール等の文本に活動地域・フィールドとして「Nagoya」の言及があるとして推定（自動）。,https://x.com/mabonasu_pua,0.4,interpretation,True,"Generated review candidate consolidated from profile_text via mention match 'Nagoya, nagoya'. This is review-only and not part of the canonical graph."
machapua3,xcandee,profile_mention,公開プロフィール・概要・固定ポストの文本から @_xCandee への言及として推定（自動）。,https://x.com/machapua3 | https://marshmallow-qa.com/r5y03fqthla6396?t=tVNE7G&utm_medium=url_text&utm_source=promotion,0.4,interpretation,True,"Generated review candidate consolidated from summary, profile_text via mention match '@_xCandee, _xCandee, xcandee'. This is review-only and not part of the canonical graph."
mamemame-nanpa,motemaga-japan,profile_mention,公開プロフィール・概要・固定ポストの文本から @motemagajapan への言及として推定（自動）。,https://x.com/mamemame_nanpa | https://kuro-mame.com/,0.4,interpretation,True,"Generated review candidate consolidated from summary, profile_text via mention match '@motemagajapan, motemagajapan'. This is review-only and not part of the canonical graph."
mamemame-nanpa,omamco-pua2,profile_mention,公開プロフィール・概要・固定ポストの文本から @える への言及として推定（自動）。,https://x.com/mamemame_nanpa | https://kuro-mame.com/,0.4,interpretation,True,"Generated review candidate consolidated from summary, profile_text via mention match 'える'. This is review-only and not part of the canonical graph."
mange-daisuke,bonds-wwww,profile_mention,公開プロフィール・概要・固定ポストの文本から @suke への言及として推定（自動）。,https://x.com/mange_daisuke,0.4,interpretation,True,"Generated review candidate consolidated from summary, profile_text via mention match 'suke'. This is review-only and not part of the canonical graph."
marifax-pua,pochama-tuwaou,profile_mention,公開プロフィール・概要・固定ポストの文本から @ポチャマ への言及として推定（自動）。,https://x.com/marifax_pua,0.4,interpretation,True,Generated review candidate consolidated from profile_text via mention match 'ポチャマ'. This is review-only and not part of the canonical graph.
maruoooon-pua,gureran-m,profile_mention,公開プロフィール・概要・固定ポストの文本から @gureran_m への言及として推定（自動）。,https://x.com/maruoooon_pua | https://togetter.com/li/2108689,0.4,interpretation,True,"Generated review candidate consolidated from summary, profile_text via mention match '@gureran_m, gureran_m'. This is review-only and not part of the canonical graph."
mayuge-mbh,mbh-5,profile_mention,公開プロフィール・概要・固定ポストの文本から @MBH_5 への言及として推定（自動）。,https://x.com/mayuge_mbh,0.4,interpretation,True,"Generated review candidate consolidated from profile_text via mention match '@MBH_5, @mbh_5, MBH_5, mbh_5'. This is review-only and not part of the canonical graph."
mendako-pua,matching-apps,activity,公開プロフィール等の文本に活動地域・フィールドとして「マッチングアプリ」の言及があるとして推定（自動）。,https://x.com/mendako_pua,0.4,interpretation,True,"Generated review candidate consolidated from summary, profile_text via mention match 'マッチングアプリ'. This is review-only and not part of the canonical graph."
mentaikopua-oji,shibuya,activity,公開プロフィール等の文本に活動地域・フィールドとして「渋谷」の言及があるとして推定（自動）。,https://x.com/mentaikopua_oji,0.4,interpretation,True,"Generated review candidate consolidated from summary, profile_text via mention match '渋谷'. This is review-only and not part of the canonical graph."
mentaikopua-oji,rockpua-sub,profile_mention,公開プロフィール・概要・固定ポストの文本から @リー への言及として推定（自動）。,https://x.com/mentaikopua_oji,0.4,interpretation,True,"Generated review candidate consolidated from summary, profile_text via mention match 'リー'. This is review-only and not part of the canonical graph."
mikeymikey0601,mikeynosub,profile_mention,公開プロフィール・概要・固定ポストの文本から @mikeynosub への言及として推定（自動）。,https://x.com/mikeymikey0601 | https://lin.ee/ycpXuaJ,0.4,interpretation,True,"Generated review candidate consolidated from summary, profile_text via mention match '@mikeynosub, mikeynosub'. This is review-only and not part of the canonical graph."
mikeynosub,mikeymikey0601,profile_mention,公開プロフィール・概要・固定ポストの文本から @mikeymikey0601 への言及として推定（自動）。,https://x.com/mikeynosub,0.4,interpretation,True,"Generated review candidate consolidated from summary, profile_text via mention match '@mikeymikey0601, mikeymikey0601'. This is review-only and not part of the canonical graph."
mikky-motecoach,mky-match,profile_mention,公開プロフィール・概要・固定ポストの文本から @mky_match への言及として推定（自動）。,https://x.com/mikky_motecoach | https://note.com/mickey_11/n/n609a94027cc2?sub_rt=share_pw,0.4,interpretation,True,"Generated review candidate consolidated from summary, profile_text via mention match '@mky_match, mky_match'. This is review-only and not part of the canonical graph."
minato-pua,tokyo,activity,公開プロフィール等の文本に活動地域・フィールドとして「東京」の言及があるとして推定（自動）。,https://x.com/minato_pua,0.4,interpretation,True,"Generated review candidate consolidated from summary, profile_text via mention match '東京'. This is review-only and not part of the canonical graph."
minorun-ceo,syahudearu,profile_mention,公開プロフィール・概要・固定ポストの文本から @syahudearu への言及として推定（自動）。,https://x.com/minorun_ceo | https://note.com/preview/nb259f9784320?prev_access_key=cbbf71f392b0a8c7887fde6930ace3be,0.4,interpretation,True,"Generated review candidate consolidated from summary, profile_text via mention match '@syahudearu, syahudearu'. This is review-only and not part of the canonical graph."
miraitinder4545,miraitinder6969,profile_mention,公開プロフィール・概要・固定ポストの文本から @miraitinder6969 への言及として推定（自動）。,https://x.com/miraitinder4545,0.4,interpretation,True,"Generated review candidate consolidated from summary, profile_text via mention match '@miraitinder6969, miraitinder6969, みらい🚂'. This is review-only and not part of the canonical graph."
miraitinder6969,matching-apps,activity,公開プロフィール等の文本に活動地域・フィールドとして「マッチングアプリ」の言及があるとして推定（自動）。,https://x.com/miraitinder6969 | https://note.com/future1919,0.4,interpretation,True,"Generated review candidate consolidated from summary, profile_text via mention match 'マッチングアプリ'. This is review-only and not part of the canonical graph."
miraitinder6969,miraitinder4545,profile_mention,公開プロフィール・概要・固定ポストの文本から @miraitinder4545 への言及として推定（自動）。,https://x.com/miraitinder6969 | https://note.com/future1919,0.4,interpretation,True,"Generated review candidate consolidated from summary, profile_text via mention match '@miraitinder4545, miraitinder4545'. This is review-only and not part of the canonical graph."
mky-match,matching-apps,activity,公開プロフィール等の文本に活動地域・フィールドとして「マッチングアプリ」の言及があるとして推定（自動）。,https://x.com/mky_match | https://note.com/mickey_11/n/n609a94027cc2?sub_rt=share_pw,0.4,interpretation,True,"Generated review candidate consolidated from summary, profile_text via mention match 'マッチングアプリ'. This is review-only and not part of the canonical graph."
mky-match,mikky-motecoach,profile_mention,公開プロフィール・概要・固定ポストの文本から @mikky_motecoach への言及として推定（自動）。,https://x.com/mky_match | https://note.com/mickey_11/n/n609a94027cc2?sub_rt=share_pw,0.4,interpretation,True,"Generated review candidate consolidated from summary, profile_text via mention match '@mikky_motecoach, mikky_motecoach, みっきー'. This is review-only and not part of the canonical graph."
molmol-1919,tenma-pua,profile_mention,公開プロフィール・概要・固定ポストの文本から @天馬 への言及として推定（自動）。,https://x.com/molmol1919 | https://note.com/molmol1919/,0.4,interpretation,True,"Generated review candidate consolidated from summary, profile_text via mention match '天馬'. This is review-only and not part of the canonical graph."
mote-hair00,shibuya,activity,公開プロフィール等の文本に活動地域・フィールドとして「渋谷区」の言及があるとして推定（自動）。,https://x.com/mote_hair00,0.4,interpretation,True,"Generated review candidate consolidated from profile_text via mention match '渋谷区, 渋谷'. This is review-only and not part of the canonical graph."
mote-hair00,tokyo,activity,公開プロフィール等の文本に活動地域・フィールドとして「東京」の言及があるとして推定（自動）。,https://x.com/mote_hair00,0.4,interpretation,True,Generated review candidate consolidated from profile_text via mention match '東京'. This is review-only and not part of the canonical graph.
mote-hair00,idol-project00,profile_mention,公開プロフィール・概要・固定ポストの文本から @idol_project00 への言及として推定（自動）。,https://x.com/mote_hair00,0.4,interpretation,True,"Generated review candidate consolidated from summary, profile_text via mention match '@idol_project00, IDOL_project00, idol_project00'. This is review-only and not part of the canonical graph."
mote-hair00,mikky-motecoach,profile_mention,公開プロフィール・概要・固定ポストの文本から @mikky_motecoach への言及として推定（自動）。,https://x.com/mote_hair00,0.4,interpretation,True,"Generated review candidate consolidated from summary, profile_text via mention match '@mikky_motecoach, mikky_motecoach'. This is review-only and not part of the canonical graph."
mote-hair00,rockpua-sub,profile_mention,公開プロフィール・概要・固定ポストの文本から @リー への言及として推定（自動）。,https://x.com/mote_hair00,0.4,interpretation,True,"Generated review candidate consolidated from summary, profile_text via mention match 'リー'. This is review-only and not part of the canonical graph."
mote-ren-ai7,shinjuku,activity,公開プロフィール等の文本に活動地域・フィールドとして「@shinjuku」の言及があるとして推定（自動）。,https://x.com/mote_ren_ai7 | https://s.lmes.jp/landing-qr/2002174017-8K5bzBro?uLand=ZLkojw,0.4,interpretation,True,"Generated review candidate consolidated from summary, profile_text via mention match '@shinjuku, Shinjuku, shinjuku'. This is review-only and not part of the canonical graph."
mote-ren-ai7,kageki-ashura,profile_mention,公開プロフィール・概要・固定ポストの文本から @kageki_ashura への言及として推定（自動）。,https://x.com/mote_ren_ai7 | https://s.lmes.jp/landing-qr/2002174017-8K5bzBro?uLand=ZLkojw,0.4,interpretation,True,"Generated review candidate consolidated from summary, profile_text via mention match '@kageki_ashura, kageki_ashura'. This is review-only and not part of the canonical graph."
mote-ren-ai7,shinjukuashura,profile_mention,公開プロフィール・概要・固定ポストの文本から @shinjukuashura への言及として推定（自動）。,https://x.com/mote_ren_ai7 | https://s.lmes.jp/landing-qr/2002174017-8K5bzBro?uLand=ZLkojw,0.4,interpretation,True,"Generated review candidate consolidated from summary, profile_text via mention match '@shinjukuashura, ShinjukuAshura, shinjukuashura'. This is review-only and not part of the canonical graph."
motebody-pua,kanto,activity,公開プロフィール等の文本に活動地域・フィールドとして「関東」の言及があるとして推定（自動）。,https://x.com/motebody_pua,0.4,interpretation,True,Generated review candidate consolidated from profile_text via mention match '関東'. This is review-only and not part of the canonical graph.
motezoh-biz,chikio-nmp,profile_mention,公開プロフィール・概要・固定ポストの文本から @chikio_nmp への言及として推定（自動）。,https://x.com/motezoh_biz,0.4,interpretation,True,"Generated review candidate consolidated from summary, profile_text via mention match '@chikio_nmp, chikio_NMP, chikio_nmp, もてゾウ'. This is review-only and not part of the canonical graph."
na-tu-sb,nsan-pua,profile_mention,公開プロフィール・概要・固定ポストの文本から @なつ。 への言及として推定（自動）。,https://x.com/na__tu__sb | https://lit.link/na__tu__,0.4,interpretation,True,Generated review candidate consolidated from profile_text via mention match 'なつ。'. This is review-only and not part of the canonical graph.
nagasanpua,osaka,activity,公開プロフィール等の文本に活動地域・フィールドとして「大阪」の言及があるとして推定（自動）。,https://x.com/nagasanpua | http://nagasanpua.hatenablog.com,0.4,interpretation,True,Generated review candidate consolidated from profile_text via mention match '大阪'. This is review-only and not part of the canonical graph.
nagasanpua,shsm-2024,profile_mention,公開プロフィール・概要・固定ポストの文本から @SHSM2024 への言及として推定（自動）。,https://x.com/nagasanpua | http://nagasanpua.hatenablog.com,0.4,interpretation,True,"Generated review candidate consolidated from profile_text via mention match '@SHSM2024, SHSM2024'. This is review-only and not part of the canonical graph."
nakaboshisama,matching-apps,activity,公開プロフィール等の文本に活動地域・フィールドとして「マッチングアプリ」の言及があるとして推定（自動）。,https://x.com/nakaboshisama | https://cutt.ly/G5PS6I0,0.4,interpretation,True,Generated review candidate consolidated from profile_text via mention match 'マッチングアプリ'. This is review-only and not part of the canonical graph.
nakame-pua,alpha-nanpa,profile_mention,公開プロフィール・概要・固定ポストの文本から @alpha_nanpa への言及として推定（自動）。,https://x.com/nakame_pua | https://note.com/alpha_nanpa/n/n5cfb13a532d4,0.4,interpretation,True,Generated review candidate consolidated from profile_text via mention match 'alpha_nanpa'. This is review-only and not part of the canonical graph.
nami-pua,matching-apps,activity,公開プロフィール等の文本に活動地域・フィールドとして「マッチングアプリ」の言及があるとして推定（自動）。,https://x.com/nami__pua | https://tips.jp/u/nami__pua/a/namihei,0.4,interpretation,True,"Generated review candidate consolidated from summary, profile_text via mention match 'マッチングアプリ'. This is review-only and not part of the canonical graph."
nami-pua,rockpua-sub,profile_mention,公開プロフィール・概要・固定ポストの文本から @リー への言及として推定（自動）。,https://x.com/nami__pua | https://tips.jp/u/nami__pua/a/namihei,0.4,interpretation,True,"Generated review candidate consolidated from summary, profile_text via mention match 'リー'. This is review-only and not part of the canonical graph."
nampa-mimato,mina-pua,profile_mention,公開プロフィール・概要・固定ポストの文本から @みな への言及として推定（自動）。,https://x.com/nampa_mimato,0.4,interpretation,True,Generated review candidate consolidated from profile_text via mention match 'みな'. This is review-only and not part of the canonical graph.
nampa-poke,pua-poke,profile_mention,公開プロフィール・概要・固定ポストの文本から @pua_poke への言及として推定（自動）。,https://x.com/nampa_poke,0.4,interpretation,True,"Generated review candidate consolidated from summary, profile_text via mention match '@pua_poke, pua_poke'. This is review-only and not part of the canonical graph."
nampa-poke,yuu-renai,profile_mention,公開プロフィール・概要・固定ポストの文本から @ゆう への言及として推定（自動）。,https://x.com/nampa_poke,0.4,interpretation,True,Generated review candidate consolidated from profile_text via mention match 'ゆう'. This is review-only and not part of the canonical graph.
nampa-urajirou,real-nampa,profile_mention,公開プロフィール・概要・固定ポストの文本から @ナンパ次郎 への言及として推定（自動）。,https://x.com/nampa_urajirou,0.4,interpretation,True,"Generated review candidate consolidated from summary, profile_text via mention match 'ナンパ次郎'. This is review-only and not part of the canonical graph."
nampa1998,rockpua-sub,profile_mention,公開プロフィール・概要・固定ポストの文本から @リー への言及として推定（自動）。,https://x.com/nampa1998,0.4,interpretation,True,"Generated review candidate consolidated from summary, profile_text via mention match 'リー'. This is review-only and not part of the canonical graph."
nampakago,tokyo,activity,公開プロフィール等の文本に活動地域・フィールドとして「東京」の言及があるとして推定（自動）。,https://x.com/nampakago,0.4,interpretation,True,"Generated review candidate consolidated from summary, profile_text via mention match '東京'. This is review-only and not part of the canonical graph."
nampakago,bonds-wwww,profile_mention,公開プロフィール・概要・固定ポストの文本から @suke への言及として推定（自動）。,https://x.com/nampakago,0.4,interpretation,True,"Generated review candidate consolidated from summary, profile_text via mention match 'suke'. This is review-only and not part of the canonical graph."
nampakago,ryosuke-street2,profile_mention,公開プロフィール・概要・固定ポストの文本から @ryosuke_street2 への言及として推定（自動）。,https://x.com/nampakago,0.4,interpretation,True,"Generated review candidate consolidated from summary, profile_text via mention match '@ryosuke_street2, ryosuke_street2, 涼介'. This is review-only and not part of the canonical graph."
namuskun,namusubkun,profile_mention,公開プロフィール・概要・固定ポストの文本から @namusubkun への言及として推定（自動）。,https://x.com/namuskun | https://note.com/namuskun,0.4,interpretation,True,"Generated review candidate consolidated from summary, profile_text via mention match '@namusubkun, namusubkun, namusub'. This is review-only and not part of the canonical graph."
namusubkun,namuskun,profile_mention,公開プロフィール・概要・固定ポストの文本から @namuskun への言及として推定（自動）。,https://x.com/namusubkun,0.4,interpretation,True,"Generated review candidate consolidated from summary, profile_text via mention match '@namuskun, namuskun'. This is review-only and not part of the canonical graph."
nandeyanen-pua,krt,profile_mention,公開プロフィール・概要・固定ポストの文本から @KRT への言及として推定（自動）。,https://x.com/nandeyanen_pua,0.4,interpretation,True,"Generated review candidate consolidated from profile_text via mention match '@KRT, @krt, KRT, krt'. This is review-only and not part of the canonical graph."
nandeyanen-pua,kurita-pua,profile_mention,公開プロフィール・概要・固定ポストの文本から @栗田 への言及として推定（自動）。,https://x.com/nandeyanen_pua,0.4,interpretation,True,"Generated review candidate consolidated from summary, profile_text via mention match '栗田'. This is review-only and not part of the canonical graph."
nandeyanen-pua,rockpua-sub,profile_mention,公開プロフィール・概要・固定ポストの文本から @リー への言及として推定（自動）。,https://x.com/nandeyanen_pua,0.4,interpretation,True,"Generated review candidate consolidated from summary, profile_text via mention match 'リー'. This is review-only and not part of the canonical graph."
nanpa-obiwan,obiwan-beauty,profile_mention,公開プロフィール・概要・固定ポストの文本から @obiwan_beauty への言及として推定（自動）。,https://x.com/nanpa_ObiWan | https://x.com/obiwan_beauty?s=21&t=LQfXSUO18x4ZN-RWu5dO3g,0.4,interpretation,True,Generated review candidate consolidated from profile_text via mention match 'obiwan_beauty'. This is review-only and not part of the canonical graph.
nanpa-obiwan,rockpua-sub,profile_mention,公開プロフィール・概要・固定ポストの文本から @リー への言及として推定（自動）。,https://x.com/nanpa_ObiWan | https://x.com/obiwan_beauty?s=21&t=LQfXSUO18x4ZN-RWu5dO3g,0.4,interpretation,True,"Generated review candidate consolidated from summary, profile_text via mention match 'リー'. This is review-only and not part of the canonical graph."
nanpa-pegasasu,matching-apps,activity,公開プロフィール等の文本に活動地域・フィールドとして「マッチングアプリ」の言及があるとして推定（自動）。,https://x.com/nanpa_pegasasu | https://lin.ee/rhmTUgv,0.4,interpretation,True,Generated review candidate consolidated from profile_text via mention match 'マッチングアプリ'. This is review-only and not part of the canonical graph.
nanpa-pegasasu,pg-yoasobi,profile_mention,公開プロフィール・概要・固定ポストの文本から @PEGA への言及として推定（自動）。,https://x.com/nanpa_pegasasu | https://lin.ee/rhmTUgv,0.4,interpretation,True,Generated review candidate consolidated from profile_text via mention match 'PEGA'. This is review-only and not part of the canonical graph.
nanpahamehame,lonely-stonan,profile_mention,公開プロフィール・概要・固定ポストの文本から @イーブラ への言及として推定（自動）。,https://x.com/Nanpahamehame,0.4,interpretation,True,Generated review candidate consolidated from profile_text via mention match 'イーブラ'. This is review-only and not part of the canonical graph.
nanpaoh-yuya,yuu-renai,profile_mention,公開プロフィール・概要・固定ポストの文本から @ゆう への言及として推定（自動）。,https://x.com/nanpaoh_yuya,0.4,interpretation,True,"Generated review candidate consolidated from summary, profile_text via mention match 'ゆう'. This is review-only and not part of the canonical graph."
nanpasd,yuki100-pua,profile_mention,公開プロフィール・概要・固定ポストの文本から @ゆき への言及として推定（自動）。,https://x.com/nanpasd | https://lit.link/nanpads,0.4,interpretation,True,Generated review candidate consolidated from profile_text via mention match 'ゆき'. This is review-only and not part of the canonical graph.
nanpawars,shinjuku,activity,公開プロフィール等の文本に活動地域・フィールドとして「新宿」の言及があるとして推定（自動）。,https://x.com/nanpawars | https://note.com/sn_wars245/n/n67d31f822ced,0.4,interpretation,True,Generated review candidate consolidated from profile_text via mention match '新宿'. This is review-only and not part of the canonical graph.
naruto-nanpa,ikebukuro,activity,公開プロフィール等の文本に活動地域・フィールドとして「池袋」の言及があるとして推定（自動）。,https://x.com/naruto_nanpa | https://iruka000nanpa.blog.fc2.com/blog-entry-1.html,0.4,interpretation,True,Generated review candidate consolidated from profile_text via mention match '池袋'. This is review-only and not part of the canonical graph.
naruto-nanpa,shibuya,activity,公開プロフィール等の文本に活動地域・フィールドとして「渋谷」の言及があるとして推定（自動）。,https://x.com/naruto_nanpa | https://iruka000nanpa.blog.fc2.com/blog-entry-1.html,0.4,interpretation,True,Generated review candidate consolidated from profile_text via mention match '渋谷'. This is review-only and not part of the canonical graph.
naruto-nanpa,shinjuku,activity,公開プロフィール等の文本に活動地域・フィールドとして「新宿」の言及があるとして推定（自動）。,https://x.com/naruto_nanpa | https://iruka000nanpa.blog.fc2.com/blog-entry-1.html,0.4,interpretation,True,Generated review candidate consolidated from profile_text via mention match '新宿'. This is review-only and not part of the canonical graph.
netonan99,kansai,activity,公開プロフィール等の文本に活動地域・フィールドとして「関西」の言及があるとして推定（自動）。,https://x.com/netonan99 | https://note.com/momonga_tinder/n/n51fd3eebf8cd,0.4,interpretation,True,"Generated review candidate consolidated from summary, profile_text via mention match '関西'. This is review-only and not part of the canonical graph."
netonan99,matching-apps,activity,公開プロフィール等の文本に活動地域・フィールドとして「マッチングアプリ」の言及があるとして推定（自動）。,https://x.com/netonan99 | https://note.com/momonga_tinder/n/n51fd3eebf8cd,0.4,interpretation,True,"Generated review candidate consolidated from summary, profile_text via mention match 'マッチングアプリ'. This is review-only and not part of the canonical graph."
netonan99,elsta,profile_mention,公開プロフィール・概要・固定ポストの文本から @えるスタ への言及として推定（自動）。,https://x.com/netonan99 | https://note.com/momonga_tinder/n/n51fd3eebf8cd,0.4,interpretation,True,"Generated review candidate consolidated from summary, profile_text via mention match 'えるスタ'. This is review-only and not part of the canonical graph."
netonan99,omamco-pua2,profile_mention,公開プロフィール・概要・固定ポストの文本から @える への言及として推定（自動）。,https://x.com/netonan99 | https://note.com/momonga_tinder/n/n51fd3eebf8cd,0.4,interpretation,True,"Generated review candidate consolidated from summary, profile_text via mention match 'える'. This is review-only and not part of the canonical graph."
newamekundayo,amekundayo,profile_mention,公開プロフィール・概要・固定ポストの文本から @amekundayo への言及として推定（自動）。,https://x.com/newamekundayo,0.4,interpretation,True,"Generated review candidate consolidated from summary, profile_text via mention match 'amekundayo'. This is review-only and not part of the canonical graph."
niko-pua,omamco-pua2,profile_mention,公開プロフィール・概要・固定ポストの文本から @える への言及として推定（自動）。,https://x.com/Niko_PUA | https://note.com/niko_pua/n/n6a75de450249,0.4,interpretation,True,"Generated review candidate consolidated from summary, profile_text via mention match 'える'. This is review-only and not part of the canonical graph."
nkdsoj,matching-apps,activity,公開プロフィール等の文本に活動地域・フィールドとして「マッチングアプリ」の言及があるとして推定（自動）。,https://x.com/nkdsoj,0.4,interpretation,True,"Generated review candidate consolidated from summary, profile_text via mention match 'マッチングアプリ'. This is review-only and not part of the canonical graph."
nkdsoj,rockpua-sub,profile_mention,公開プロフィール・概要・固定ポストの文本から @リー への言及として推定（自動）。,https://x.com/nkdsoj,0.4,interpretation,True,"Generated review candidate consolidated from summary, profile_text via mention match 'リー'. This is review-only and not part of the canonical graph."
nmpst913,rockpua-sub,profile_mention,公開プロフィール・概要・固定ポストの文本から @リー への言及として推定（自動）。,https://x.com/nmpst913,0.4,interpretation,True,"Generated review candidate consolidated from summary, profile_text via mention match 'リー'. This is review-only and not part of the canonical graph."
nonchama-pro,rockpua-sub,profile_mention,公開プロフィール・概要・固定ポストの文本から @リー への言及として推定（自動）。,https://x.com/nonchama0721 | https://note.mu/nonchama_pua,0.4,interpretation,True,"Generated review candidate consolidated from summary, profile_text via mention match 'リー'. This is review-only and not part of the canonical graph."
nsan-pua,kaiser-pua,profile_mention,公開プロフィール・概要・固定ポストの文本から @kaiser_pua への言及として推定（自動）。,https://x.com/nsan_pua,0.4,interpretation,True,"Generated review candidate consolidated from summary, profile_text via mention match '@kaiser_pua, kaiser_pua, KAISER'. This is review-only and not part of the canonical graph."
nsan-pua,mendako-pua,profile_mention,公開プロフィール・概要・固定ポストの文本から @mendako_pua への言及として推定（自動）。,https://x.com/nsan_pua,0.4,interpretation,True,"Generated review candidate consolidated from summary, profile_text via mention match '@mendako_pua, mendako_pua, めんだこ'. This is review-only and not part of the canonical graph."
nsan-pua,na-tu-sb,profile_mention,公開プロフィール・概要・固定ポストの文本から @なつ。 への言及として推定（自動）。,https://x.com/nsan_pua,0.4,interpretation,True,Generated review candidate consolidated from profile_text via mention match 'なつ。'. This is review-only and not part of the canonical graph.
one-sith-pua,one,profile_mention,公開プロフィール・概要・固定ポストの文本から @ONE への言及として推定（自動）。,https://x.com/one_sith_pua,0.4,interpretation,True,"Generated review candidate consolidated from profile_text via mention match '@ONE, @one, ONE, one'. This is review-only and not part of the canonical graph."
onizuka-pua,kansai,activity,公開プロフィール等の文本に活動地域・フィールドとして「関西」の言及があるとして推定（自動）。,https://x.com/onizuka_pua,0.4,interpretation,True,Generated review candidate consolidated from profile_text via mention match '関西'. This is review-only and not part of the canonical graph.
onizuka-pua,kurosakikun,profile_mention,公開プロフィール・概要・固定ポストの文本から @黒崎 への言及として推定（自動）。,https://x.com/onizuka_pua,0.4,interpretation,True,"Generated review candidate consolidated from summary, profile_text via mention match '黒崎'. This is review-only and not part of the canonical graph."
oppsex1919,omamco-pua2,profile_mention,公開プロフィール・概要・固定ポストの文本から @える への言及として推定（自動）。,https://x.com/oppsex1919,0.4,interpretation,True,Generated review candidate consolidated from profile_text via mention match 'える'. This is review-only and not part of the canonical graph.
osaka-kakuue,osaka,activity,公開プロフィール等の文本に活動地域・フィールドとして「@osaka」の言及があるとして推定（自動）。,https://x.com/osaka_kakuue,0.4,interpretation,True,"Generated review candidate consolidated from profile_text via mention match '@osaka, Osaka, osaka'. This is review-only and not part of the canonical graph."
osaka-kakuue,rockpua-sub,profile_mention,公開プロフィール・概要・固定ポストの文本から @リー への言及として推定（自動）。,https://x.com/osaka_kakuue,0.4,interpretation,True,"Generated review candidate consolidated from summary, profile_text via mention match 'リー'. This is review-only and not part of the canonical graph."
oscal-pua,oscal2189,profile_mention,公開プロフィール・概要・固定ポストの文本から @oscal2189 への言及として推定（自動）。,https://x.com/oscal_pua | https://note.com/oscal2189,0.4,interpretation,True,Generated review candidate consolidated from profile_text via mention match 'oscal2189'. This is review-only and not part of the canonical graph.
oskeeeer-pua,oskeeeer,profile_mention,公開プロフィール・概要・固定ポストの文本から @oskeeeer への言及として推定（自動）。,https://x.com/oskeeeer_pua | https://querie.me/user/osk_pua,0.4,interpretation,True,"Generated review candidate consolidated from profile_text via mention match '@oskeeeer, oskeeeer'. This is review-only and not part of the canonical graph."
osugi-pua,ura-osugi-pua,profile_mention,公開プロフィール・概要・固定ポストの文本から @ura_osugipua への言及として推定（自動）。,https://x.com/osugi_pua | https://www.instagram.com/ura_osugipua,0.4,interpretation,True,Generated review candidate consolidated from profile_text via mention match 'ura_osugipua'. This is review-only and not part of the canonical graph.
otaku-pua,omamco-pua2,profile_mention,公開プロフィール・概要・固定ポストの文本から @える への言及として推定（自動）。,https://x.com/otaku_pua,0.4,interpretation,True,"Generated review candidate consolidated from summary, profile_text via mention match 'える'. This is review-only and not part of the canonical graph."
otaku-pua,qh0kum,profile_mention,公開プロフィール・概要・固定ポストの文本から @qh0kum への言及として推定（自動）。,https://x.com/otaku_pua,0.4,interpretation,True,"Generated review candidate consolidated from summary, profile_text via mention match '@qh0kum, qh0kum'. This is review-only and not part of the canonical graph."
otaku-pua,taku-pua,profile_mention,公開プロフィール・概要・固定ポストの文本から @taku_pua への言及として推定（自動）。,https://x.com/otaku_pua,0.4,interpretation,True,Generated review candidate consolidated from profile_text via mention match 'taku_pua'. This is review-only and not part of the canonical graph.
outlook-sabo4,outlook-sub4,profile_mention,公開プロフィール・概要・固定ポストの文本から @outlook_sub_4 への言及として推定（自動）。,https://x.com/outlook_sabo_4 | https://tips.jp/u/damjwptgmjdtapjg/a/aD3kfbSl/d/dac,0.4,interpretation,True,"Generated review candidate consolidated from summary, profile_text via mention match '@outlook_sub_4, outlook_sub_4'. This is review-only and not part of the canonical graph."
outlook-sub4,outlook-sabo4,profile_mention,公開プロフィール・概要・固定ポストの文本から @outlook_sabo_4 への言及として推定（自動）。,https://x.com/outlook_sub_4,0.4,interpretation,True,"Generated review candidate consolidated from summary, profile_text via mention match '@outlook_sabo_4, outlook_sabo_4'. This is review-only and not part of the canonical graph."
paaman-pua,osaka,activity,公開プロフィール等の文本に活動地域・フィールドとして「大阪」の言及があるとして推定（自動）。,https://x.com/paaman_pua,0.4,interpretation,True,Generated review candidate consolidated from profile_text via mention match '大阪'. This is review-only and not part of the canonical graph.
pako-dai,nagoya,activity,公開プロフィール等の文本に活動地域・フィールドとして「名古屋」の言及があるとして推定（自動）。,https://x.com/pako_dai | http://pont.co/u/paco_dai,0.4,interpretation,True,"Generated review candidate consolidated from summary, profile_text via mention match '名古屋'. This is review-only and not part of the canonical graph."
pako-dai,osaka,activity,公開プロフィール等の文本に活動地域・フィールドとして「大阪」の言及があるとして推定（自動）。,https://x.com/pako_dai | http://pont.co/u/paco_dai,0.4,interpretation,True,"Generated review candidate consolidated from summary, profile_text via mention match '大阪'. This is review-only and not part of the canonical graph."
pako-dai,tokyo,activity,公開プロフィール等の文本に活動地域・フィールドとして「東京」の言及があるとして推定（自動）。,https://x.com/pako_dai | http://pont.co/u/paco_dai,0.4,interpretation,True,"Generated review candidate consolidated from summary, profile_text via mention match '東京'. This is review-only and not part of the canonical graph."
palace-chilll,kansai,activity,公開プロフィール等の文本に活動地域・フィールドとして「関西」の言及があるとして推定（自動）。,https://x.com/palace_chilll,0.4,interpretation,True,Generated review candidate consolidated from profile_text via mention match '関西'. This is review-only and not part of the canonical graph.
palace-chilll,tokyo,activity,公開プロフィール等の文本に活動地域・フィールドとして「東京」の言及があるとして推定（自動）。,https://x.com/palace_chilll,0.4,interpretation,True,Generated review candidate consolidated from profile_text via mention match '東京'. This is review-only and not part of the canonical graph.
paxnpa123,rockpua-sub,profile_mention,公開プロフィール・概要・固定ポストの文本から @リー への言及として推定（自動）。,https://x.com/paxnpa123,0.4,interpretation,True,"Generated review candidate consolidated from summary, profile_text via mention match 'リー'. This is review-only and not part of the canonical graph."
pg-yoasobi,nanpa-pegasasu,profile_mention,公開プロフィール・概要・固定ポストの文本から @nanpa_pegasasu への言及として推定（自動）。,https://x.com/pg_yoasobi,0.4,interpretation,True,"Generated review candidate consolidated from summary, profile_text via mention match '@nanpa_pegasasu, nanpa_pegasasu'. This is review-only and not part of the canonical graph."
pika-pua,pika-stochi,profile_mention,公開プロフィール・概要・固定ポストの文本から @pika_stochi への言及として推定（自動）。,https://x.com/pika_pua | https://note.com/taku__lol/n/n64664fb8fb30,0.4,interpretation,True,"Generated review candidate consolidated from summary, profile_text via mention match '@pika_stochi, pika_stochi'. This is review-only and not part of the canonical graph."
pika-pua,pika-sublol,profile_mention,公開プロフィール・概要・固定ポストの文本から @pika_sublol への言及として推定（自動）。,https://x.com/pika_pua | https://note.com/taku__lol/n/n64664fb8fb30,0.4,interpretation,True,"Generated review candidate consolidated from summary, profile_text via mention match '@pika_sublol, pika_sublol'. This is review-only and not part of the canonical graph."
pika-sublol,lv554,profile_mention,公開プロフィール・概要・固定ポストの文本から @lv554 への言及として推定（自動）。,https://x.com/pika_sublol | https://querie.me/user/pika_sublol,0.4,interpretation,True,"Generated review candidate consolidated from profile_text via mention match '@lv554, lv554'. This is review-only and not part of the canonical graph."
pika-sublol,pika-pua,profile_mention,公開プロフィール・概要・固定ポストの文本から @pika_pua への言及として推定（自動）。,https://x.com/pika_sublol | https://querie.me/user/pika_sublol,0.4,interpretation,True,"Generated review candidate consolidated from summary, profile_text via mention match '@pika_pua, pika_pua'. This is review-only and not part of the canonical graph."
pochama-izon,pochama-tuwaou,profile_mention,公開プロフィール・概要・固定ポストの文本から @pochama_tuwaou への言及として推定（自動）。,https://x.com/pochama_izon,0.4,interpretation,True,"Generated review candidate consolidated from summary, profile_text via mention match '@pochama_tuwaou, pochama_tuwaou, ポチャマ'. This is review-only and not part of the canonical graph."
pochama-tuwaou,pochama-izon,profile_mention,公開プロフィール・概要・固定ポストの文本から @pochama_izon への言及として推定（自動）。,https://x.com/pochama_tuwaou | https://line.me/R/ti/p/@672fcdpa,0.4,interpretation,True,"Generated review candidate consolidated from summary, profile_text via mention match '@pochama_izon, pochama_izon'. This is review-only and not part of the canonical graph."
pochama-tuwaou,zero-n2,profile_mention,公開プロフィール・概要・固定ポストの文本から @ゼロ への言及として推定（自動）。,https://x.com/pochama_tuwaou | https://line.me/R/ti/p/@672fcdpa,0.4,interpretation,True,"Generated review candidate consolidated from summary, profile_text via mention match 'ゼロ'. This is review-only and not part of the canonical graph."
potato-pua,tokyo,activity,公開プロフィール等の文本に活動地域・フィールドとして「東京」の言及があるとして推定（自動）。,https://x.com/potato_pua,0.4,interpretation,True,Generated review candidate consolidated from profile_text via mention match '東京'. This is review-only and not part of the canonical graph.
potato-pua,tokyo-stonan-kai,profile_mention,公開プロフィール・概要・固定ポストの文本から @東京ストナン会 への言及として推定（自動）。,https://x.com/potato_pua,0.4,interpretation,True,Generated review candidate consolidated from profile_text via mention match '東京ストナン会'. This is review-only and not part of the canonical graph.
pua-chilll,eroeromancotin,profile_mention,公開プロフィール・概要・固定ポストの文本から @eroeromancotin への言及として推定（自動）。,https://x.com/pua_chilll,0.4,interpretation,True,"Generated review candidate consolidated from summary, profile_text via mention match '@eroeromancotin, eroeromancotin'. This is review-only and not part of the canonical graph."
pua-chilll,sub-chilll,profile_mention,公開プロフィール・概要・固定ポストの文本から @sub_chilll への言及として推定（自動）。,https://x.com/pua_chilll,0.4,interpretation,True,"Generated review candidate consolidated from summary, profile_text via mention match '@sub_chilll, sub_chilll'. This is review-only and not part of the canonical graph."
pua-co,tokyo,activity,公開プロフィール等の文本に活動地域・フィールドとして「東京」の言及があるとして推定（自動）。,https://x.com/pua_co | https://note.com/pua_ofline/n/na3d44a9e34b0,0.4,interpretation,True,Generated review candidate consolidated from profile_text via mention match '東京'. This is review-only and not part of the canonical graph.
pua-co,tokyo-stonan-kai,profile_mention,公開プロフィール・概要・固定ポストの文本から @東京ストナン会 への言及として推定（自動）。,https://x.com/pua_co | https://note.com/pua_ofline/n/na3d44a9e34b0,0.4,interpretation,True,Generated review candidate consolidated from profile_text via mention match '東京ストナン会'. This is review-only and not part of the canonical graph.
pua-co,yk-yamate,profile_mention,公開プロフィール・概要・固定ポストの文本から @yk_yamate への言及として推定（自動）。,https://x.com/pua_co | https://note.com/pua_ofline/n/na3d44a9e34b0,0.4,interpretation,True,"Generated review candidate consolidated from summary, profile_text via mention match '@yk_yamate, yk_yamate'. This is review-only and not part of the canonical graph."
pua-core,pua-co,profile_mention,公開プロフィール・概要・固定ポストの文本から @pua_co への言及として推定（自動）。,https://x.com/pua_core,0.4,interpretation,True,"Generated review candidate consolidated from profile_text via mention match '@pua_co, pua_co'. This is review-only and not part of the canonical graph."
pua-happy,tokyo,activity,公開プロフィール等の文本に活動地域・フィールドとして「東京」の言及があるとして推定（自動）。,https://x.com/pua_happy,0.4,interpretation,True,Generated review candidate consolidated from profile_text via mention match '東京'. This is review-only and not part of the canonical graph.
pua-ishikawa,tokyo,activity,公開プロフィール等の文本に活動地域・フィールドとして「東京都」の言及があるとして推定（自動）。,https://x.com/pua_ishikawa | https://pua-secrets.com/tw,0.4,interpretation,True,"Generated review candidate consolidated from profile_text via mention match '東京都, 東京'. This is review-only and not part of the canonical graph."
pua-ishikawa,omamco-pua2,profile_mention,公開プロフィール・概要・固定ポストの文本から @える への言及として推定（自動）。,https://x.com/pua_ishikawa | https://pua-secrets.com/tw,0.4,interpretation,True,"Generated review candidate consolidated from summary, profile_text via mention match 'える'. This is review-only and not part of the canonical graph."
pua-kei-mh,kei-pua,profile_mention,公開プロフィール・概要・固定ポストの文本から @けい への言及として推定（自動）。,https://x.com/PUA_KEI_MH,0.4,interpretation,True,Generated review candidate consolidated from profile_text via mention match 'けい'. This is review-only and not part of the canonical graph.
pua-kei-mh,pua-kei-sg,profile_mention,公開プロフィール・概要・固定ポストの文本から @pua_kei_sg への言及として推定（自動）。,https://x.com/PUA_KEI_MH,0.4,interpretation,True,"Generated review candidate consolidated from summary, profile_text via mention match '@pua_kei_sg, PUA_KEI_SG, pua_kei_sg'. This is review-only and not part of the canonical graph."
pua-kei-sg,kei-pua,profile_mention,公開プロフィール・概要・固定ポストの文本から @けい への言及として推定（自動）。,https://x.com/PUA_KEI_SG,0.4,interpretation,True,Generated review candidate consolidated from profile_text via mention match 'けい'. This is review-only and not part of the canonical graph.
pua-kk,pua-co,profile_mention,公開プロフィール・概要・固定ポストの文本から @pua_co への言及として推定（自動）。,https://x.com/pua_kk_ | https://lin.ee/0OLeoPd,0.4,interpretation,True,"Generated review candidate consolidated from summary, profile_text via mention match '@pua_co, pua_co'. This is review-only and not part of the canonical graph."
pua-poke,nampa-poke,profile_mention,公開プロフィール・概要・固定ポストの文本から @nampa_poke への言及として推定（自動）。,https://x.com/pua_poke,0.4,interpretation,True,"Generated review candidate consolidated from summary, profile_text via mention match '@nampa_poke, nampa_poke, ゆうき'. This is review-only and not part of the canonical graph."
pua-poke,yuu-renai,profile_mention,公開プロフィール・概要・固定ポストの文本から @ゆう への言及として推定（自動）。,https://x.com/pua_poke,0.4,interpretation,True,Generated review candidate consolidated from profile_text via mention match 'ゆう'. This is review-only and not part of the canonical graph.
pua-vinsmoke,matching-apps,activity,公開プロフィール等の文本に活動地域・フィールドとして「マッチングアプリ」の言及があるとして推定（自動）。,https://x.com/pua_vinsmoke,0.4,interpretation,True,"Generated review candidate consolidated from summary, profile_text via mention match 'マッチングアプリ'. This is review-only and not part of the canonical graph."
pua-vinsmoke,rockpua-sub,profile_mention,公開プロフィール・概要・固定ポストの文本から @リー への言及として推定（自動）。,https://x.com/pua_vinsmoke,0.4,interpretation,True,"Generated review candidate consolidated from summary, profile_text via mention match 'リー'. This is review-only and not part of the canonical graph."
pua-yossy,rockpua-sub,profile_mention,公開プロフィール・概要・固定ポストの文本から @リー への言及として推定（自動）。,https://x.com/pua_yossy,0.4,interpretation,True,"Generated review candidate consolidated from summary, profile_text via mention match 'リー'. This is review-only and not part of the canonical graph."
puriketsu-nnp,tokyo,activity,公開プロフィール等の文本に活動地域・フィールドとして「東京」の言及があるとして推定（自動）。,https://x.com/puriketsu_nnp,0.4,interpretation,True,"Generated review candidate consolidated from summary, profile_text via mention match '東京'. This is review-only and not part of the canonical graph."
puriketsu-nnp,tokyo-stonan-kai,profile_mention,公開プロフィール・概要・固定ポストの文本から @#東京ストナン会 への言及として推定（自動）。,https://x.com/puriketsu_nnp,0.4,interpretation,True,"Generated review candidate consolidated from summary, profile_text via mention match '#東京ストナン会, 東京ストナン会'. This is review-only and not part of the canonical graph."
puro-nampa,emuchi-pua,profile_mention,公開プロフィール・概要・固定ポストの文本から @emuchi_pua への言及として推定（自動）。,https://x.com/puro_nanpa | https://x.com/puro_nanpa/status/1903019724398792956?s=46&t=W4A7y4kFypDhagBE6Lr49g,0.4,interpretation,True,"Generated review candidate consolidated from summary, profile_text via mention match '@emuchi_pua, emuchi_pua'. This is review-only and not part of the canonical graph."
qrxt-a,nagoya,activity,公開プロフィール等の文本に活動地域・フィールドとして「名古屋」の言及があるとして推定（自動）。,https://x.com/qrxt_a | https://www.youtube.com/watch?v=4mrcNJmXW0c&t=9s,0.4,interpretation,True,"Generated review candidate consolidated from summary, profile_text via mention match '名古屋'. This is review-only and not part of the canonical graph."
real-nampa,nampa-urajirou,profile_mention,公開プロフィール・概要・固定ポストの文本から @nampa_urajirou への言及として推定（自動）。,https://x.com/real_nampa | https://pont.co/u/nampa_jirou,0.4,interpretation,True,"Generated review candidate consolidated from summary, profile_text via mention match '@nampa_urajirou, nampa_urajirou'. This is review-only and not part of the canonical graph."
reborn-pua,omamco-pua2,profile_mention,公開プロフィール・概要・固定ポストの文本から @える への言及として推定（自動）。,https://x.com/reborn_pua,0.4,interpretation,True,"Generated review candidate consolidated from summary, profile_text via mention match 'える'. This is review-only and not part of the canonical graph."
recoa-nanpa,gureran-m,profile_mention,公開プロフィール・概要・固定ポストの文本から @gureran_m への言及として推定（自動）。,https://x.com/recoa_nanpa,0.4,interpretation,True,"Generated review candidate consolidated from summary, profile_text via mention match '@gureran_m, gureran_m'. This is review-only and not part of the canonical graph."
resunnme,elsta,profile_mention,公開プロフィール・概要・固定ポストの文本から @えるスタ への言及として推定（自動）。,https://x.com/resunnme,0.4,interpretation,True,"Generated review candidate consolidated from summary, profile_text via mention match 'えるスタ'. This is review-only and not part of the canonical graph."
resunnme,omamco-pua2,profile_mention,公開プロフィール・概要・固定ポストの文本から @える への言及として推定（自動）。,https://x.com/resunnme,0.4,interpretation,True,"Generated review candidate consolidated from summary, profile_text via mention match 'える'. This is review-only and not part of the canonical graph."
resunnme,pua-shin,profile_mention,公開プロフィール・概要・固定ポストの文本から @シン への言及として推定（自動）。,https://x.com/resunnme,0.4,interpretation,True,"Generated review candidate consolidated from summary, profile_text via mention match 'シン'. This is review-only and not part of the canonical graph."
right-pua,osaka,activity,公開プロフィール等の文本に活動地域・フィールドとして「大阪」の言及があるとして推定（自動）。,https://x.com/right_pua_,0.4,interpretation,True,"Generated review candidate consolidated from summary, profile_text via mention match '大阪'. This is review-only and not part of the canonical graph."
riku-pua0801,riku-pua,profile_mention,公開プロフィール・概要・固定ポストの文本から @riku_pua への言及として推定（自動）。,https://x.com/riku_pua0801,0.4,interpretation,True,"Generated review candidate consolidated from profile_text via mention match '@riku_pua, riku_pua'. This is review-only and not part of the canonical graph."
riokun-pua,riokun-pua-sub,profile_mention,公開プロフィール・概要・固定ポストの文本から @riokun_pua_sub への言及として推定（自動）。,https://x.com/riokun_pua,0.4,interpretation,True,"Generated review candidate consolidated from summary, profile_text via mention match '@riokun_pua_sub, riokun_pua_sub'. This is review-only and not part of the canonical graph."
riokun-pua-sub,riokun-pua,profile_mention,公開プロフィール・概要・固定ポストの文本から @riokun_pua への言及として推定（自動）。,https://x.com/riokun_pua_sub,0.4,interpretation,True,"Generated review candidate consolidated from summary, profile_text via mention match '@riokun_pua, riokun_pua'. This is review-only and not part of the canonical graph."
roco-neko,roco-neko-ura,profile_mention,公開プロフィール・概要・固定ポストの文本から @roco_neko_ura への言及として推定（自動）。,https://x.com/roco_neko_ | https://lin.ee/hsqDCCh,0.4,interpretation,True,"Generated review candidate consolidated from summary, profile_text via mention match '@roco_neko_ura, roco_neko_ura'. This is review-only and not part of the canonical graph."
roco-neko-ura,roco-neko,profile_mention,公開プロフィール・概要・固定ポストの文本から @roco_neko_ への言及として推定（自動）。,https://x.com/roco_neko_ura,0.4,interpretation,True,"Generated review candidate consolidated from summary, profile_text via mention match '@roco_neko_, roco_neko_, @roco_neko, roco_neko'. This is review-only and not part of the canonical graph."
ryepua,inpsub,profile_mention,公開プロフィール・概要・固定ポストの文本から @inpsub への言及として推定（自動）。,https://x.com/ryepua,0.4,interpretation,True,"Generated review candidate consolidated from summary, profile_text via mention match '@inpsub, inpsub'. This is review-only and not part of the canonical graph."
ryosuke-street2,bonds-wwww,profile_mention,公開プロフィール・概要・固定ポストの文本から @suke への言及として推定（自動）。,https://x.com/ryosuke_street2,0.4,interpretation,True,"Generated review candidate consolidated from summary, profile_text via mention match 'suke'. This is review-only and not part of the canonical graph."
ryusei-pua,hayato-pua,profile_mention,公開プロフィール・概要・固定ポストの文本から @一ノ瀬 への言及として推定（自動）。,https://x.com/ryusei_pua,0.4,interpretation,True,Generated review candidate consolidated from profile_text via mention match '一ノ瀬'. This is review-only and not part of the canonical graph.
s-mote-money,one,profile_mention,公開プロフィール・概要・固定ポストの文本から @ONE への言及として推定（自動）。,https://x.com/s_mote_money,0.4,interpretation,True,"Generated review candidate consolidated from profile_text via mention match 'ONE, one'. This is review-only and not part of the canonical graph."
s-mote-money,rockpua-sub,profile_mention,公開プロフィール・概要・固定ポストの文本から @リー への言及として推定（自動）。,https://x.com/s_mote_money,0.4,interpretation,True,"Generated review candidate consolidated from summary, profile_text via mention match 'リー'. This is review-only and not part of the canonical graph."
s01183496,kanto,activity,公開プロフィール等の文本に活動地域・フィールドとして「関東」の言及があるとして推定（自動）。,https://x.com/s01183496,0.4,interpretation,True,"Generated review candidate consolidated from summary, profile_text via mention match '関東'. This is review-only and not part of the canonical graph."
s01183496,s050456236,profile_mention,公開プロフィール・概要・固定ポストの文本から @S050456236 への言及として推定（自動）。,https://x.com/s01183496,0.4,interpretation,True,"Generated review candidate consolidated from summary, profile_text via mention match '@S050456236, @s050456236, S050456236, s050456236'. This is review-only and not part of the canonical graph."
s01183496,s667270528s,profile_mention,公開プロフィール・概要・固定ポストの文本から @S667270528s への言及として推定（自動）。,https://x.com/s01183496,0.4,interpretation,True,"Generated review candidate consolidated from summary, profile_text via mention match '@S667270528s, @s667270528s, S667270528s, s667270528s'. This is review-only and not part of the canonical graph."
saikyo-sutoti,kyo,profile_mention,公開プロフィール・概要・固定ポストの文本から @kyo への言及として推定（自動）。,https://x.com/Saikyo_sutoti | https://lin.ee/9rgyQ68,0.4,interpretation,True,Generated review candidate consolidated from profile_text via mention match 'kyo'. This is review-only and not part of the canonical graph.
saikyo-sutoti,streetkyo,profile_mention,公開プロフィール・概要・固定ポストの文本から @kyo への言及として推定（自動）。,https://x.com/Saikyo_sutoti | https://lin.ee/9rgyQ68,0.4,interpretation,True,Generated review candidate consolidated from profile_text via mention match 'kyo'. This is review-only and not part of the canonical graph.
saku-pua,tokyo,activity,公開プロフィール等の文本に活動地域・フィールドとして「東京」の言及があるとして推定（自動）。,https://x.com/saku_pua,0.4,interpretation,True,Generated review candidate consolidated from profile_text via mention match '東京'. This is review-only and not part of the canonical graph.
saku-pua,tokyo-stonan-kai,profile_mention,公開プロフィール・概要・固定ポストの文本から @東京ストナン会 への言及として推定（自動）。,https://x.com/saku_pua,0.4,interpretation,True,Generated review candidate consolidated from profile_text via mention match '東京ストナン会'. This is review-only and not part of the canonical graph.
sati-pua,tokyo,activity,公開プロフィール等の文本に活動地域・フィールドとして「東京」の言及があるとして推定（自動）。,https://x.com/sati_pua | https://note.com/sati_pua/,0.4,interpretation,True,Generated review candidate consolidated from profile_text via mention match '東京'. This is review-only and not part of the canonical graph.
sati-pua,aup-itas,profile_mention,公開プロフィール・概要・固定ポストの文本から @aup_itas への言及として推定（自動）。,https://x.com/sati_pua | https://note.com/sati_pua/,0.4,interpretation,True,"Generated review candidate consolidated from summary, profile_text via mention match '@aup_itas, aup_itas'. This is review-only and not part of the canonical graph."
sato-legend,5sato-pua,profile_mention,公開プロフィール・概要・固定ポストの文本から @5sato_pua への言及として推定（自動）。,https://x.com/sato_legend,0.4,interpretation,True,"Generated review candidate consolidated from summary, profile_text via mention match '@5sato_pua, 5sato_pua'. This is review-only and not part of the canonical graph."
scream-pua,rockpua-sub,profile_mention,公開プロフィール・概要・固定ポストの文本から @リー への言及として推定（自動）。,https://x.com/scream_pua | https://querie.me/user/scream_pua,0.4,interpretation,True,Generated review candidate consolidated from profile_text via mention match 'リー'. This is review-only and not part of the canonical graph.
seiyoku-genkai,elsta,profile_mention,公開プロフィール・概要・固定ポストの文本から @えるスタ への言及として推定（自動）。,https://x.com/seiyoku_genkai,0.4,interpretation,True,"Generated review candidate consolidated from summary, profile_text via mention match 'えるスタ'. This is review-only and not part of the canonical graph."
seiyoku-genkai,omamco-pua2,profile_mention,公開プロフィール・概要・固定ポストの文本から @える への言及として推定（自動）。,https://x.com/seiyoku_genkai,0.4,interpretation,True,"Generated review candidate consolidated from summary, profile_text via mention match 'える'. This is review-only and not part of the canonical graph."
sen-xxv,matching-apps,activity,公開プロフィール等の文本に活動地域・フィールドとして「マチアプ」の言及があるとして推定（自動）。,https://x.com/sen_xxv | https://utage-system.com/page/jeJd23Euy5qi,0.4,interpretation,True,Generated review candidate consolidated from profile_text via mention match 'マチアプ'. This is review-only and not part of the canonical graph.
senga-pua,matching-apps,activity,公開プロフィール等の文本に活動地域・フィールドとして「マッチングアプリ」の言及があるとして推定（自動）。,https://x.com/senga_pua,0.4,interpretation,True,"Generated review candidate consolidated from summary, profile_text via mention match 'マッチングアプリ'. This is review-only and not part of the canonical graph."
senga-pua,mizuno-qreep,profile_mention,公開プロフィール・概要・固定ポストの文本から @mizuno_qreep への言及として推定（自動）。,https://x.com/senga_pua,0.4,interpretation,True,"Generated review candidate consolidated from summary, profile_text via mention match '@mizuno_qreep, mizuno_qreep'. This is review-only and not part of the canonical graph."
shelly4821,rockpua-sub,profile_mention,公開プロフィール・概要・固定ポストの文本から @リー への言及として推定（自動）。,https://x.com/shelly4821 | https://lin.ee/7DhyB1L,0.4,interpretation,True,Generated review candidate consolidated from profile_text via mention match 'リー'. This is review-only and not part of the canonical graph.
shinjuku,tokyo,activity,公開プロフィール等の文本に活動地域・フィールドとして「東京都」の言及があるとして推定（自動）。,https://x.com/shinjuku_info | https://www.city.shinjuku.lg.jp/,0.4,interpretation,True,"Generated review candidate consolidated from profile_text via mention match '東京都, 東京'. This is review-only and not part of the canonical graph."
shinjukuashura,shinjuku,activity,公開プロフィール等の文本に活動地域・フィールドとして「@shinjuku」の言及があるとして推定（自動）。,https://x.com/ShinjukuAshura | https://s.lmes.jp/landing-qr/2002174017-8K5bzBro?uLand=ZLkojw,0.4,interpretation,True,"Generated review candidate consolidated from profile_text via mention match '@shinjuku, Shinjuku, shinjuku'. This is review-only and not part of the canonical graph."
shinjukuashura,kageki-ashura,profile_mention,公開プロフィール・概要・固定ポストの文本から @kageki_ashura への言及として推定（自動）。,https://x.com/ShinjukuAshura | https://s.lmes.jp/landing-qr/2002174017-8K5bzBro?uLand=ZLkojw,0.4,interpretation,True,"Generated review candidate consolidated from summary, profile_text via mention match '@kageki_ashura, kageki_ashura'. This is review-only and not part of the canonical graph."
shinjukuashura,mote-ren-ai7,profile_mention,公開プロフィール・概要・固定ポストの文本から @mote_ren_ai7 への言及として推定（自動）。,https://x.com/ShinjukuAshura | https://s.lmes.jp/landing-qr/2002174017-8K5bzBro?uLand=ZLkojw,0.4,interpretation,True,"Generated review candidate consolidated from summary, profile_text via mention match '@mote_ren_ai7, mote_ren_ai7'. This is review-only and not part of the canonical graph."
shouri-ikb,ikebukuro,activity,公開プロフィール等の文本に活動地域・フィールドとして「池袋」の言及があるとして推定（自動）。,https://x.com/shouri_ikb | https://tips.jp/s/We0xNx,0.4,interpretation,True,"Generated review candidate consolidated from summary, profile_text via mention match '池袋'. This is review-only and not part of the canonical graph."
simba-pua,tokyo,activity,公開プロフィール等の文本に活動地域・フィールドとして「東京」の言及があるとして推定（自動）。,https://x.com/Simba_pua,0.4,interpretation,True,Generated review candidate consolidated from profile_text via mention match '東京'. This is review-only and not part of the canonical graph.
simba-pua,gatiikepua,profile_mention,公開プロフィール・概要・固定ポストの文本から @gatiikepua への言及として推定（自動）。,https://x.com/Simba_pua,0.4,interpretation,True,"Generated review candidate consolidated from summary, profile_text via mention match '@gatiikepua, gatiikepua'. This is review-only and not part of the canonical graph."
simba-pua,pua-shin,profile_mention,公開プロフィール・概要・固定ポストの文本から @シン への言及として推定（自動）。,https://x.com/Simba_pua,0.4,interpretation,True,Generated review candidate consolidated from profile_text via mention match 'シン'. This is review-only and not part of the canonical graph.
siofkn-pua,outlook-sabo4,profile_mention,公開プロフィール・概要・固定ポストの文本から @outlook_sabo_4 への言及として推定（自動）。,https://x.com/siofkn_pua,0.4,interpretation,True,"Generated review candidate consolidated from summary, profile_text via mention match '@outlook_sabo_4, outlook_sabo_4'. This is review-only and not part of the canonical graph."
siofkn-pua,ssb,profile_mention,公開プロフィール・概要・固定ポストの文本から @SSB への言及として推定（自動）。,https://x.com/siofkn_pua,0.4,interpretation,True,"Generated review candidate consolidated from summary, profile_text via mention match 'SSB, ssb, @SSB, @ssb'. This is review-only and not part of the canonical graph."
slice-pua,rice-bread-1,profile_mention,公開プロフィール・概要・固定ポストの文本から @ライス への言及として推定（自動）。,https://x.com/slice_pua,0.4,interpretation,True,Generated review candidate consolidated from profile_text via mention match 'ライス'. This is review-only and not part of the canonical graph.
slinky-pua,bantan-pua,profile_mention,公開プロフィール・概要・固定ポストの文本から @bantan_pua への言及として推定（自動）。,https://x.com/slinky_pua,0.4,interpretation,True,"Generated review candidate consolidated from summary, profile_text via mention match '@bantan_pua, bantan_pua'. This is review-only and not part of the canonical graph."
slinky-pua,molmol-1919,profile_mention,公開プロフィール・概要・固定ポストの文本から @molmol1919 への言及として推定（自動）。,https://x.com/slinky_pua,0.4,interpretation,True,"Generated review candidate consolidated from summary, profile_text via mention match '@molmol1919, molmol1919'. This is review-only and not part of the canonical graph."
slinky-pua,yukishiro-yuki,profile_mention,公開プロフィール・概要・固定ポストの文本から @Yukishiro_yuki_ への言及として推定（自動）。,https://x.com/slinky_pua,0.4,interpretation,True,"Generated review candidate consolidated from summary, profile_text via mention match '@Yukishiro_yuki_, Yukishiro_yuki_, @yukishiro_yuki, yukishiro_yuki'. This is review-only and not part of the canonical graph."
so-pua,tokyo,activity,公開プロフィール等の文本に活動地域・フィールドとして「東京」の言及があるとして推定（自動）。,https://x.com/so_pua,0.4,interpretation,True,"Generated review candidate consolidated from summary, profile_text via mention match '東京'. This is review-only and not part of the canonical graph."
so-pua,tokyo-stonan-kai,profile_mention,公開プロフィール・概要・固定ポストの文本から @#東京ストナン会 への言及として推定（自動）。,https://x.com/so_pua,0.4,interpretation,True,"Generated review candidate consolidated from summary, profile_text via mention match '#東京ストナン会, 東京ストナン会'. This is review-only and not part of the canonical graph."
soku-worker2,rockpua-sub,profile_mention,公開プロフィール・概要・固定ポストの文本から @リー への言及として推定（自動）。,https://x.com/soku_worker2,0.4,interpretation,True,"Generated review candidate consolidated from summary, profile_text via mention match 'リー'. This is review-only and not part of the canonical graph."
souyonesou,mtech,profile_mention,公開プロフィール・概要・固定ポストの文本から @mTech への言及として推定（自動）。,https://x.com/souyonesou,0.4,interpretation,True,"Generated review candidate consolidated from summary, profile_text via mention match 'mTech, mtech, @mTech, @mtech'. This is review-only and not part of the canonical graph."
souyonesou,one,profile_mention,公開プロフィール・概要・固定ポストの文本から @ONE への言及として推定（自動）。,https://x.com/souyonesou,0.4,interpretation,True,"Generated review candidate consolidated from profile_text via mention match 'ONE, one'. This is review-only and not part of the canonical graph."
srs-pua-main,srs-pua-sub,profile_mention,公開プロフィール・概要・固定ポストの文本から @srs_pua への言及として推定（自動）。,https://x.com/srs_pua_,0.4,interpretation,True,"Generated review candidate consolidated from summary, profile_text via mention match '@srs_pua, srs_pua'. This is review-only and not part of the canonical graph."
st-r0817,omamco-pua2,profile_mention,公開プロフィール・概要・固定ポストの文本から @える への言及として推定（自動）。,https://x.com/st_r0817 | https://lin.ee/UZ0mZNA,0.4,interpretation,True,"Generated review candidate consolidated from summary, profile_text via mention match 'える'. This is review-only and not part of the canonical graph."
street-fami,fami-ver2,profile_mention,公開プロフィール・概要・固定ポストの文本から @fami_ver2 への言及として推定（自動）。,https://x.com/street_Fami | https://note.com/faminanpa,0.4,interpretation,True,"Generated review candidate consolidated from summary, profile_text via mention match '@fami_ver2, fami_ver2'. This is review-only and not part of the canonical graph."
street-fami,pua-shin,profile_mention,公開プロフィール・概要・固定ポストの文本から @シン への言及として推定（自動）。,https://x.com/street_Fami | https://note.com/faminanpa,0.4,interpretation,True,"Generated review candidate consolidated from summary, profile_text via mention match 'シン'. This is review-only and not part of the canonical graph."
streetkyo,kyo,profile_mention,公開プロフィール・概要・固定ポストの文本から @kyo への言及として推定（自動）。,https://x.com/streetkyo | http://nanaddi3.livedoor.blog/,0.4,interpretation,True,Generated review candidate consolidated from profile_text via mention match 'kyo'. This is review-only and not part of the canonical graph.
streets-bach,bach-sokuhou,profile_mention,公開プロフィール・概要・固定ポストの文本から @bach_sokuhou への言及として推定（自動）。,https://x.com/streets_bach | https://note.com/streets_bach/,0.4,interpretation,True,"Generated review candidate consolidated from summary, profile_text via mention match '@bach_sokuhou, bach_sokuhou'. This is review-only and not part of the canonical graph."
streets-bach,nonchama-pro,profile_mention,公開プロフィール・概要・固定ポストの文本から @のんちゃま への言及として推定（自動）。,https://x.com/streets_bach | https://note.com/streets_bach/,0.4,interpretation,True,"Generated review candidate consolidated from summary, profile_text via mention match 'のんちゃま'. This is review-only and not part of the canonical graph."
sub-chilll,chintaifudou3,profile_mention,公開プロフィール・概要・固定ポストの文本から @chintaifudou3 への言及として推定（自動）。,https://x.com/sub_chilll,0.4,interpretation,True,"Generated review candidate consolidated from summary, profile_text via mention match '@chintaifudou3, chintaifudou3'. This is review-only and not part of the canonical graph."
sub-chilll,palace-chilll,profile_mention,公開プロフィール・概要・固定ポストの文本から @palace_chilll への言及として推定（自動）。,https://x.com/sub_chilll,0.4,interpretation,True,"Generated review candidate consolidated from summary, profile_text via mention match '@palace_chilll, palace_chilll'. This is review-only and not part of the canonical graph."
sub-riddle,tomu-riddle,profile_mention,公開プロフィール・概要・固定ポストの文本から @tomu_riddle への言及として推定（自動）。,https://x.com/sub_riddle,0.4,interpretation,True,"Generated review candidate consolidated from summary, profile_text via mention match '@tomu_riddle, tomu_riddle'. This is review-only and not part of the canonical graph."
suisei-nanpa,tokyo,activity,公開プロフィール等の文本に活動地域・フィールドとして「東京」の言及があるとして推定（自動）。,https://x.com/suiseinanpa | https://lin.ee/WZEzkfS,0.4,interpretation,True,Generated review candidate consolidated from profile_text via mention match '東京'. This is review-only and not part of the canonical graph.
suto-taro,kurosakikun,profile_mention,公開プロフィール・概要・固定ポストの文本から @黒崎 への言及として推定（自動）。,https://x.com/suto_taro,0.4,interpretation,True,"Generated review candidate consolidated from summary, profile_text via mention match '黒崎'. This is review-only and not part of the canonical graph."
suzuniki-pua,one,profile_mention,公開プロフィール・概要・固定ポストの文本から @ONE への言及として推定（自動）。,https://x.com/suzuniki_pua,0.4,interpretation,True,"Generated review candidate consolidated from summary, profile_text via mention match 'ONE, one'. This is review-only and not part of the canonical graph."
suzuniki-pua,s-mote-money,profile_mention,公開プロフィール・概要・固定ポストの文本から @s_mote_money への言及として推定（自動）。,https://x.com/suzuniki_pua,0.4,interpretation,True,"Generated review candidate consolidated from summary, profile_text via mention match '@s_mote_money, s_mote_money'. This is review-only and not part of the canonical graph."
syahudearu,minorun-ceo,profile_mention,公開プロフィール・概要・固定ポストの文本から @minorun_ceo への言及として推定（自動）。,https://x.com/syahudearu | https://note.com/preview/nb259f9784320?prev_access_key=cbbf71f392b0a8c7887fde6930ace3be,0.4,interpretation,True,"Generated review candidate consolidated from summary, profile_text via mention match '@minorun_ceo, minorun_ceo'. This is review-only and not part of the canonical graph."
syu-puanet,rockpua-sub,profile_mention,公開プロフィール・概要・固定ポストの文本から @リー への言及として推定（自動）。,https://x.com/syu_puanet,0.4,interpretation,True,"Generated review candidate consolidated from summary, profile_text via mention match 'リー'. This is review-only and not part of the canonical graph."
takenaka-pua,tokyo,activity,公開プロフィール等の文本に活動地域・フィールドとして「東京」の言及があるとして推定（自動）。,https://x.com/takenaka__pua | https://note.com/lucky_tern262,0.4,interpretation,True,"Generated review candidate consolidated from summary, profile_text via mention match '東京'. This is review-only and not part of the canonical graph."
takenaka-pua,lucky-tern262,profile_mention,公開プロフィール・概要・固定ポストの文本から @lucky_tern262 への言及として推定（自動）。,https://x.com/takenaka__pua | https://note.com/lucky_tern262,0.4,interpretation,True,Generated review candidate consolidated from profile_text via mention match 'lucky_tern262'. This is review-only and not part of the canonical graph.
taku-pua,tokyo,activity,公開プロフィール等の文本に活動地域・フィールドとして「東京」の言及があるとして推定（自動）。,https://x.com/taku__pua,0.4,interpretation,True,"Generated review candidate consolidated from summary, profile_text via mention match '東京'. This is review-only and not part of the canonical graph."
taku-pua,tokyo-stonan-kai,profile_mention,公開プロフィール・概要・固定ポストの文本から @#東京ストナン会 への言及として推定（自動）。,https://x.com/taku__pua,0.4,interpretation,True,"Generated review candidate consolidated from summary, profile_text via mention match '#東京ストナン会, 東京ストナン会'. This is review-only and not part of the canonical graph."
tantan-pua,tantan-ura,profile_mention,公開プロフィール・概要・固定ポストの文本から @tantan_ura__ への言及として推定（自動）。,https://x.com/tantan_pua_ | https://lin.ee/WiyTSo1,0.4,interpretation,True,"Generated review candidate consolidated from summary, profile_text via mention match '@tantan_ura__, tantan_ura__, @tantan_ura, tantan_ura'. This is review-only and not part of the canonical graph."
tantan-ura,tantan-pua,profile_mention,公開プロフィール・概要・固定ポストの文本から @tantan_pua_ への言及として推定（自動）。,https://x.com/tantan_ura__,0.4,interpretation,True,"Generated review candidate consolidated from summary, profile_text via mention match '@tantan_pua_, tantan_pua_, @tantan_pua, tantan_pua, しおたん'. This is review-only and not part of the canonical graph."
taru-pua,taruchan100,profile_mention,公開プロフィール・概要・固定ポストの文本から @taruchan100 への言及として推定（自動）。,https://x.com/taru_pua,0.4,interpretation,True,"Generated review candidate consolidated from summary, profile_text via mention match '@taruchan100, taruchan100'. This is review-only and not part of the canonical graph."
task-pua,matching-apps,activity,公開プロフィール等の文本に活動地域・フィールドとして「マチアプ」の言及があるとして推定（自動）。,https://x.com/task_pua | https://note.com/notes,0.4,interpretation,True,"Generated review candidate consolidated from summary, profile_text via mention match 'マチアプ'. This is review-only and not part of the canonical graph."
task-pua,rockpua-sub,profile_mention,公開プロフィール・概要・固定ポストの文本から @リー への言及として推定（自動）。,https://x.com/task_pua | https://note.com/notes,0.4,interpretation,True,"Generated review candidate consolidated from summary, profile_text via mention match 'リー'. This is review-only and not part of the canonical graph."
tenma-pua,tokyo,activity,公開プロフィール等の文本に活動地域・フィールドとして「東京」の言及があるとして推定（自動）。,https://x.com/tenma_pua,0.4,interpretation,True,Generated review candidate consolidated from profile_text via mention match '東京'. This is review-only and not part of the canonical graph.
tensai-nanpa4,pua-shin,profile_mention,公開プロフィール・概要・固定ポストの文本から @シン への言及として推定（自動）。,https://x.com/tensai_nanpa4,0.4,interpretation,True,"Generated review candidate consolidated from summary, profile_text via mention match 'シン'. This is review-only and not part of the canonical graph."
tinder-ban,matching-apps,activity,公開プロフィール等の文本に活動地域・フィールドとして「マッチングアプリ」の言及があるとして推定（自動）。,https://x.com/tinder_ban | https://tips.jp/u/tinder_ban,0.4,interpretation,True,"Generated review candidate consolidated from summary, profile_text via mention match 'マッチングアプリ'. This is review-only and not part of the canonical graph."
tinder-god,feitan-sub,profile_mention,公開プロフィール・概要・固定ポストの文本から @Feitan_sub への言及として推定（自動）。,https://x.com/Tinder_god_2 | https://tips.jp/u/Tinder_god/a/0lYtZhbE,0.4,interpretation,True,"Generated review candidate consolidated from summary, profile_text via mention match 'Feitan_sub, feitan_sub'. This is review-only and not part of the canonical graph."
tinder109,hachi-tinder02,profile_mention,公開プロフィール・概要・固定ポストの文本から @hachi_tinder02 への言及として推定（自動）。,https://x.com/tinder109 | https://lin.ee/NeVry4Q,0.4,interpretation,True,"Generated review candidate consolidated from summary, profile_text via mention match '@hachi_tinder02, hachi_tinder02'. This is review-only and not part of the canonical graph."
to-suto-tore,tokyo,activity,公開プロフィール等の文本に活動地域・フィールドとして「東京」の言及があるとして推定（自動）。,https://x.com/to_suto_tore,0.4,interpretation,True,Generated review candidate consolidated from profile_text via mention match '東京'. This is review-only and not part of the canonical graph.
to-suto-tore,tokyo-stonan-kai,profile_mention,公開プロフィール・概要・固定ポストの文本から @東京ストナン会 への言及として推定（自動）。,https://x.com/to_suto_tore,0.4,interpretation,True,Generated review candidate consolidated from profile_text via mention match '東京ストナン会'. This is review-only and not part of the canonical graph.
tomo-pua11,omamco-pua2,profile_mention,公開プロフィール・概要・固定ポストの文本から @える への言及として推定（自動）。,https://x.com/tomo_pua11,0.4,interpretation,True,Generated review candidate consolidated from profile_text via mention match 'える'. This is review-only and not part of the canonical graph.
tomu-riddle,matching-apps,activity,公開プロフィール等の文本に活動地域・フィールドとして「マッチングアプリ」の言及があるとして推定（自動）。,https://x.com/tomu_riddle,0.4,interpretation,True,"Generated review candidate consolidated from summary, profile_text via mention match 'マッチングアプリ'. This is review-only and not part of the canonical graph."
tomu-riddle,sub-riddle,profile_mention,公開プロフィール・概要・固定ポストの文本から @sub_riddle への言及として推定（自動）。,https://x.com/tomu_riddle,0.4,interpretation,True,"Generated review candidate consolidated from summary, profile_text via mention match '@sub_riddle, sub_riddle'. This is review-only and not part of the canonical graph."
tyopa-pua,kyo,profile_mention,公開プロフィール・概要・固定ポストの文本から @kyo への言及として推定（自動）。,https://x.com/tyopa_pua,0.4,interpretation,True,"Generated review candidate consolidated from summary, profile_text via mention match 'kyo'. This is review-only and not part of the canonical graph."
tyopa-pua,tyopa-sub,profile_mention,公開プロフィール・概要・固定ポストの文本から @tyopa_sub への言及として推定（自動）。,https://x.com/tyopa_pua,0.4,interpretation,True,"Generated review candidate consolidated from summary, profile_text via mention match '@tyopa_sub, tyopa_sub'. This is review-only and not part of the canonical graph."
tyopa-sub,tyopa-pua,profile_mention,公開プロフィール・概要・固定ポストの文本から @tyopa_pua への言及として推定（自動）。,https://x.com/tyopa_sub,0.4,interpretation,True,"Generated review candidate consolidated from summary, profile_text via mention match '@tyopa_pua, tyopa_pua'. This is review-only and not part of the canonical graph."
ugly-pua,ssb,profile_mention,公開プロフィール・概要・固定ポストの文本から @SSB への言及として推定（自動）。,https://x.com/ugly_pua,0.4,interpretation,True,"Generated review candidate consolidated from summary, profile_text via mention match 'SSB, ssb'. This is review-only and not part of the canonical graph."
untracemind,omamco-pua2,profile_mention,公開プロフィール・概要・固定ポストの文本から @える への言及として推定（自動）。,https://x.com/untracemind | https://lin.ee/hcRyuCQ,0.4,interpretation,True,"Generated review candidate consolidated from summary, profile_text via mention match 'える'. This is review-only and not part of the canonical graph."
ura-aka-nanpa,tokyo,activity,公開プロフィール等の文本に活動地域・フィールドとして「東京」の言及があるとして推定（自動）。,https://x.com/ura_aka_nanpa,0.4,interpretation,True,"Generated review candidate consolidated from summary, profile_text via mention match '東京'. This is review-only and not part of the canonical graph."
ura-kaneki-pua,bonds-wwww,profile_mention,公開プロフィール・概要・固定ポストの文本から @suke への言及として推定（自動）。,https://x.com/ura_kaneki_pua | https://tips.jp/u/ayasuke32131/a/kaneki_puapua,0.4,interpretation,True,Generated review candidate consolidated from profile_text via mention match 'suke'. This is review-only and not part of the canonical graph.
ururunpua,puro-nampa,profile_mention,公開プロフィール・概要・固定ポストの文本から @M氏 への言及として推定（自動）。,https://x.com/ururunpua,0.4,interpretation,True,"Generated review candidate consolidated from summary, profile_text via mention match 'M氏'. This is review-only and not part of the canonical graph."
utaa-pua,elsta,profile_mention,公開プロフィール・概要・固定ポストの文本から @えるスタ への言及として推定（自動）。,https://x.com/utaa_pua,0.4,interpretation,True,"Generated review candidate consolidated from summary, profile_text via mention match 'えるスタ'. This is review-only and not part of the canonical graph."
utaa-pua,omamco-pua2,profile_mention,公開プロフィール・概要・固定ポストの文本から @える への言及として推定（自動）。,https://x.com/utaa_pua,0.4,interpretation,True,"Generated review candidate consolidated from summary, profile_text via mention match 'える'. This is review-only and not part of the canonical graph."
utopua2,elsta,profile_mention,公開プロフィール・概要・固定ポストの文本から @えるスタ への言及として推定（自動）。,https://x.com/utopua2,0.4,interpretation,True,"Generated review candidate consolidated from summary, profile_text via mention match 'えるスタ'. This is review-only and not part of the canonical graph."
utopua2,omamco-pua2,profile_mention,公開プロフィール・概要・固定ポストの文本から @える への言及として推定（自動）。,https://x.com/utopua2,0.4,interpretation,True,"Generated review candidate consolidated from summary, profile_text via mention match 'える'. This is review-only and not part of the canonical graph."
vegeta-street,rockpua-sub,profile_mention,公開プロフィール・概要・固定ポストの文本から @リー への言及として推定（自動）。,https://x.com/vegeta_street_ | https://note.com/vpua,0.4,interpretation,True,"Generated review candidate consolidated from summary, profile_text via mention match 'リー'. This is review-only and not part of the canonical graph."
weekly-nanpa,kira-pua7,profile_mention,公開プロフィール・概要・固定ポストの文本から @キラ への言及として推定（自動）。,https://x.com/weekly_nanpa | https://note.com/nantech,0.4,interpretation,True,"Generated review candidate consolidated from summary, profile_text via mention match 'キラ'. This is review-only and not part of the canonical graph."
west-pua,pochama-tuwaou,profile_mention,公開プロフィール・概要・固定ポストの文本から @ポチャマ への言及として推定（自動）。,https://x.com/west_pua,0.4,interpretation,True,"Generated review candidate consolidated from summary, profile_text via mention match 'ポチャマ'. This is review-only and not part of the canonical graph."
whity-dogging-pua,ssb,profile_mention,公開プロフィール・概要・固定ポストの文本から @SSB への言及として推定（自動）。,https://x.com/WhityDoggingPUA,0.4,interpretation,True,"Generated review candidate consolidated from summary, profile_text via mention match 'SSB, ssb, @SSB, @ssb'. This is review-only and not part of the canonical graph."
xcandee,elsta,profile_mention,公開プロフィール・概要・固定ポストの文本から @えるスタ への言及として推定（自動）。,https://x.com/_xCandee | https://lin.ee/xnKdLzN,0.4,interpretation,True,"Generated review candidate consolidated from summary, profile_text via mention match 'えるスタ'. This is review-only and not part of the canonical graph."
xcandee,omamco-pua2,profile_mention,公開プロフィール・概要・固定ポストの文本から @える への言及として推定（自動）。,https://x.com/_xCandee | https://lin.ee/xnKdLzN,0.4,interpretation,True,"Generated review candidate consolidated from summary, profile_text via mention match 'える'. This is review-only and not part of the canonical graph."
yato-mote,osaka,activity,公開プロフィール等の文本に活動地域・フィールドとして「大阪」の言及があるとして推定（自動）。,https://x.com/yato_mote | http://tk0011blog.com/p/r/abZ55vm5,0.4,interpretation,True,"Generated review candidate consolidated from summary, profile_text via mention match '大阪'. This is review-only and not part of the canonical graph."
yato-mote,tokyo,activity,公開プロフィール等の文本に活動地域・フィールドとして「東京」の言及があるとして推定（自動）。,https://x.com/yato_mote | http://tk0011blog.com/p/r/abZ55vm5,0.4,interpretation,True,"Generated review candidate consolidated from summary, profile_text via mention match '東京'. This is review-only and not part of the canonical graph."
yayaya-zyakudan,pochama-tuwaou,profile_mention,公開プロフィール・概要・固定ポストの文本から @ポチャマ への言及として推定（自動）。,https://x.com/yayaya_zyakudan,0.4,interpretation,True,Generated review candidate consolidated from profile_text via mention match 'ポチャマ'. This is review-only and not part of the canonical graph.
yk-yamate,tokyo,activity,公開プロフィール等の文本に活動地域・フィールドとして「東京」の言及があるとして推定（自動）。,https://x.com/yk_yamate | https://lin.ee/y407OT7,0.4,interpretation,True,"Generated review candidate consolidated from summary, profile_text via mention match '東京'. This is review-only and not part of the canonical graph."
yk-yamate,bangedaisuki,profile_mention,公開プロフィール・概要・固定ポストの文本から @bangedaisuki への言及として推定（自動）。,https://x.com/yk_yamate | https://lin.ee/y407OT7,0.4,interpretation,True,"Generated review candidate consolidated from summary, profile_text via mention match '@bangedaisuki, bangedaisuki'. This is review-only and not part of the canonical graph."
yk-yamate,pua-co,profile_mention,公開プロフィール・概要・固定ポストの文本から @pua_co への言及として推定（自動）。,https://x.com/yk_yamate | https://lin.ee/y407OT7,0.4,interpretation,True,"Generated review candidate consolidated from summary, profile_text via mention match '@pua_co, pua_co'. This is review-only and not part of the canonical graph."
yk-yamate,tokyo-stonan-kai,profile_mention,公開プロフィール・概要・固定ポストの文本から @東京ストナン会 への言及として推定（自動）。,https://x.com/yk_yamate | https://lin.ee/y407OT7,0.4,interpretation,True,"Generated review candidate consolidated from summary, profile_text via mention match '東京ストナン会'. This is review-only and not part of the canonical graph."
yobi-gunn,ssb,profile_mention,公開プロフィール・概要・固定ポストの文本から @SSB への言及として推定（自動）。,https://x.com/yobi_gunn,0.4,interpretation,True,"Generated review candidate consolidated from summary, profile_text via mention match 'SSB, ssb'. This is review-only and not part of the canonical graph."
yolu-pua,yolusub,profile_mention,公開プロフィール・概要・固定ポストの文本から @yolusub への言及として推定（自動）。,https://x.com/yolu_pua,0.4,interpretation,True,"Generated review candidate consolidated from summary, profile_text via mention match '@yolusub, yolusub'. This is review-only and not part of the canonical graph."
yuta-pua,utaa-pua,profile_mention,公開プロフィール・概要・固定ポストの文本から @うた への言及として推定（自動）。,https://x.com/yuta__pua,0.4,interpretation,True,Generated review candidate consolidated from profile_text via mention match 'うた'. This is review-only and not part of the canonical graph.
yuta-pua,yuu-renai,profile_mention,公開プロフィール・概要・固定ポストの文本から @ゆう への言及として推定（自動）。,https://x.com/yuta__pua,0.4,interpretation,True,Generated review candidate consolidated from profile_text via mention match 'ゆう'. This is review-only and not part of the canonical graph.
yutayuta-pua,yuta-pua,profile_mention,公開プロフィール・概要・固定ポストの文本から @yuta_pua への言及として推定（自動）。,https://x.com/yutayuta_pua,0.4,interpretation,True,Generated review candidate consolidated from profile_text via mention match 'yuta_pua'. This is review-only and not part of the canonical graph.
zenitsu-tinder,omamco-pua2,profile_mention,公開プロフィール・概要・固定ポストの文本から @える への言及として推定（自動）。,https://x.com/zenitsu_tinder,0.4,interpretation,True,"Generated review candidate consolidated from summary, profile_text via mention match 'える'. This is review-only and not part of the canonical graph."
zero-n2,matching-apps,activity,公開プロフィール等の文本に活動地域・フィールドとして「マッチングアプリ」の言及があるとして推定（自動）。,https://x.com/zero_N2,0.4,interpretation,True,"Generated review candidate consolidated from summary, profile_text via mention match 'マッチングアプリ'. This is review-only and not part of the canonical graph."
zero-pua,zero-n2,profile_mention,公開プロフィール・概要・固定ポストの文本から @ゼロ への言及として推定（自動）。,https://x.com/zero_pua,0.4,interpretation,True,Generated review candidate consolidated from profile_text via mention match 'ゼロ'. This is review-only and not part of the canonical graph.
zushi-tokyo,tokyo,activity,公開プロフィール等の文本に活動地域・フィールドとして「Tokyo」の言及があるとして推定（自動）。,https://x.com/zushi_tokyo,0.4,interpretation,True,"Generated review candidate consolidated from summary, profile_text via mention match 'Tokyo, tokyo'. This is review-only and not part of the canonical graph."
zushi-tokyo,kyo,profile_mention,公開プロフィール・概要・固定ポストの文本から @kyo への言及として推定（自動）。,https://x.com/zushi_tokyo,0.4,interpretation,True,"Generated review candidate consolidated from summary, profile_text via mention match 'kyo'. This is review-only and not part of the canonical graph."
zushi-tokyo,streetkyo,profile_mention,公開プロフィール・概要・固定ポストの文本から @kyo への言及として推定（自動）。,https://x.com/zushi_tokyo,0.4,interpretation,True,"Generated review candidate consolidated from summary, profile_text via mention match 'kyo'. This is review-only and not part of the canonical graph."
recoa-nanpa,mbh-hal,affiliation,キーワードクラスタ「MBH」に属し、共通のつながりが 1 件あるため同クラスタ関係として推定（自動）。,,0.32,interpretation,True,Keyword cluster 'MBH' auto-edge. Shared neighbors: 1.
recoa-nanpa,maruoooon-pua,affiliation,キーワードクラスタ「MBH」に属し、共通のつながりが 1 件あるため同クラスタ関係として推定（自動）。,,0.32,interpretation,True,Keyword cluster 'MBH' auto-edge. Shared neighbors: 1.
recoa-nanpa,gureran-m3,affiliation,キーワードクラスタ「MBH」に属し、共通のつながりが 1 件あるため同クラスタ関係として推定（自動）。,,0.32,interpretation,True,Keyword cluster 'MBH' auto-edge. Shared neighbors: 1.
mbh-hal,maruoooon-pua,affiliation,キーワードクラスタ「MBH」に属し、共通のつながりが 1 件あるため同クラスタ関係として推定（自動）。,,0.32,interpretation,True,Keyword cluster 'MBH' auto-edge. Shared neighbors: 1.
mbh-hal,gureran-m3,affiliation,キーワードクラスタ「MBH」に属し、共通のつながりが 1 件あるため同クラスタ関係として推定（自動）。,,0.32,interpretation,True,Keyword cluster 'MBH' auto-edge. Shared neighbors: 1.
maruoooon-pua,gureran-m3,affiliation,キーワードクラスタ「MBH」に属し、共通のつながりが 1 件あるため同クラスタ関係として推定（自動）。,,0.32,interpretation,True,Keyword cluster 'MBH' auto-edge. Shared neighbors: 1.
pika-stochi,nanpa-zin,affiliation,キーワードクラスタ「ピカ講習 / ピカ外見コンサル」に属し、共通のつながりが 1 件あるため同クラスタ関係として推定（自動）。,,0.32,interpretation,True,Keyword cluster 'ピカ講習 / ピカ外見コンサル' auto-edge. Shared neighbors: 1.
pika-stochi,speedstarsora,affiliation,キーワードクラスタ「ピカ講習 / ピカ外見コンサル」に属し、共通のつながりが 1 件あるため同クラスタ関係として推定（自動）。,,0.32,interpretation,True,Keyword cluster 'ピカ講習 / ピカ外見コンサル' auto-edge. Shared neighbors: 1.
nanpa-zin,speedstarsora,affiliation,キーワードクラスタ「ピカ講習 / ピカ外見コンサル」に属し、共通のつながりが 1 件あるため同クラスタ関係として推定（自動）。,,0.32,interpretation,True,Keyword cluster 'ピカ講習 / ピカ外見コンサル' auto-edge. Shared neighbors: 1.
kibaaaana,street-fami,affiliation,キーワードクラスタ「mスト部」に属し、共通のつながりが 1 件あるため同クラスタ関係として推定（自動）。,,0.32,interpretation,True,Keyword cluster 'mスト部' auto-edge. Shared neighbors: 1.
kibaaaana,streets-bach,affiliation,キーワードクラスタ「mスト部」に属し、共通のつながりが 1 件あるため同クラスタ関係として推定（自動）。,,0.32,interpretation,True,Keyword cluster 'mスト部' auto-edge. Shared neighbors: 1.
kibaaaana,bach-sokuhou,affiliation,キーワードクラスタ「mスト部」に属し、共通のつながりが 1 件あるため同クラスタ関係として推定（自動）。,,0.32,interpretation,True,Keyword cluster 'mスト部' auto-edge. Shared neighbors: 1.
street-fami,streets-bach,affiliation,キーワードクラスタ「mスト部」に属し、共通のつながりが 1 件あるため同クラスタ関係として推定（自動）。,,0.32,interpretation,True,Keyword cluster 'mスト部' auto-edge. Shared neighbors: 1.
street-fami,bach-sokuhou,affiliation,キーワードクラスタ「mスト部」に属し、共通のつながりが 1 件あるため同クラスタ関係として推定（自動）。,,0.32,interpretation,True,Keyword cluster 'mスト部' auto-edge. Shared neighbors: 1.
futaro-pua,kazu-pua,affiliation,キーワードクラスタ「wing長期」に属し、共通のつながりが 1 件あるため同クラスタ関係として推定（自動）。,,0.32,interpretation,True,Keyword cluster 'wing長期' auto-edge. Shared neighbors: 1.
wing-nampa,yuta-pua,affiliation,キーワードクラスタ「アツスト」に属し、共通のつながりが 1 件あるため同クラスタ関係として推定（自動）。,,0.32,interpretation,True,Keyword cluster 'アツスト' auto-edge. Shared neighbors: 1.
yutayuta-pua,kazu-pua,affiliation,キーワードクラスタ「アツスト」に属し、共通のつながりが 1 件あるため同クラスタ関係として推定（自動）。,,0.32,interpretation,True,Keyword cluster 'アツスト' auto-edge. Shared neighbors: 1.
chamuranaoto,yk-yamate,affiliation,キーワードクラスタ「東京ストナン会」に属し、共通のつながりが 1 件あるため同クラスタ関係として推定（自動）。,,0.32,interpretation,True,Keyword cluster '東京ストナン会' auto-edge. Shared neighbors: 1.
netonan99,goda-pua,affiliation,キーワードクラスタ「えるスタ」に属し、共通のつながりが 1 件あるため同クラスタ関係として推定（自動）。,,0.32,interpretation,True,Keyword cluster 'えるスタ' auto-edge. Shared neighbors: 1.
netonan99,xcandee,affiliation,キーワードクラスタ「えるスタ」に属し、共通のつながりが 1 件あるため同クラスタ関係として推定（自動）。,,0.32,interpretation,True,Keyword cluster 'えるスタ' auto-edge. Shared neighbors: 1.
netonan99,utopua2,affiliation,キーワードクラスタ「えるスタ」に属し、共通のつながりが 1 件あるため同クラスタ関係として推定（自動）。,,0.32,interpretation,True,Keyword cluster 'えるスタ' auto-edge. Shared neighbors: 1.
netonan99,seiyoku-genkai,affiliation,キーワードクラスタ「えるスタ」に属し、共通のつながりが 1 件あるため同クラスタ関係として推定（自動）。,,0.32,interpretation,True,Keyword cluster 'えるスタ' auto-edge. Shared neighbors: 1.
netonan99,resunnme,affiliation,キーワードクラスタ「えるスタ」に属し、共通のつながりが 1 件あるため同クラスタ関係として推定（自動）。,,0.32,interpretation,True,Keyword cluster 'えるスタ' auto-edge. Shared neighbors: 1.
netonan99,utaa-pua,affiliation,キーワードクラスタ「えるスタ」に属し、共通のつながりが 1 件あるため同クラスタ関係として推定（自動）。,,0.32,interpretation,True,Keyword cluster 'えるスタ' auto-edge. Shared neighbors: 1.
goda-pua,xcandee,affiliation,キーワードクラスタ「えるスタ」に属し、共通のつながりが 1 件あるため同クラスタ関係として推定（自動）。,,0.32,interpretation,True,Keyword cluster 'えるスタ' auto-edge. Shared neighbors: 1.
goda-pua,utopua2,affiliation,キーワードクラスタ「えるスタ」に属し、共通のつながりが 1 件あるため同クラスタ関係として推定（自動）。,,0.32,interpretation,True,Keyword cluster 'えるスタ' auto-edge. Shared neighbors: 1.
goda-pua,seiyoku-genkai,affiliation,キーワードクラスタ「えるスタ」に属し、共通のつながりが 1 件あるため同クラスタ関係として推定（自動）。,,0.32,interpretation,True,Keyword cluster 'えるスタ' auto-edge. Shared neighbors: 1.
goda-pua,resunnme,affiliation,キーワードクラスタ「えるスタ」に属し、共通のつながりが 1 件あるため同クラスタ関係として推定（自動）。,,0.32,interpretation,True,Keyword cluster 'えるスタ' auto-edge. Shared neighbors: 1.
goda-pua,utaa-pua,affiliation,キーワードクラスタ「えるスタ」に属し、共通のつながりが 1 件あるため同クラスタ関係として推定（自動）。,,0.32,interpretation,True,Keyword cluster 'えるスタ' auto-edge. Shared neighbors: 1.
xcandee,utopua2,affiliation,キーワードクラスタ「えるスタ」に属し、共通のつながりが 1 件あるため同クラスタ関係として推定（自動）。,,0.32,interpretation,True,Keyword cluster 'えるスタ' auto-edge. Shared neighbors: 1.
xcandee,seiyoku-genkai,affiliation,キーワードクラスタ「えるスタ」に属し、共通のつながりが 1 件あるため同クラスタ関係として推定（自動）。,,0.32,interpretation,True,Keyword cluster 'えるスタ' auto-edge. Shared neighbors: 1.
xcandee,resunnme,affiliation,キーワードクラスタ「えるスタ」に属し、共通のつながりが 1 件あるため同クラスタ関係として推定（自動）。,,0.32,interpretation,True,Keyword cluster 'えるスタ' auto-edge. Shared neighbors: 1.
xcandee,utaa-pua,affiliation,キーワードクラスタ「えるスタ」に属し、共通のつながりが 1 件あるため同クラスタ関係として推定（自動）。,,0.32,interpretation,True,Keyword cluster 'えるスタ' auto-edge. Shared neighbors: 1.
utopua2,seiyoku-genkai,affiliation,キーワードクラスタ「えるスタ」に属し、共通のつながりが 1 件あるため同クラスタ関係として推定（自動）。,,0.32,interpretation,True,Keyword cluster 'えるスタ' auto-edge. Shared neighbors: 1.
utopua2,resunnme,affiliation,キーワードクラスタ「えるスタ」に属し、共通のつながりが 1 件あるため同クラスタ関係として推定（自動）。,,0.32,interpretation,True,Keyword cluster 'えるスタ' auto-edge. Shared neighbors: 1.
utopua2,utaa-pua,affiliation,キーワードクラスタ「えるスタ」に属し、共通のつながりが 1 件あるため同クラスタ関係として推定（自動）。,,0.32,interpretation,True,Keyword cluster 'えるスタ' auto-edge. Shared neighbors: 1.
seiyoku-genkai,resunnme,affiliation,キーワードクラスタ「えるスタ」に属し、共通のつながりが 1 件あるため同クラスタ関係として推定（自動）。,,0.32,interpretation,True,Keyword cluster 'えるスタ' auto-edge. Shared neighbors: 1.
seiyoku-genkai,utaa-pua,affiliation,キーワードクラスタ「えるスタ」に属し、共通のつながりが 1 件あるため同クラスタ関係として推定（自動）。,,0.32,interpretation,True,Keyword cluster 'えるスタ' auto-edge. Shared neighbors: 1.
resunnme,utaa-pua,affiliation,キーワードクラスタ「えるスタ」に属し、共通のつながりが 1 件あるため同クラスタ関係として推定（自動）。,,0.32,interpretation,True,Keyword cluster 'えるスタ' auto-edge. Shared neighbors: 1.
clark-pua,shunon-street,affiliation,キーワードクラスタ「ジュルマ一門」に属し、共通のつながりが 1 件あるため同クラスタ関係として推定（自動）。,,0.32,interpretation,True,Keyword cluster 'ジュルマ一門' auto-edge. Shared neighbors: 1.
chiroru-pua-main,kazunanpa,affiliation,キーワードクラスタ「ゆってぃ」に属し、共通のつながりが 1 件あるため同クラスタ関係として推定（自動）。,,0.32,interpretation,True,Keyword cluster 'ゆってぃ' auto-edge. Shared neighbors: 1.
chiroru-pua-main,konkatsu-nanpa,affiliation,キーワードクラスタ「ゆってぃ」に属し、共通のつながりが 1 件あるため同クラスタ関係として推定（自動）。,,0.32,interpretation,True,Keyword cluster 'ゆってぃ' auto-edge. Shared neighbors: 1.
chiroru-pua-main,reborn-pua,affiliation,キーワードクラスタ「ゆってぃ」に属し、共通のつながりが 1 件あるため同クラスタ関係として推定（自動）。,,0.32,interpretation,True,Keyword cluster 'ゆってぃ' auto-edge. Shared neighbors: 1.
chiroru-pua-main,nanpanyan4545,affiliation,キーワードクラスタ「ゆってぃ」に属し、共通のつながりが 1 件あるため同クラスタ関係として推定（自動）。,,0.32,interpretation,True,Keyword cluster 'ゆってぃ' auto-edge. Shared neighbors: 1.
chiroru-pua-main,asahilove77,affiliation,キーワードクラスタ「ゆってぃ」に属し、共通のつながりが 1 件あるため同クラスタ関係として推定（自動）。,,0.32,interpretation,True,Keyword cluster 'ゆってぃ' auto-edge. Shared neighbors: 1.
chiroru-pua-main,nagi-nanpa0922,affiliation,キーワードクラスタ「ゆってぃ」に属し、共通のつながりが 1 件あるため同クラスタ関係として推定（自動）。,,0.32,interpretation,True,Keyword cluster 'ゆってぃ' auto-edge. Shared neighbors: 1.
chiroru-pua-main,doraemon-pua,affiliation,キーワードクラスタ「ゆってぃ」に属し、共通のつながりが 2 件あるため同クラスタ関係として推定（自動）。,,0.32,interpretation,True,Keyword cluster 'ゆってぃ' auto-edge. Shared neighbors: 2.
kazunanpa,konkatsu-nanpa,affiliation,キーワードクラスタ「ゆってぃ」に属し、共通のつながりが 1 件あるため同クラスタ関係として推定（自動）。,,0.32,interpretation,True,Keyword cluster 'ゆってぃ' auto-edge. Shared neighbors: 1.
kazunanpa,reborn-pua,affiliation,キーワードクラスタ「ゆってぃ」に属し、共通のつながりが 1 件あるため同クラスタ関係として推定（自動）。,,0.32,interpretation,True,Keyword cluster 'ゆってぃ' auto-edge. Shared neighbors: 1.
kazunanpa,nanpanyan4545,affiliation,キーワードクラスタ「ゆってぃ」に属し、共通のつながりが 1 件あるため同クラスタ関係として推定（自動）。,,0.32,interpretation,True,Keyword cluster 'ゆってぃ' auto-edge. Shared neighbors: 1.
kazunanpa,asahilove77,affiliation,キーワードクラスタ「ゆってぃ」に属し、共通のつながりが 1 件あるため同クラスタ関係として推定（自動）。,,0.32,interpretation,True,Keyword cluster 'ゆってぃ' auto-edge. Shared neighbors: 1.
kazunanpa,nagi-nanpa0922,affiliation,キーワードクラスタ「ゆってぃ」に属し、共通のつながりが 1 件あるため同クラスタ関係として推定（自動）。,,0.32,interpretation,True,Keyword cluster 'ゆってぃ' auto-edge. Shared neighbors: 1.
kazunanpa,doraemon-pua,affiliation,キーワードクラスタ「ゆってぃ」に属し、共通のつながりが 1 件あるため同クラスタ関係として推定（自動）。,,0.32,interpretation,True,Keyword cluster 'ゆってぃ' auto-edge. Shared neighbors: 1.
konkatsu-nanpa,reborn-pua,affiliation,キーワードクラスタ「ゆってぃ」に属し、共通のつながりが 1 件あるため同クラスタ関係として推定（自動）。,,0.32,interpretation,True,Keyword cluster 'ゆってぃ' auto-edge. Shared neighbors: 1.
konkatsu-nanpa,nanpanyan4545,affiliation,キーワードクラスタ「ゆってぃ」に属し、共通のつながりが 1 件あるため同クラスタ関係として推定（自動）。,,0.32,interpretation,True,Keyword cluster 'ゆってぃ' auto-edge. Shared neighbors: 1.
konkatsu-nanpa,asahilove77,affiliation,キーワードクラスタ「ゆってぃ」に属し、共通のつながりが 1 件あるため同クラスタ関係として推定（自動）。,,0.32,interpretation,True,Keyword cluster 'ゆってぃ' auto-edge. Shared neighbors: 1.
konkatsu-nanpa,nagi-nanpa0922,affiliation,キーワードクラスタ「ゆってぃ」に属し、共通のつながりが 1 件あるため同クラスタ関係として推定（自動）。,,0.32,interpretation,True,Keyword cluster 'ゆってぃ' auto-edge. Shared neighbors: 1.
konkatsu-nanpa,doraemon-pua,affiliation,キーワードクラスタ「ゆってぃ」に属し、共通のつながりが 1 件あるため同クラスタ関係として推定（自動）。,,0.32,interpretation,True,Keyword cluster 'ゆってぃ' auto-edge. Shared neighbors: 1.
reborn-pua,nanpanyan4545,affiliation,キーワードクラスタ「ゆってぃ」に属し、共通のつながりが 1 件あるため同クラスタ関係として推定（自動）。,,0.32,interpretation,True,Keyword cluster 'ゆってぃ' auto-edge. Shared neighbors: 1.
reborn-pua,asahilove77,affiliation,キーワードクラスタ「ゆってぃ」に属し、共通のつながりが 1 件あるため同クラスタ関係として推定（自動）。,,0.32,interpretation,True,Keyword cluster 'ゆってぃ' auto-edge. Shared neighbors: 1.
reborn-pua,nagi-nanpa0922,affiliation,キーワードクラスタ「ゆってぃ」に属し、共通のつながりが 1 件あるため同クラスタ関係として推定（自動）。,,0.32,interpretation,True,Keyword cluster 'ゆってぃ' auto-edge. Shared neighbors: 1.
reborn-pua,doraemon-pua,affiliation,キーワードクラスタ「ゆってぃ」に属し、共通のつながりが 1 件あるため同クラスタ関係として推定（自動）。,,0.32,interpretation,True,Keyword cluster 'ゆってぃ' auto-edge. Shared neighbors: 1.
nanpanyan4545,asahilove77,affiliation,キーワードクラスタ「ゆってぃ」に属し、共通のつながりが 1 件あるため同クラスタ関係として推定（自動）。,,0.32,interpretation,True,Keyword cluster 'ゆってぃ' auto-edge. Shared neighbors: 1.
nanpanyan4545,nagi-nanpa0922,affiliation,キーワードクラスタ「ゆってぃ」に属し、共通のつながりが 1 件あるため同クラスタ関係として推定（自動）。,,0.32,interpretation,True,Keyword cluster 'ゆってぃ' auto-edge. Shared neighbors: 1.
nanpanyan4545,doraemon-pua,affiliation,キーワードクラスタ「ゆってぃ」に属し、共通のつながりが 1 件あるため同クラスタ関係として推定（自動）。,,0.32,interpretation,True,Keyword cluster 'ゆってぃ' auto-edge. Shared neighbors: 1.
asahilove77,nagi-nanpa0922,affiliation,キーワードクラスタ「ゆってぃ」に属し、共通のつながりが 1 件あるため同クラスタ関係として推定（自動）。,,0.32,interpretation,True,Keyword cluster 'ゆってぃ' auto-edge. Shared neighbors: 1.
asahilove77,doraemon-pua,affiliation,キーワードクラスタ「ゆってぃ」に属し、共通のつながりが 1 件あるため同クラスタ関係として推定（自動）。,,0.32,interpretation,True,Keyword cluster 'ゆってぃ' auto-edge. Shared neighbors: 1.
nagi-nanpa0922,doraemon-pua,affiliation,キーワードクラスタ「ゆってぃ」に属し、共通のつながりが 1 件あるため同クラスタ関係として推定（自動）。,,0.32,interpretation,True,Keyword cluster 'ゆってぃ' auto-edge. Shared neighbors: 1.
futaro-pua,kazu-pua,affiliation,キーワードクラスタ「wing」に属し、共通のつながりが 1 件あるため同クラスタ関係として推定（自動）。,,0.32,interpretation,True,Keyword cluster 'wing' auto-edge. Shared neighbors: 1.
sub-kurita,gokun-pua,affiliation,キーワードクラスタ「栗田」に属し、共通のつながりが 1 件あるため同クラスタ関係として推定（自動）。,,0.32,interpretation,True,Keyword cluster '栗田' auto-edge. Shared neighbors: 1.
sub-kurita,nandeyanen-pua,affiliation,キーワードクラスタ「栗田」に属し、共通のつながりが 1 件あるため同クラスタ関係として推定（自動）。,,0.32,interpretation,True,Keyword cluster '栗田' auto-edge. Shared neighbors: 1.
gokun-pua,nandeyanen-pua,affiliation,キーワードクラスタ「栗田」に属し、共通のつながりが 3 件あるため同クラスタ関係として推定（自動）。,,0.32,interpretation,True,Keyword cluster '栗田' auto-edge. Shared neighbors: 3.
korilla-pua,ururunpua,affiliation,キーワードクラスタ「こりらm氏講習」に属し、共通のつながりが 1 件あるため同クラスタ関係として推定（自動）。,,0.32,interpretation,True,Keyword cluster 'こりらm氏講習' auto-edge. Shared neighbors: 1.
shinkawa-pua,ururunpua,affiliation,キーワードクラスタ「こりらm氏講習」に属し、共通のつながりが 1 件あるため同クラスタ関係として推定（自動）。,,0.32,interpretation,True,Keyword cluster 'こりらm氏講習' auto-edge. Shared neighbors: 1.
kibaaaana,street-fami,affiliation,キーワードクラスタ「のんちゃま」に属し、共通のつながりが 1 件あるため同クラスタ関係として推定（自動）。,,0.32,interpretation,True,Keyword cluster 'のんちゃま' auto-edge. Shared neighbors: 1.
kibaaaana,street-win-pua,affiliation,キーワードクラスタ「のんちゃま」に属し、共通のつながりが 1 件あるため同クラスタ関係として推定（自動）。,,0.32,interpretation,True,Keyword cluster 'のんちゃま' auto-edge. Shared neighbors: 1.
kibaaaana,chiroru-pua-main,affiliation,キーワードクラスタ「のんちゃま」に属し、共通のつながりが 1 件あるため同クラスタ関係として推定（自動）。,,0.32,interpretation,True,Keyword cluster 'のんちゃま' auto-edge. Shared neighbors: 1.
kibaaaana,streets-bach,affiliation,キーワードクラスタ「のんちゃま」に属し、共通のつながりが 1 件あるため同クラスタ関係として推定（自動）。,,0.32,interpretation,True,Keyword cluster 'のんちゃま' auto-edge. Shared neighbors: 1.
kibaaaana,bach-sokuhou,affiliation,キーワードクラスタ「のんちゃま」に属し、共通のつながりが 1 件あるため同クラスタ関係として推定（自動）。,,0.32,interpretation,True,Keyword cluster 'のんちゃま' auto-edge. Shared neighbors: 1.
kibaaaana,doraemon-pua,affiliation,キーワードクラスタ「のんちゃま」に属し、共通のつながりが 1 件あるため同クラスタ関係として推定（自動）。,,0.32,interpretation,True,Keyword cluster 'のんちゃま' auto-edge. Shared neighbors: 1.
street-fami,street-win-pua,affiliation,キーワードクラスタ「のんちゃま」に属し、共通のつながりが 1 件あるため同クラスタ関係として推定（自動）。,,0.32,interpretation,True,Keyword cluster 'のんちゃま' auto-edge. Shared neighbors: 1.
street-fami,chiroru-pua-main,affiliation,キーワードクラスタ「のんちゃま」に属し、共通のつながりが 1 件あるため同クラスタ関係として推定（自動）。,,0.32,interpretation,True,Keyword cluster 'のんちゃま' auto-edge. Shared neighbors: 1.
street-fami,streets-bach,affiliation,キーワードクラスタ「のんちゃま」に属し、共通のつながりが 1 件あるため同クラスタ関係として推定（自動）。,,0.32,interpretation,True,Keyword cluster 'のんちゃま' auto-edge. Shared neighbors: 1.
street-fami,bach-sokuhou,affiliation,キーワードクラスタ「のんちゃま」に属し、共通のつながりが 1 件あるため同クラスタ関係として推定（自動）。,,0.32,interpretation,True,Keyword cluster 'のんちゃま' auto-edge. Shared neighbors: 1.
street-fami,doraemon-pua,affiliation,キーワードクラスタ「のんちゃま」に属し、共通のつながりが 1 件あるため同クラスタ関係として推定（自動）。,,0.32,interpretation,True,Keyword cluster 'のんちゃま' auto-edge. Shared neighbors: 1.
street-win-pua,chiroru-pua-main,affiliation,キーワードクラスタ「のんちゃま」に属し、共通のつながりが 1 件あるため同クラスタ関係として推定（自動）。,,0.32,interpretation,True,Keyword cluster 'のんちゃま' auto-edge. Shared neighbors: 1.
street-win-pua,streets-bach,affiliation,キーワードクラスタ「のんちゃま」に属し、共通のつながりが 1 件あるため同クラスタ関係として推定（自動）。,,0.32,interpretation,True,Keyword cluster 'のんちゃま' auto-edge. Shared neighbors: 1.
street-win-pua,bach-sokuhou,affiliation,キーワードクラスタ「のんちゃま」に属し、共通のつながりが 1 件あるため同クラスタ関係として推定（自動）。,,0.32,interpretation,True,Keyword cluster 'のんちゃま' auto-edge. Shared neighbors: 1.
street-win-pua,doraemon-pua,affiliation,キーワードクラスタ「のんちゃま」に属し、共通のつながりが 1 件あるため同クラスタ関係として推定（自動）。,,0.32,interpretation,True,Keyword cluster 'のんちゃま' auto-edge. Shared neighbors: 1.
chiroru-pua-main,streets-bach,affiliation,キーワードクラスタ「のんちゃま」に属し、共通のつながりが 1 件あるため同クラスタ関係として推定（自動）。,,0.32,interpretation,True,Keyword cluster 'のんちゃま' auto-edge. Shared neighbors: 1.
chiroru-pua-main,bach-sokuhou,affiliation,キーワードクラスタ「のんちゃま」に属し、共通のつながりが 1 件あるため同クラスタ関係として推定（自動）。,,0.32,interpretation,True,Keyword cluster 'のんちゃま' auto-edge. Shared neighbors: 1.
chiroru-pua-main,doraemon-pua,affiliation,キーワードクラスタ「のんちゃま」に属し、共通のつながりが 2 件あるため同クラスタ関係として推定（自動）。,,0.32,interpretation,True,Keyword cluster 'のんちゃま' auto-edge. Shared neighbors: 2.
streets-bach,doraemon-pua,affiliation,キーワードクラスタ「のんちゃま」に属し、共通のつながりが 1 件あるため同クラスタ関係として推定（自動）。,,0.32,interpretation,True,Keyword cluster 'のんちゃま' auto-edge. Shared neighbors: 1.
bach-sokuhou,doraemon-pua,affiliation,キーワードクラスタ「のんちゃま」に属し、共通のつながりが 1 件あるため同クラスタ関係として推定（自動）。,,0.32,interpretation,True,Keyword cluster 'のんちゃま' auto-edge. Shared neighbors: 1.
yayaya-zyakudan,west-pua,affiliation,キーワードクラスタ「ポチャマ」に属し、共通のつながりが 1 件あるため同クラスタ関係として推定（自動）。,,0.32,interpretation,True,Keyword cluster 'ポチャマ' auto-edge. Shared neighbors: 1.
yayaya-zyakudan,marifax-pua,affiliation,キーワードクラスタ「ポチャマ」に属し、共通のつながりが 1 件あるため同クラスタ関係として推定（自動）。,,0.32,interpretation,True,Keyword cluster 'ポチャマ' auto-edge. Shared neighbors: 1.
yayaya-zyakudan,pochama-izon,affiliation,キーワードクラスタ「ポチャマ」に属し、共通のつながりが 1 件あるため同クラスタ関係として推定（自動）。,,0.32,interpretation,True,Keyword cluster 'ポチャマ' auto-edge. Shared neighbors: 1.
west-pua,marifax-pua,affiliation,キーワードクラスタ「ポチャマ」に属し、共通のつながりが 1 件あるため同クラスタ関係として推定（自動）。,,0.32,interpretation,True,Keyword cluster 'ポチャマ' auto-edge. Shared neighbors: 1.
west-pua,pochama-izon,affiliation,キーワードクラスタ「ポチャマ」に属し、共通のつながりが 1 件あるため同クラスタ関係として推定（自動）。,,0.32,interpretation,True,Keyword cluster 'ポチャマ' auto-edge. Shared neighbors: 1.
marifax-pua,pochama-izon,affiliation,キーワードクラスタ「ポチャマ」に属し、共通のつながりが 1 件あるため同クラスタ関係として推定（自動）。,,0.32,interpretation,True,Keyword cluster 'ポチャマ' auto-edge. Shared neighbors: 1.
syu-puanet,bird-pua,affiliation,キーワードクラスタ「帝都」に属し、共通のつながりが 1 件あるため同クラスタ関係として推定（自動）。,,0.32,interpretation,True,Keyword cluster '帝都' auto-edge. Shared neighbors: 1.
chiroru-pua-main,rockpua-sub,affiliation,キーワードクラスタ「帝都」に属し、共通のつながりが 1 件あるため同クラスタ関係として推定（自動）。,,0.32,interpretation,True,Keyword cluster '帝都' auto-edge. Shared neighbors: 1.
suto-taro,onizuka-pua,affiliation,キーワードクラスタ「黒崎コンサル」に属し、共通のつながりが 1 件あるため同クラスタ関係として推定（自動）。,,0.32,interpretation,True,Keyword cluster '黒崎コンサル' auto-edge. Shared neighbors: 1.
kibaaaana,street-fami,affiliation,キーワードクラスタ「味噌」に属し、共通のつながりが 1 件あるため同クラスタ関係として推定（自動）。,,0.32,interpretation,True,Keyword cluster '味噌' auto-edge. Shared neighbors: 1.
kibaaaana,chiroru-pua-main,affiliation,キーワードクラスタ「味噌」に属し、共通のつながりが 1 件あるため同クラスタ関係として推定（自動）。,,0.32,interpretation,True,Keyword cluster '味噌' auto-edge. Shared neighbors: 1.
kibaaaana,streets-bach,affiliation,キーワードクラスタ「味噌」に属し、共通のつながりが 1 件あるため同クラスタ関係として推定（自動）。,,0.32,interpretation,True,Keyword cluster '味噌' auto-edge. Shared neighbors: 1.
kibaaaana,bach-sokuhou,affiliation,キーワードクラスタ「味噌」に属し、共通のつながりが 1 件あるため同クラスタ関係として推定（自動）。,,0.32,interpretation,True,Keyword cluster '味噌' auto-edge. Shared neighbors: 1.
kibaaaana,doraemon-pua,affiliation,キーワードクラスタ「味噌」に属し、共通のつながりが 1 件あるため同クラスタ関係として推定（自動）。,,0.32,interpretation,True,Keyword cluster '味噌' auto-edge. Shared neighbors: 1.
street-fami,chiroru-pua-main,affiliation,キーワードクラスタ「味噌」に属し、共通のつながりが 1 件あるため同クラスタ関係として推定（自動）。,,0.32,interpretation,True,Keyword cluster '味噌' auto-edge. Shared neighbors: 1.
street-fami,streets-bach,affiliation,キーワードクラスタ「味噌」に属し、共通のつながりが 1 件あるため同クラスタ関係として推定（自動）。,,0.32,interpretation,True,Keyword cluster '味噌' auto-edge. Shared neighbors: 1.
street-fami,bach-sokuhou,affiliation,キーワードクラスタ「味噌」に属し、共通のつながりが 1 件あるため同クラスタ関係として推定（自動）。,,0.32,interpretation,True,Keyword cluster '味噌' auto-edge. Shared neighbors: 1.
street-fami,anus-asterisk,affiliation,キーワードクラスタ「味噌」に属し、共通のつながりが 1 件あるため同クラスタ関係として推定（自動）。,,0.32,interpretation,True,Keyword cluster '味噌' auto-edge. Shared neighbors: 1.
street-fami,doraemon-pua,affiliation,キーワードクラスタ「味噌」に属し、共通のつながりが 1 件あるため同クラスタ関係として推定（自動）。,,0.32,interpretation,True,Keyword cluster '味噌' auto-edge. Shared neighbors: 1.
chiroru-pua-main,streets-bach,affiliation,キーワードクラスタ「味噌」に属し、共通のつながりが 1 件あるため同クラスタ関係として推定（自動）。,,0.32,interpretation,True,Keyword cluster '味噌' auto-edge. Shared neighbors: 1.
chiroru-pua-main,bach-sokuhou,affiliation,キーワードクラスタ「味噌」に属し、共通のつながりが 1 件あるため同クラスタ関係として推定（自動）。,,0.32,interpretation,True,Keyword cluster '味噌' auto-edge. Shared neighbors: 1.
chiroru-pua-main,nanpanyan4545,affiliation,キーワードクラスタ「味噌」に属し、共通のつながりが 1 件あるため同クラスタ関係として推定（自動）。,,0.32,interpretation,True,Keyword cluster '味噌' auto-edge. Shared neighbors: 1.
chiroru-pua-main,doraemon-pua,affiliation,キーワードクラスタ「味噌」に属し、共通のつながりが 2 件あるため同クラスタ関係として推定（自動）。,,0.32,interpretation,True,Keyword cluster '味噌' auto-edge. Shared neighbors: 2.
streets-bach,doraemon-pua,affiliation,キーワードクラスタ「味噌」に属し、共通のつながりが 1 件あるため同クラスタ関係として推定（自動）。,,0.32,interpretation,True,Keyword cluster '味噌' auto-edge. Shared neighbors: 1.
bach-sokuhou,doraemon-pua,affiliation,キーワードクラスタ「味噌」に属し、共通のつながりが 1 件あるため同クラスタ関係として推定（自動）。,,0.32,interpretation,True,Keyword cluster '味噌' auto-edge. Shared neighbors: 1.
nanpanyan4545,doraemon-pua,affiliation,キーワードクラスタ「味噌」に属し、共通のつながりが 1 件あるため同クラスタ関係として推定（自動）。,,0.32,interpretation,True,Keyword cluster '味噌' auto-edge. Shared neighbors: 1.
pua-kei-mh,doraemon-pua,affiliation,キーワードクラスタ「味噌」に属し、共通のつながりが 1 件あるため同クラスタ関係として推定（自動）。,,0.32,interpretation,True,Keyword cluster '味噌' auto-edge. Shared neighbors: 1.
kuroiwa-45,hanzo-prim,affiliation,キーワードクラスタ「オタク」に属し、共通のつながりが 1 件あるため同クラスタ関係として推定（自動）。,,0.32,interpretation,True,Keyword cluster 'オタク' auto-edge. Shared neighbors: 1.
kuroiwa-45,ayato-691,affiliation,キーワードクラスタ「オタク」に属し、共通のつながりが 1 件あるため同クラスタ関係として推定（自動）。,,0.32,interpretation,True,Keyword cluster 'オタク' auto-edge. Shared neighbors: 1.
hanzo-prim,ayato-691,affiliation,キーワードクラスタ「オタク」に属し、共通のつながりが 1 件あるため同クラスタ関係として推定（自動）。,,0.32,interpretation,True,Keyword cluster 'オタク' auto-edge. Shared neighbors: 1.
yobi-gunn,siofkn-pua,affiliation,キーワードクラスタ「SSB」に属し、共通のつながりが 1 件あるため同クラスタ関係として推定（自動）。,,0.32,interpretation,True,Keyword cluster 'SSB' auto-edge. Shared neighbors: 1.
yobi-gunn,whity-dogging-pua,affiliation,キーワードクラスタ「SSB」に属し、共通のつながりが 1 件あるため同クラスタ関係として推定（自動）。,,0.32,interpretation,True,Keyword cluster 'SSB' auto-edge. Shared neighbors: 1.
yobi-gunn,ugly-pua,affiliation,キーワードクラスタ「SSB」に属し、共通のつながりが 1 件あるため同クラスタ関係として推定（自動）。,,0.32,interpretation,True,Keyword cluster 'SSB' auto-edge. Shared neighbors: 1.
siofkn-pua,whity-dogging-pua,affiliation,キーワードクラスタ「SSB」に属し、共通のつながりが 1 件あるため同クラスタ関係として推定（自動）。,,0.32,interpretation,True,Keyword cluster 'SSB' auto-edge. Shared neighbors: 1.
siofkn-pua,ugly-pua,affiliation,キーワードクラスタ「SSB」に属し、共通のつながりが 1 件あるため同クラスタ関係として推定（自動）。,,0.32,interpretation,True,Keyword cluster 'SSB' auto-edge. Shared neighbors: 1.
whity-dogging-pua,ugly-pua,affiliation,キーワードクラスタ「SSB」に属し、共通のつながりが 1 件あるため同クラスタ関係として推定（自動）。,,0.32,interpretation,True,Keyword cluster 'SSB' auto-edge. Shared neighbors: 1.
gokun-pua,nandeyanen-pua,affiliation,キーワードクラスタ「KRT」に属し、共通のつながりが 3 件あるため同クラスタ関係として推定（自動）。,,0.32,interpretation,True,Keyword cluster 'KRT' auto-edge. Shared neighbors: 3.
soku-worker2,chomechome-pua,affiliation,キーワードクラスタ「東カレ」に属し、共通のつながりが 1 件あるため同クラスタ関係として推定（自動）。,,0.32,interpretation,True,Keyword cluster '東カレ' auto-edge. Shared neighbors: 1.
soku-worker2,shelly4821,affiliation,キーワードクラスタ「東カレ」に属し、共通のつながりが 1 件あるため同クラスタ関係として推定（自動）。,,0.32,interpretation,True,Keyword cluster '東カレ' auto-edge. Shared neighbors: 1.
chomechome-pua,shelly4821,affiliation,キーワードクラスタ「東カレ」に属し、共通のつながりが 1 件あるため同クラスタ関係として推定（自動）。,,0.32,interpretation,True,Keyword cluster '東カレ' auto-edge. Shared neighbors: 1.
chamuranaoto,yk-yamate,affiliation,キーワードクラスタ「ストナン会」に属し、共通のつながりが 1 件あるため同クラスタ関係として推定（自動）。,,0.32,interpretation,True,Keyword cluster 'ストナン会' auto-edge. Shared neighbors: 1.
